"HtmlFile","Attribute","Reference","ResolvedTarget","Exists"
"items\4-75-boxing-brain-red-right-hand-712.html","href","../images/Trampt/4.75%20Boxing%20Brain%20Red%20(Right%20Hand)%20-%20DESIGNER%20TOY.jpeg","D:\github\ron-english-toys\images\Trampt\4.75 Boxing Brain Red (Right Hand) - DESIGNER TOY.jpeg","False"
"items\4-groovy-mc-supersized-skull-164.html","href","../images/Trampt/4%20Groovy%20Mc%20Supersized%20(Skull)%20-%20DESIGNER%20TOY.jpeg","D:\github\ron-english-toys\images\Trampt\4 Groovy Mc Supersized (Skull) - DESIGNER TOY.jpeg","False"
"items\9-boxing-brain-17.html","href","../images/Trampt/9%20Boxing%20Brain%20-%20DESIGNER%20TOY.jpeg","D:\github\ron-english-toys\images\Trampt\9 Boxing Brain - DESIGNER TOY.jpeg","False"
"items\abraham-obama-611.html","href","../images/Trampt/Abraham%20Obama%20-%20ART%20PRINT.jpeg","D:\github\ron-english-toys\images\Trampt\Abraham Obama - ART PRINT.jpeg","False"
"items\abraham-obama-611.html","src","../images/Trampt/Abraham%20Obama%20-%20ART%20PRINT.jpeg","D:\github\ron-english-toys\images\Trampt\Abraham Obama - ART PRINT.jpeg","False"
"items\abraham-obama-black-435.html","href","../images/Trampt/Abraham%20Obama%20-%20Black%20-%20DESIGNER%20TOY.jpeg","D:\github\ron-english-toys\images\Trampt\Abraham Obama - Black - DESIGNER TOY.jpeg","False"
"items\abraham-obama-bronze-703.html","href","../images/Trampt/Abraham%20Obama%20-%20Bronze%20-%20DESIGNER%20TOY.jpeg","D:\github\ron-english-toys\images\Trampt\Abraham Obama - Bronze - DESIGNER TOY.jpeg","False"
"items\abraham-obama-electoral-map-2012-723.html","href","../images/Trampt/Abraham%20Obama%20Electoral%20Map%202012%20-%20ART%20PRINT.jpeg","D:\github\ron-english-toys\images\Trampt\Abraham Obama Electoral Map 2012 - ART PRINT.jpeg","False"
"items\abraham-obama-electoral-map-2012-723.html","src","../images/Trampt/Abraham%20Obama%20Electoral%20Map%202012%20-%20ART%20PRINT.jpeg","D:\github\ron-english-toys\images\Trampt\Abraham Obama Electoral Map 2012 - ART PRINT.jpeg","False"
"items\abraham-obama-white-293.html","href","../images/Trampt/Abraham%20Obama%20-%20White%20-%20DESIGNER%20TOY.jpeg","D:\github\ron-english-toys\images\Trampt\Abraham Obama - White - DESIGNER TOY.jpeg","False"
"items\action-jackson-615.html","href","../images/Trampt/Action%20Jackson%20-%20DESIGNER%20TOY.jpeg","D:\github\ron-english-toys\images\Trampt\Action Jackson - DESIGNER TOY.jpeg","False"
"items\action-jackson-615.html","src","../images/Trampt/Action%20Jackson%20-%20DESIGNER%20TOY.jpeg","D:\github\ron-english-toys\images\Trampt\Action Jackson - DESIGNER TOY.jpeg","False"
"items\alfred-e-newman-skull-300.html","href","../images/Trampt/Alfred%20E.%20Newman%20Skull%20-%20Original%20Art%20-%20Trampt%20item%20300.jpg","D:\github\ron-english-toys\images\Trampt\Alfred E. Newman Skull - Original Art - Trampt item 300.jpg","False"
"items\alfred-e-newman-skull-300.html","src","../images/Trampt/Alfred%20E.%20Newman%20Skull%20-%20Original%20Art%20-%20Trampt%20item%20300.jpg","D:\github\ron-english-toys\images\Trampt\Alfred E. Newman Skull - Original Art - Trampt item 300.jpg","False"
"items\alt-football-584.html","href","../images/Trampt/ALT%20Football%20-%20Original%20Art%20-%20Trampt%20item%20584.jpg","D:\github\ron-english-toys\images\Trampt\ALT Football - Original Art - Trampt item 584.jpg","False"
"items\alt-football-584.html","src","../images/Trampt/ALT%20Football%20-%20Original%20Art%20-%20Trampt%20item%20584.jpg","D:\github\ron-english-toys\images\Trampt\ALT Football - Original Art - Trampt item 584.jpg","False"
"items\astrobrite-lemon-182.html","href","../images/Trampt/Astrobrite%20Lemon%20-%20DESIGNER%20TOY.jpeg","D:\github\ron-english-toys\images\Trampt\Astrobrite Lemon - DESIGNER TOY.jpeg","False"
"items\astro-grin-drawing-675.html","href","../images/Trampt/Astro%20Grin%20(Drawing)%20-%20Original%20Art%20-%20Trampt%20item%20675.jpeg","D:\github\ron-english-toys\images\Trampt\Astro Grin (Drawing) - Original Art - Trampt item 675.jpeg","False"
"items\astro-grin-drawing-675.html","src","../images/Trampt/Astro%20Grin%20(Drawing)%20-%20Original%20Art%20-%20Trampt%20item%20675.jpeg","D:\github\ron-english-toys\images\Trampt\Astro Grin (Drawing) - Original Art - Trampt item 675.jpeg","False"
"items\atomic-orange-charlie-grin-sunflower-nft-1001.html","href","../images/Trampt/Atomic%20Orange%20Charlie%20Grin%20Sunflower%20(%2BNFT)%20-%20DESIGNER%20TOY.gif","D:\github\ron-english-toys\images\Trampt\Atomic Orange Charlie Grin Sunflower (+NFT) - DESIGNER TOY.gif","False"
"items\bad-man-and-sidekick-129.html","href","../images/Trampt/Bad%20Man%20and%20Sidekick%20-%20Original%20Art%20-%20Trampt%20item%20129.jpeg","D:\github\ron-english-toys\images\Trampt\Bad Man and Sidekick - Original Art - Trampt item 129.jpeg","False"
"items\bad-man-and-sidekick-129.html","src","../images/Trampt/Bad%20Man%20and%20Sidekick%20-%20Original%20Art%20-%20Trampt%20item%20129.jpeg","D:\github\ron-english-toys\images\Trampt\Bad Man and Sidekick - Original Art - Trampt item 129.jpeg","False"
"items\bangkok-star-skull-754.html","href","../images/Trampt/Bangkok%20Star%20Skull%20-%20DESIGNER%20TOY.jpeg","D:\github\ron-english-toys\images\Trampt\Bangkok Star Skull - DESIGNER TOY.jpeg","False"
"items\batman-and-the-boy-blunder-badly-drawn-985.html","href","../images/Trampt/Batman%20and%20the%20Boy%20Blunder%20(Badly%20Drawn)%20-%20Original%20Art%20-%20Trampt%20item%20985.jpg","D:\github\ron-english-toys\images\Trampt\Batman and the Boy Blunder (Badly Drawn) - Original Art - Trampt item 985.jpg","False"
"items\batman-and-the-boy-blunder-badly-drawn-985.html","src","../images/Trampt/Batman%20and%20the%20Boy%20Blunder%20(Badly%20Drawn)%20-%20Original%20Art%20-%20Trampt%20item%20985.jpg","D:\github\ron-english-toys\images\Trampt\Batman and the Boy Blunder (Badly Drawn) - Original Art - Trampt item 985.jpg","False"
"items\batman-brain-dream-1054.html","href","../images/Trampt/Batman%20Brain%20Dream%20-%20Original%20Art%20-%20Trampt%20item%201054.jpeg","D:\github\ron-english-toys\images\Trampt\Batman Brain Dream - Original Art - Trampt item 1054.jpeg","False"
"items\batman-brain-dream-1054.html","src","../images/Trampt/Batman%20Brain%20Dream%20-%20Original%20Art%20-%20Trampt%20item%201054.jpeg","D:\github\ron-english-toys\images\Trampt\Batman Brain Dream - Original Art - Trampt item 1054.jpeg","False"
"items\beau-lief-drawing-747.html","href","../images/Trampt/Beau%20Lief%20(Drawing)%20-%20Original%20Art%20-%20Trampt%20item%20747.jpeg","D:\github\ron-english-toys\images\Trampt\Beau Lief (Drawing) - Original Art - Trampt item 747.jpeg","False"
"items\beau-lief-drawing-747.html","src","../images/Trampt/Beau%20Lief%20(Drawing)%20-%20Original%20Art%20-%20Trampt%20item%20747.jpeg","D:\github\ron-english-toys\images\Trampt\Beau Lief (Drawing) - Original Art - Trampt item 747.jpeg","False"
"items\big-boner-biggubona-myth-edition-44.html","href","../images/Trampt/Big%20Boner%20(Biggubona)%20-%20Myth%20Edition%20-%20DESIGNER%20TOY.jpeg","D:\github\ron-english-toys\images\Trampt\Big Boner (Biggubona) - Myth Edition - DESIGNER TOY.jpeg","False"
"items\big-boner-diamond-dust-50.html","href","../images/Trampt/Big%20Boner%20-%20Diamond%20Dust%20-%20DESIGNER%20TOY.jpeg","D:\github\ron-english-toys\images\Trampt\Big Boner - Diamond Dust - DESIGNER TOY.jpeg","False"
"items\big-boner-gid-923.html","href","../images/Trampt/Big%20Boner%20-%20GID%20-%20DESIGNER%20TOY.jpeg","D:\github\ron-english-toys\images\Trampt\Big Boner - GID - DESIGNER TOY.jpeg","False"
"items\big-boner-sketch-406.html","href","../images/Trampt/Big%20Boner%20Sketch%20-%20Original%20Art%20-%20Trampt%20item%20406.jpg","D:\github\ron-english-toys\images\Trampt\Big Boner Sketch - Original Art - Trampt item 406.jpg","False"
"items\big-boner-sketch-406.html","src","../images/Trampt/Big%20Boner%20Sketch%20-%20Original%20Art%20-%20Trampt%20item%20406.jpg","D:\github\ron-english-toys\images\Trampt\Big Boner Sketch - Original Art - Trampt item 406.jpg","False"
"items\big-duck-drawing-759.html","href","../images/Trampt/Big%20Duck%20(Drawing)%20-%20Original%20Art%20-%20Trampt%20item%20759.jpeg","D:\github\ron-english-toys\images\Trampt\Big Duck (Drawing) - Original Art - Trampt item 759.jpeg","False"
"items\big-duck-drawing-759.html","src","../images/Trampt/Big%20Duck%20(Drawing)%20-%20Original%20Art%20-%20Trampt%20item%20759.jpeg","D:\github\ron-english-toys\images\Trampt\Big Duck (Drawing) - Original Art - Trampt item 759.jpeg","False"
"items\big-eye-marilyn-450.html","href","../images/Trampt/Big%20Eye%20Marilyn%20-%20Original%20Art%20-%20Trampt%20item%20450.jpg","D:\github\ron-english-toys\images\Trampt\Big Eye Marilyn - Original Art - Trampt item 450.jpg","False"
"items\big-eye-marilyn-450.html","src","../images/Trampt/Big%20Eye%20Marilyn%20-%20Original%20Art%20-%20Trampt%20item%20450.jpg","D:\github\ron-english-toys\images\Trampt\Big Eye Marilyn - Original Art - Trampt item 450.jpg","False"
"items\big-yang-the-yang-bangers-turnaround-sketch-499.html","href","../images/Trampt/Big%20Yang%20and%20The%20Yang%20Bangers%20Turnaround%20Sketch%20-%20Original%20Art%20-%20Trampt%20item%20499.jpg","D:\github\ron-english-toys\images\Trampt\Big Yang and The Yang Bangers Turnaround Sketch - Original Art - Trampt item 499.jpg","False"
"items\big-yang-the-yang-bangers-turnaround-sketch-499.html","src","../images/Trampt/Big%20Yang%20and%20The%20Yang%20Bangers%20Turnaround%20Sketch%20-%20Original%20Art%20-%20Trampt%20item%20499.jpg","D:\github\ron-english-toys\images\Trampt\Big Yang and The Yang Bangers Turnaround Sketch - Original Art - Trampt item 499.jpg","False"
"items\black-pearl-heart-skull-560.html","href","../images/Trampt/Black%20Pearl%20Heart%20Skull%20-%20DESIGNER%20TOY.jpeg","D:\github\ron-english-toys\images\Trampt\Black Pearl Heart Skull - DESIGNER TOY.jpeg","False"
"items\blue-deadmau5-grin-566.html","href","../images/Trampt/Blue%20Deadmau5%20Grin%20-%20DESIGNER%20TOY.jpeg","D:\github\ron-english-toys\images\Trampt\Blue Deadmau5 Grin - DESIGNER TOY.jpeg","False"
"items\blue-grin-rabbbit-x-tower-records-75.html","href","../images/Trampt/Blue%20Grin%20Rabbbit%20x%20Tower%20Records%20-%20DESIGNER%20TOY.jpeg","D:\github\ron-english-toys\images\Trampt\Blue Grin Rabbbit x Tower Records - DESIGNER TOY.jpeg","False"
"items\blue-ice-shocking-sunflower-ronnie-968.html","href","../images/Trampt/Blue%20Ice%20Shocking%20Sunflower%20(Ronnie)%20-%20DESIGNER%20TOY.jpeg","D:\github\ron-english-toys\images\Trampt\Blue Ice Shocking Sunflower (Ronnie) - DESIGNER TOY.jpeg","False"
"items\breathe-925.html","href","../images/Trampt/Breathe%20-%20ART%20PRINT.jpeg","D:\github\ron-english-toys\images\Trampt\Breathe - ART PRINT.jpeg","False"
"items\breathe-925.html","src","../images/Trampt/Breathe%20-%20ART%20PRINT.jpeg","D:\github\ron-english-toys\images\Trampt\Breathe - ART PRINT.jpeg","False"
"items\brown-acid-trip-864.html","href","../images/Trampt/Brown%20acid%20trip%20-%20Original%20Art%20-%20Trampt%20item%20864.jpg","D:\github\ron-english-toys\images\Trampt\Brown acid trip - Original Art - Trampt item 864.jpg","False"
"items\brown-acid-trip-864.html","src","../images/Trampt/Brown%20acid%20trip%20-%20Original%20Art%20-%20Trampt%20item%20864.jpg","D:\github\ron-english-toys\images\Trampt\Brown acid trip - Original Art - Trampt item 864.jpg","False"
"items\brute-33.html","href","../images/Trampt/Brute%20-%20Original%20Art%20-%20Trampt%20item%2033.jpeg","D:\github\ron-english-toys\images\Trampt\Brute - Original Art - Trampt item 33.jpeg","False"
"items\brute-33.html","src","../images/Trampt/Brute%20-%20Original%20Art%20-%20Trampt%20item%2033.jpeg","D:\github\ron-english-toys\images\Trampt\Brute - Original Art - Trampt item 33.jpeg","False"
"items\camo-deer-in-autumn-338.html","href","../images/Trampt/Camo%20Deer%20in%20Autumn%20-%20ART%20PRINT-2.jpeg","D:\github\ron-english-toys\images\Trampt\Camo Deer in Autumn - ART PRINT-2.jpeg","False"
"items\camo-deer-in-autumn-338.html","src","../images/Trampt/Camo%20Deer%20in%20Autumn%20-%20ART%20PRINT-2.jpeg","D:\github\ron-english-toys\images\Trampt\Camo Deer in Autumn - ART PRINT-2.jpeg","False"
"items\camo-deer-in-early-spring-312.html","href","../images/Trampt/Camo%20deer%20in%20early%20spring%20-%20Original%20Art%20-%20Trampt%20item%20312.jpg","D:\github\ron-english-toys\images\Trampt\Camo deer in early spring - Original Art - Trampt item 312.jpg","False"
"items\camo-deer-in-early-spring-312.html","src","../images/Trampt/Camo%20deer%20in%20early%20spring%20-%20Original%20Art%20-%20Trampt%20item%20312.jpg","D:\github\ron-english-toys\images\Trampt\Camo deer in early spring - Original Art - Trampt item 312.jpg","False"
"items\camo-deer-in-spring-bloom-254.html","href","../images/Trampt/Camo%20deer%20in%20spring%20bloom%20-%20Original%20Art%20-%20Trampt%20item%20254.jpg","D:\github\ron-english-toys\images\Trampt\Camo deer in spring bloom - Original Art - Trampt item 254.jpg","False"
"items\camo-deer-in-spring-bloom-254.html","src","../images/Trampt/Camo%20deer%20in%20spring%20bloom%20-%20Original%20Art%20-%20Trampt%20item%20254.jpg","D:\github\ron-english-toys\images\Trampt\Camo deer in spring bloom - Original Art - Trampt item 254.jpg","False"
"items\camo-deer-in-winter-606.html","href","../images/Trampt/Camo%20deer%20in%20winter%20-%20Original%20Art%20-%20Trampt%20item%20606.jpg","D:\github\ron-english-toys\images\Trampt\Camo deer in winter - Original Art - Trampt item 606.jpg","False"
"items\camo-deer-in-winter-606.html","src","../images/Trampt/Camo%20deer%20in%20winter%20-%20Original%20Art%20-%20Trampt%20item%20606.jpg","D:\github\ron-english-toys\images\Trampt\Camo deer in winter - Original Art - Trampt item 606.jpg","False"
"items\camo-deer-with-autumn-flowers-800.html","href","../images/Trampt/Camo%20deer%20with%20autumn%20flowers%20-%20Original%20Art%20-%20Trampt%20item%20800.jpg","D:\github\ron-english-toys\images\Trampt\Camo deer with autumn flowers - Original Art - Trampt item 800.jpg","False"
"items\camo-deer-with-autumn-flowers-800.html","src","../images/Trampt/Camo%20deer%20with%20autumn%20flowers%20-%20Original%20Art%20-%20Trampt%20item%20800.jpg","D:\github\ron-english-toys\images\Trampt\Camo deer with autumn flowers - Original Art - Trampt item 800.jpg","False"
"items\camo-deer-with-shark-92.html","href","../images/Trampt/Camo%20deer%20with%20shark%20-%20Original%20Art%20-%20Trampt%20item%2092.jpg","D:\github\ron-english-toys\images\Trampt\Camo deer with shark - Original Art - Trampt item 92.jpg","False"
"items\camo-deer-with-shark-92.html","src","../images/Trampt/Camo%20deer%20with%20shark%20-%20Original%20Art%20-%20Trampt%20item%2092.jpg","D:\github\ron-english-toys\images\Trampt\Camo deer with shark - Original Art - Trampt item 92.jpg","False"
"items\camo-light-grenade-613.html","href","../images/Trampt/CAMO%20LIGHT%20GRENADE%20-%20Original%20Art%20-%20Trampt%20item%20613.jpg","D:\github\ron-english-toys\images\Trampt\CAMO LIGHT GRENADE - Original Art - Trampt item 613.jpg","False"
"items\camo-light-grenade-613.html","src","../images/Trampt/CAMO%20LIGHT%20GRENADE%20-%20Original%20Art%20-%20Trampt%20item%20613.jpg","D:\github\ron-english-toys\images\Trampt\CAMO LIGHT GRENADE - Original Art - Trampt item 613.jpg","False"
"items\camo-peace-clown-313.html","href","../images/Trampt/Camo%20Peace%20Clown%20-%20ART%20PRINT.jpeg","D:\github\ron-english-toys\images\Trampt\Camo Peace Clown - ART PRINT.jpeg","False"
"items\camo-peace-clown-313.html","src","../images/Trampt/Camo%20Peace%20Clown%20-%20ART%20PRINT.jpeg","D:\github\ron-english-toys\images\Trampt\Camo Peace Clown - ART PRINT.jpeg","False"
"items\camo-peace-clown-313.html","href","../images/Trampt/Camo%20Peace%20Clown%20-%20ART%20PRINT-2.jpeg","D:\github\ron-english-toys\images\Trampt\Camo Peace Clown - ART PRINT-2.jpeg","False"
"items\camo-peace-clown-313.html","src","../images/Trampt/Camo%20Peace%20Clown%20-%20ART%20PRINT-2.jpeg","D:\github\ron-english-toys\images\Trampt\Camo Peace Clown - ART PRINT-2.jpeg","False"
"items\camo-peace-clown-313.html","href","../images/Trampt/Camo%20Peace%20Clown%20-%20ART%20PRINT-3.jpeg","D:\github\ron-english-toys\images\Trampt\Camo Peace Clown - ART PRINT-3.jpeg","False"
"items\camo-peace-clown-313.html","src","../images/Trampt/Camo%20Peace%20Clown%20-%20ART%20PRINT-3.jpeg","D:\github\ron-english-toys\images\Trampt\Camo Peace Clown - ART PRINT-3.jpeg","False"
"items\camo-tramp-boy-505.html","href","../images/Trampt/Camo%20Tramp%20Boy%20-%20ART%20PRINT.jpeg","D:\github\ron-english-toys\images\Trampt\Camo Tramp Boy - ART PRINT.jpeg","False"
"items\camo-tramp-boy-505.html","src","../images/Trampt/Camo%20Tramp%20Boy%20-%20ART%20PRINT.jpeg","D:\github\ron-english-toys\images\Trampt\Camo Tramp Boy - ART PRINT.jpeg","False"
"items\capitan-kidd-119.html","href","../images/Trampt/Capitan%20Kidd%20-%20ART%20PRINT.jpeg","D:\github\ron-english-toys\images\Trampt\Capitan Kidd - ART PRINT.jpeg","False"
"items\capitan-kidd-119.html","src","../images/Trampt/Capitan%20Kidd%20-%20ART%20PRINT.jpeg","D:\github\ron-english-toys\images\Trampt\Capitan Kidd - ART PRINT.jpeg","False"
"items\cap-n-cornstarch-696.html","href","../images/Trampt/Cap&#39;n%20Cornstarch%20-%20DESIGNER%20TOY.jpeg","D:\github\ron-english-toys\images\Trampt\Cap'n Cornstarch - DESIGNER TOY.jpeg","False"
"items\cap-n-cornstarch-696.html","src","../images/Trampt/Cap","D:\github\ron-english-toys\images\Trampt\Cap","False"
"items\captain-caption-232.html","href","../images/Trampt/Captain%20Caption%20-%20ART%20PRINT-2.jpeg","D:\github\ron-english-toys\images\Trampt\Captain Caption - ART PRINT-2.jpeg","False"
"items\captain-caption-232.html","src","../images/Trampt/Captain%20Caption%20-%20ART%20PRINT-2.jpeg","D:\github\ron-english-toys\images\Trampt\Captain Caption - ART PRINT-2.jpeg","False"
"items\captain-caption-430.html","href","../images/Trampt/Captain%20Caption%20-%20ART%20PRINT-2.jpeg","D:\github\ron-english-toys\images\Trampt\Captain Caption - ART PRINT-2.jpeg","False"
"items\captain-caption-430.html","src","../images/Trampt/Captain%20Caption%20-%20ART%20PRINT-2.jpeg","D:\github\ron-english-toys\images\Trampt\Captain Caption - ART PRINT-2.jpeg","False"
"items\captain-caption-979.html","href","../images/Trampt/Captain%20Caption%20-%20ART%20PRINT-2.jpeg","D:\github\ron-english-toys\images\Trampt\Captain Caption - ART PRINT-2.jpeg","False"
"items\captain-caption-979.html","src","../images/Trampt/Captain%20Caption%20-%20ART%20PRINT-2.jpeg","D:\github\ron-english-toys\images\Trampt\Captain Caption - ART PRINT-2.jpeg","False"
"items\capt-n-cornstarch-1004.html","href","../images/Trampt/Capt","D:\github\ron-english-toys\images\Trampt\Capt","False"
"items\capt-n-cornstarch-1004.html","src","../images/Trampt/Capt","D:\github\ron-english-toys\images\Trampt\Capt","False"
"items\carrot-man-656.html","href","../images/Trampt/Carrot%20Man%20-%20Original%20Art%20-%20Trampt%20item%20656.jpeg","D:\github\ron-english-toys\images\Trampt\Carrot Man - Original Art - Trampt item 656.jpeg","False"
"items\carrot-man-656.html","src","../images/Trampt/Carrot%20Man%20-%20Original%20Art%20-%20Trampt%20item%20656.jpeg","D:\github\ron-english-toys\images\Trampt\Carrot Man - Original Art - Trampt item 656.jpeg","False"
"items\cartoon-guernica-sketch-196.html","href","../images/Trampt/Cartoon%20Guernica%20Sketch%20-%20Original%20Art%20-%20Trampt%20item%20196.jpg","D:\github\ron-english-toys\images\Trampt\Cartoon Guernica Sketch - Original Art - Trampt item 196.jpg","False"
"items\cartoon-guernica-sketch-196.html","src","../images/Trampt/Cartoon%20Guernica%20Sketch%20-%20Original%20Art%20-%20Trampt%20item%20196.jpg","D:\github\ron-english-toys\images\Trampt\Cartoon Guernica Sketch - Original Art - Trampt item 196.jpg","False"
"items\cat-fish-1025.html","href","../images/Trampt/Cat%20fish%20-%20ART%20PRINT.jpeg","D:\github\ron-english-toys\images\Trampt\Cat fish - ART PRINT.jpeg","False"
"items\cat-fish-1025.html","src","../images/Trampt/Cat%20fish%20-%20ART%20PRINT.jpeg","D:\github\ron-english-toys\images\Trampt\Cat fish - ART PRINT.jpeg","False"
"items\cat-fish-1025.html","href","../images/Trampt/Cat%20fish%20-%20ART%20PRINT-2.jpeg","D:\github\ron-english-toys\images\Trampt\Cat fish - ART PRINT-2.jpeg","False"
"items\cat-fish-1025.html","src","../images/Trampt/Cat%20fish%20-%20ART%20PRINT-2.jpeg","D:\github\ron-english-toys\images\Trampt\Cat fish - ART PRINT-2.jpeg","False"
"items\cathy-cowgirl-760.html","href","../images/Trampt/Cathy%20Cowgirl%20-%20Original%20Art%20-%20Trampt%20item%20760.jpg","D:\github\ron-english-toys\images\Trampt\Cathy Cowgirl - Original Art - Trampt item 760.jpg","False"
"items\cathy-cowgirl-760.html","src","../images/Trampt/Cathy%20Cowgirl%20-%20Original%20Art%20-%20Trampt%20item%20760.jpg","D:\github\ron-english-toys\images\Trampt\Cathy Cowgirl - Original Art - Trampt item 760.jpg","False"
"items\cereal-killer-cap-n-cornstarch-sketch-356.html","href","../images/Trampt/Cereal%20Killer%20Cap","D:\github\ron-english-toys\images\Trampt\Cereal Killer Cap","False"
"items\cereal-killer-cap-n-cornstarch-sketch-356.html","src","../images/Trampt/Cereal%20Killer%20Cap","D:\github\ron-english-toys\images\Trampt\Cereal Killer Cap","False"
"items\cereal-killer-coco-paunch-sketch-311.html","href","../images/Trampt/Cereal%20Killer%20Coco%20Paunch%20Sketch%20-%20Original%20Art%20-%20Trampt%20item%20311.jpg","D:\github\ron-english-toys\images\Trampt\Cereal Killer Coco Paunch Sketch - Original Art - Trampt item 311.jpg","False"
"items\cereal-killer-coco-paunch-sketch-311.html","src","../images/Trampt/Cereal%20Killer%20Coco%20Paunch%20Sketch%20-%20Original%20Art%20-%20Trampt%20item%20311.jpg","D:\github\ron-english-toys\images\Trampt\Cereal Killer Coco Paunch Sketch - Original Art - Trampt item 311.jpg","False"
"items\cereal-killer-franken-fat-sketch-854.html","href","../images/Trampt/Cereal%20Killer%20Franken%20Fat%20Sketch%20-%20Original%20Art%20-%20Trampt%20item%20854.jpg","D:\github\ron-english-toys\images\Trampt\Cereal Killer Franken Fat Sketch - Original Art - Trampt item 854.jpg","False"
"items\cereal-killer-franken-fat-sketch-854.html","src","../images/Trampt/Cereal%20Killer%20Franken%20Fat%20Sketch%20-%20Original%20Art%20-%20Trampt%20item%20854.jpg","D:\github\ron-english-toys\images\Trampt\Cereal Killer Franken Fat Sketch - Original Art - Trampt item 854.jpg","False"
"items\cereal-killer-fructose-peddlers-sketch-357.html","href","../images/Trampt/Cereal%20Killer%20Fructose%20Peddlers%20Sketch%20-%20Original%20Art%20-%20Trampt%20item%20357.jpg","D:\github\ron-english-toys\images\Trampt\Cereal Killer Fructose Peddlers Sketch - Original Art - Trampt item 357.jpg","False"
"items\cereal-killer-fructose-peddlers-sketch-357.html","src","../images/Trampt/Cereal%20Killer%20Fructose%20Peddlers%20Sketch%20-%20Original%20Art%20-%20Trampt%20item%20357.jpg","D:\github\ron-english-toys\images\Trampt\Cereal Killer Fructose Peddlers Sketch - Original Art - Trampt item 357.jpg","False"
"items\cereal-killer-fruit-looped-sketch-476.html","href","../images/Trampt/Cereal%20Killer%20Fruit%20Looped%20Sketch%20-%20Original%20Art%20-%20Trampt%20item%20476.jpg","D:\github\ron-english-toys\images\Trampt\Cereal Killer Fruit Looped Sketch - Original Art - Trampt item 476.jpg","False"
"items\cereal-killer-fruit-looped-sketch-476.html","src","../images/Trampt/Cereal%20Killer%20Fruit%20Looped%20Sketch%20-%20Original%20Art%20-%20Trampt%20item%20476.jpg","D:\github\ron-english-toys\images\Trampt\Cereal Killer Fruit Looped Sketch - Original Art - Trampt item 476.jpg","False"
"items\cereal-killers-froot-looped-657.html","href","../images/Trampt/Cereal%20Killers%20-%20Froot%20Looped%20-%20DESIGNER%20TOY.jpeg","D:\github\ron-english-toys\images\Trampt\Cereal Killers - Froot Looped - DESIGNER TOY.jpeg","False"
"items\cereal-killer-sugar-diabetic-bear-sketch-227.html","href","../images/Trampt/Cereal%20Killer%20Sugar%20Diabetic%20Bear%20Sketch%20-%20Original%20Art%20-%20Trampt%20item%20227.jpg","D:\github\ron-english-toys\images\Trampt\Cereal Killer Sugar Diabetic Bear Sketch - Original Art - Trampt item 227.jpg","False"
"items\cereal-killer-sugar-diabetic-bear-sketch-227.html","src","../images/Trampt/Cereal%20Killer%20Sugar%20Diabetic%20Bear%20Sketch%20-%20Original%20Art%20-%20Trampt%20item%20227.jpg","D:\github\ron-english-toys\images\Trampt\Cereal Killer Sugar Diabetic Bear Sketch - Original Art - Trampt item 227.jpg","False"
"items\cereal-killer-sugar-pow-sketch-728.html","href","../images/Trampt/Cereal%20Killer%20Sugar%20Pow%20Sketch%20-%20Original%20Art%20-%20Trampt%20item%20728.jpg","D:\github\ron-english-toys\images\Trampt\Cereal Killer Sugar Pow Sketch - Original Art - Trampt item 728.jpg","False"
"items\cereal-killer-sugar-pow-sketch-728.html","src","../images/Trampt/Cereal%20Killer%20Sugar%20Pow%20Sketch%20-%20Original%20Art%20-%20Trampt%20item%20728.jpg","D:\github\ron-english-toys\images\Trampt\Cereal Killer Sugar Pow Sketch - Original Art - Trampt item 728.jpg","False"
"items\cereal-killer-tricks-the-kids-sketch-799.html","href","../images/Trampt/Cereal%20Killer%20Tricks%20the%20Kids%20Sketch%20-%20Original%20Art%20-%20Trampt%20item%20799.jpg","D:\github\ron-english-toys\images\Trampt\Cereal Killer Tricks the Kids Sketch - Original Art - Trampt item 799.jpg","False"
"items\cereal-killer-tricks-the-kids-sketch-799.html","src","../images/Trampt/Cereal%20Killer%20Tricks%20the%20Kids%20Sketch%20-%20Original%20Art%20-%20Trampt%20item%20799.jpg","D:\github\ron-english-toys\images\Trampt\Cereal Killer Tricks the Kids Sketch - Original Art - Trampt item 799.jpg","False"
"items\cereal-killer-yucky-children-charmer-sketch-826.html","href","../images/Trampt/Cereal%20Killer%20Yucky%20Children%20Charmer%20Sketch%20-%20Original%20Art%20-%20Trampt%20item%20826.jpg","D:\github\ron-english-toys\images\Trampt\Cereal Killer Yucky Children Charmer Sketch - Original Art - Trampt item 826.jpg","False"
"items\cereal-killer-yucky-children-charmer-sketch-826.html","src","../images/Trampt/Cereal%20Killer%20Yucky%20Children%20Charmer%20Sketch%20-%20Original%20Art%20-%20Trampt%20item%20826.jpg","D:\github\ron-english-toys\images\Trampt\Cereal Killer Yucky Children Charmer Sketch - Original Art - Trampt item 826.jpg","False"
"items\charlie-grin-mono-w-platinum-grill-jps-exclusive-34.html","href","../images/Trampt/Charlie%20Grin%20-%20Mono%20w%20Platinum%20Grill%20(%20JPS%20Exclusive%20)%20-%20DESIGNER%20TOY.jpeg","D:\github\ron-english-toys\images\Trampt\Charlie Grin - Mono w Platinum Grill ( JPS Exclusive ) - DESIGNER TOY.jpeg","False"
"items\chihuahua-rex-402.html","href","../images/Trampt/CHIHUAHUA%20REX%20-%20Original%20Art%20-%20Trampt%20item%20402.jpg","D:\github\ron-english-toys\images\Trampt\CHIHUAHUA REX - Original Art - Trampt item 402.jpg","False"
"items\chihuahua-rex-402.html","src","../images/Trampt/CHIHUAHUA%20REX%20-%20Original%20Art%20-%20Trampt%20item%20402.jpg","D:\github\ron-english-toys\images\Trampt\CHIHUAHUA REX - Original Art - Trampt item 402.jpg","False"
"items\clear-glitter-temper-tot-665.html","href","../images/Trampt/Clear%20Glitter%20Temper%20Tot%20-%20DESIGNER%20TOY.jpeg","D:\github\ron-english-toys\images\Trampt\Clear Glitter Temper Tot - DESIGNER TOY.jpeg","False"
"items\clear-green-mousezilla-980.html","href","../images/Trampt/Clear%20Green%20Mousezilla%20-%20DESIGNER%20TOY.jpeg","D:\github\ron-english-toys\images\Trampt\Clear Green Mousezilla - DESIGNER TOY.jpeg","False"
"items\clear-neon-pk-mousezilla-984.html","href","../images/Trampt/Clear%20Neon%20PK%20Mousezilla%20-%20DESIGNER%20TOY.jpeg","D:\github\ron-english-toys\images\Trampt\Clear Neon PK Mousezilla - DESIGNER TOY.jpeg","False"
"items\cloud-deer-243.html","href","../images/Trampt/CLOUD%20DEER%20-%20Original%20Art%20-%20Trampt%20item%20243.jpg","D:\github\ron-english-toys\images\Trampt\CLOUD DEER - Original Art - Trampt item 243.jpg","False"
"items\cloud-deer-243.html","src","../images/Trampt/CLOUD%20DEER%20-%20Original%20Art%20-%20Trampt%20item%20243.jpg","D:\github\ron-english-toys\images\Trampt\CLOUD DEER - Original Art - Trampt item 243.jpg","False"
"items\clown-school-437.html","href","../images/Trampt/CLOWN%20SCHOOL%20-%20Original%20Art%20-%20Trampt%20item%20437.jpg","D:\github\ron-english-toys\images\Trampt\CLOWN SCHOOL - Original Art - Trampt item 437.jpg","False"
"items\clown-school-437.html","src","../images/Trampt/CLOWN%20SCHOOL%20-%20Original%20Art%20-%20Trampt%20item%20437.jpg","D:\github\ron-english-toys\images\Trampt\CLOWN SCHOOL - Original Art - Trampt item 437.jpg","False"
"items\club-cubic-7th-anniversary-police-grin-875.html","href","../images/Trampt/Club%20Cubic%207th%20Anniversary%20Police%20Grin%20-%20DESIGNER%20TOY.jpeg","D:\github\ron-english-toys\images\Trampt\Club Cubic 7th Anniversary Police Grin - DESIGNER TOY.jpeg","False"
"items\combat-classic-portrait-91.html","href","../images/Trampt/COMBAT%20CLASSIC%20PORTRAIT%20-%20Original%20Art%20-%20Trampt%20item%2091.jpg","D:\github\ron-english-toys\images\Trampt\COMBAT CLASSIC PORTRAIT - Original Art - Trampt item 91.jpg","False"
"items\combat-classic-portrait-91.html","src","../images/Trampt/COMBAT%20CLASSIC%20PORTRAIT%20-%20Original%20Art%20-%20Trampt%20item%2091.jpg","D:\github\ron-english-toys\images\Trampt\COMBAT CLASSIC PORTRAIT - Original Art - Trampt item 91.jpg","False"
"items\combrat-carnival-874.html","href","../images/Trampt/Combrat%20carnival%20-%20Original%20Art%20-%20Trampt%20item%20874.jpg","D:\github\ron-english-toys\images\Trampt\Combrat carnival - Original Art - Trampt item 874.jpg","False"
"items\combrat-carnival-874.html","src","../images/Trampt/Combrat%20carnival%20-%20Original%20Art%20-%20Trampt%20item%20874.jpg","D:\github\ron-english-toys\images\Trampt\Combrat carnival - Original Art - Trampt item 874.jpg","False"
"items\comic-house-block-party-171.html","href","../images/Trampt/Comic%20house%20block%20party%20-%20Original%20Art%20-%20Trampt%20item%20171.jpg","D:\github\ron-english-toys\images\Trampt\Comic house block party - Original Art - Trampt item 171.jpg","False"
"items\comic-house-block-party-171.html","src","../images/Trampt/Comic%20house%20block%20party%20-%20Original%20Art%20-%20Trampt%20item%20171.jpg","D:\github\ron-english-toys\images\Trampt\Comic house block party - Original Art - Trampt item 171.jpg","False"
"items\coulrophobic-clown-123.html","href","../images/Trampt/Coulrophobic%20Clown%20-%20ART%20PRINT.jpeg","D:\github\ron-english-toys\images\Trampt\Coulrophobic Clown - ART PRINT.jpeg","False"
"items\coulrophobic-clown-123.html","src","../images/Trampt/Coulrophobic%20Clown%20-%20ART%20PRINT.jpeg","D:\github\ron-english-toys\images\Trampt\Coulrophobic Clown - ART PRINT.jpeg","False"
"items\cowgirl-hotrod-988.html","href","../images/Trampt/Cowgirl%20hotrod%20-%20Original%20Art%20-%20Trampt%20item%20988.jpg","D:\github\ron-english-toys\images\Trampt\Cowgirl hotrod - Original Art - Trampt item 988.jpg","False"
"items\cowgirl-hotrod-988.html","src","../images/Trampt/Cowgirl%20hotrod%20-%20Original%20Art%20-%20Trampt%20item%20988.jpg","D:\github\ron-english-toys\images\Trampt\Cowgirl hotrod - Original Art - Trampt item 988.jpg","False"
"items\creepy-christmas-deadmau5-grin-473.html","href","../images/Trampt/Creepy%20Christmas%20Deadmau5%20Grin%20-%20DESIGNER%20TOY.jpeg","D:\github\ron-english-toys\images\Trampt\Creepy Christmas Deadmau5 Grin - DESIGNER TOY.jpeg","False"
"items\demon-frankenstein-kaiju-479.html","href","../images/Trampt/Demon%20Frankenstein%20Kaiju%20-%20Original%20Art%20-%20Trampt%20item%20479.jpg","D:\github\ron-english-toys\images\Trampt\Demon Frankenstein Kaiju - Original Art - Trampt item 479.jpg","False"
"items\demon-frankenstein-kaiju-479.html","src","../images/Trampt/Demon%20Frankenstein%20Kaiju%20-%20Original%20Art%20-%20Trampt%20item%20479.jpg","D:\github\ron-english-toys\images\Trampt\Demon Frankenstein Kaiju - Original Art - Trampt item 479.jpg","False"
"items\diamond-star-skull-807.html","href","../images/Trampt/Diamond%20Star%20Skull%20-%20ART%20PRINT.jpeg","D:\github\ron-english-toys\images\Trampt\Diamond Star Skull - ART PRINT.jpeg","False"
"items\diamond-star-skull-807.html","src","../images/Trampt/Diamond%20Star%20Skull%20-%20ART%20PRINT.jpeg","D:\github\ron-english-toys\images\Trampt\Diamond Star Skull - ART PRINT.jpeg","False"
"items\dinogrenade-black-335.html","href","../images/Trampt/Dinogrenade%20-%20Black%20-%20DESIGNER%20TOY.jpeg","D:\github\ron-english-toys\images\Trampt\Dinogrenade - Black - DESIGNER TOY.jpeg","False"
"items\dinogrenade-unpainted-blue-178.html","href","../images/Trampt/Dinogrenade%20-%20Unpainted%20Blue%20-%20DESIGNER%20TOY.jpeg","D:\github\ron-english-toys\images\Trampt\Dinogrenade - Unpainted Blue - DESIGNER TOY.jpeg","False"
"items\eclipse-storm-parter-225.html","href","../images/Trampt/Eclipse%20Storm%20Parter%20-%20DESIGNER%20TOY.jpeg","D:\github\ron-english-toys\images\Trampt\Eclipse Storm Parter - DESIGNER TOY.jpeg","False"
"items\elefanka-sdcc-19-93.html","href","../images/Trampt/Elefanka%20(SDCC%20&#39;19)%20-%20DESIGNER%20TOY.jpeg","D:\github\ron-english-toys\images\Trampt\Elefanka (SDCC '19) - DESIGNER TOY.jpeg","False"
"items\elefanka-sdcc-19-93.html","src","../images/Trampt/Elefanka (SDCC ","D:\github\ron-english-toys\images\Trampt\Elefanka (SDCC","False"
"items\evil-mc-diamond-dust-edition-red-makeup-175.html","href","../images/Trampt/EVIL%20MC%20-%20Diamond%20Dust%20Edition%20(%20Red%20makeup%20)%20-%20DESIGNER%20TOY.jpeg","D:\github\ron-english-toys\images\Trampt\EVIL MC - Diamond Dust Edition ( Red makeup ) - DESIGNER TOY.jpeg","False"
"items\evil-mc-stealth-855.html","href","../images/Trampt/Evil%20MC%20-%20Stealth%20-%20DESIGNER%20TOY.jpeg","D:\github\ron-english-toys\images\Trampt\Evil MC - Stealth - DESIGNER TOY.jpeg","False"
"items\falla-sheep-bry-black-red-yellow-170.html","href","../images/Trampt/Falla%20Sheep%20-%20BRY%20(Black%20Red%20Yellow)%20-%20DESIGNER%20TOY.jpeg","D:\github\ron-english-toys\images\Trampt\Falla Sheep - BRY (Black Red Yellow) - DESIGNER TOY.jpeg","False"
"items\figment-bust-turnaround-sketches-554.html","href","../images/Trampt/Figment%20Bust%20Turnaround%20Sketches%20-%20Original%20Art%20-%20Trampt%20item%20554.jpg","D:\github\ron-english-toys\images\Trampt\Figment Bust Turnaround Sketches - Original Art - Trampt item 554.jpg","False"
"items\figment-bust-turnaround-sketches-554.html","src","../images/Trampt/Figment%20Bust%20Turnaround%20Sketches%20-%20Original%20Art%20-%20Trampt%20item%20554.jpg","D:\github\ron-english-toys\images\Trampt\Figment Bust Turnaround Sketches - Original Art - Trampt item 554.jpg","False"
"items\fire-storm-parter-901.html","href","../images/Trampt/Fire%20Storm%20Parter%20-%20DESIGNER%20TOY.jpeg","D:\github\ron-english-toys\images\Trampt\Fire Storm Parter - DESIGNER TOY.jpeg","False"
"items\forlorn-unicorn-791.html","href","../images/Trampt/Forlorn%20Unicorn%20-%20Original%20Art%20-%20Trampt%20item%20791.jpeg","D:\github\ron-english-toys\images\Trampt\Forlorn Unicorn - Original Art - Trampt item 791.jpeg","False"
"items\forlorn-unicorn-791.html","src","../images/Trampt/Forlorn%20Unicorn%20-%20Original%20Art%20-%20Trampt%20item%20791.jpeg","D:\github\ron-english-toys\images\Trampt\Forlorn Unicorn - Original Art - Trampt item 791.jpeg","False"
"items\froot-looped-two-ton-sam-mini-271.html","href","../images/Trampt/Froot%20Looped%20Two%20Ton%20Sam%20Mini%20-%20DESIGNER%20TOY.jpeg","D:\github\ron-english-toys\images\Trampt\Froot Looped Two Ton Sam Mini - DESIGNER TOY.jpeg","False"
"items\fruit-looped-559.html","href","../images/Trampt/Fruit%20Looped%20-%20Original%20Art%20-%20Trampt%20item%20559.jpg","D:\github\ron-english-toys\images\Trampt\Fruit Looped - Original Art - Trampt item 559.jpg","False"
"items\fruit-looped-559.html","src","../images/Trampt/Fruit%20Looped%20-%20Original%20Art%20-%20Trampt%20item%20559.jpg","D:\github\ron-english-toys\images\Trampt\Fruit Looped - Original Art - Trampt item 559.jpg","False"
"items\gid-modzilla-198.html","href","../images/Trampt/GID%20Modzilla%20-%20DESIGNER%20TOY.jpeg","D:\github\ron-english-toys\images\Trampt\GID Modzilla - DESIGNER TOY.jpeg","False"
"items\gold-mc-action-mc-supersized-640.html","href","../images/Trampt/Gold%20Mc%20Action%20Mc%20Supersized%20-%20DESIGNER%20TOY.jpeg","D:\github\ron-english-toys\images\Trampt\Gold Mc Action Mc Supersized - DESIGNER TOY.jpeg","False"
"items\gold-mousezilla-214.html","href","../images/Trampt/Gold%20Mousezilla%20-%20DESIGNER%20TOY.jpeg","D:\github\ron-english-toys\images\Trampt\Gold Mousezilla - DESIGNER TOY.jpeg","False"
"items\gold-rame-mc-supersized-619.html","href","../images/Trampt/Gold%20Rame%20MC%20Supersized%20-%20DESIGNER%20TOY.jpeg","D:\github\ron-english-toys\images\Trampt\Gold Rame MC Supersized - DESIGNER TOY.jpeg","False"
"items\green-mona-lisa-grin-838.html","href","../images/Trampt/Green%20Mona%20Lisa%20Grin%20-%20DESIGNER%20TOY.jpeg","D:\github\ron-english-toys\images\Trampt\Green Mona Lisa Grin - DESIGNER TOY.jpeg","False"
"items\green-orion-grin-gold-smile-531.html","href","../images/Trampt/Green%20Orion%20Grin%20(Gold%20Smile)%20-%20DESIGNER%20TOY.jpeg","D:\github\ron-english-toys\images\Trampt\Green Orion Grin (Gold Smile) - DESIGNER TOY.jpeg","False"
"items\green-pink-gun-fella-sheep-761.html","href","../images/Trampt/Green%20(Pink%20Gun)%20Fella%20Sheep%20-%20DESIGNER%20TOY.jpeg","D:\github\ron-english-toys\images\Trampt\Green (Pink Gun) Fella Sheep - DESIGNER TOY.jpeg","False"
"items\gridiron-drawing-290.html","href","../images/Trampt/Gridiron%20(Drawing)%20-%20Original%20Art%20-%20Trampt%20item%20290.jpeg","D:\github\ron-english-toys\images\Trampt\Gridiron (Drawing) - Original Art - Trampt item 290.jpeg","False"
"items\gridiron-drawing-290.html","src","../images/Trampt/Gridiron%20(Drawing)%20-%20Original%20Art%20-%20Trampt%20item%20290.jpeg","D:\github\ron-english-toys\images\Trampt\Gridiron (Drawing) - Original Art - Trampt item 290.jpeg","False"
"items\grinbot-metallic-1062.html","href","../images/Trampt/Grinbot%20Metallic%20-%20DESIGNER%20TOY.jpeg","D:\github\ron-english-toys\images\Trampt\Grinbot Metallic - DESIGNER TOY.jpeg","False"
"items\grin-david-drawing-844.html","href","../images/Trampt/Grin%20David%20(Drawing)%20-%20Original%20Art%20-%20Trampt%20item%20844.jpeg","D:\github\ron-english-toys\images\Trampt\Grin David (Drawing) - Original Art - Trampt item 844.jpeg","False"
"items\grin-david-drawing-844.html","src","../images/Trampt/Grin%20David%20(Drawing)%20-%20Original%20Art%20-%20Trampt%20item%20844.jpeg","D:\github\ron-english-toys\images\Trampt\Grin David (Drawing) - Original Art - Trampt item 844.jpeg","False"
"items\grin-god-989.html","href","../images/Trampt/GRIN%20GOD%20-%20Original%20Art%20-%20Trampt%20item%20989.jpg","D:\github\ron-english-toys\images\Trampt\GRIN GOD - Original Art - Trampt item 989.jpg","False"
"items\grin-god-989.html","src","../images/Trampt/GRIN%20GOD%20-%20Original%20Art%20-%20Trampt%20item%20989.jpg","D:\github\ron-english-toys\images\Trampt\GRIN GOD - Original Art - Trampt item 989.jpg","False"
"items\grinnin-gaylord-244.html","href","../images/Trampt/Grinnin&#39;%20Gaylord%20-%20DESIGNER%20TOY.jpeg","D:\github\ron-english-toys\images\Trampt\Grinnin' Gaylord - DESIGNER TOY.jpeg","False"
"items\grinnin-gaylord-244.html","src","../images/Trampt/Grinnin","D:\github\ron-english-toys\images\Trampt\Grinnin","False"
"items\grin-peko-girl-325.html","href","../images/Trampt/Grin%20Peko%20Girl%20-%20ART%20PRINT.jpeg","D:\github\ron-english-toys\images\Trampt\Grin Peko Girl - ART PRINT.jpeg","False"
"items\grin-peko-girl-325.html","src","../images/Trampt/Grin%20Peko%20Girl%20-%20ART%20PRINT.jpeg","D:\github\ron-english-toys\images\Trampt\Grin Peko Girl - ART PRINT.jpeg","False"
"items\grin-polka-dot-shocking-sunflower-727.html","href","../images/Trampt/Grin%20Polka%20Dot%20Shocking%20Sunflower%20-%20DESIGNER%20TOY.jpeg","D:\github\ron-english-toys\images\Trampt\Grin Polka Dot Shocking Sunflower - DESIGNER TOY.jpeg","False"
"items\grin-polka-tile-painting-380.html","href","../images/Trampt/Grin%20Polka%20Tile%20Painting%20-%20Original%20Art%20-%20Trampt%20item%20380.jpg","D:\github\ron-english-toys\images\Trampt\Grin Polka Tile Painting - Original Art - Trampt item 380.jpg","False"
"items\grin-polka-tile-painting-380.html","src","../images/Trampt/Grin%20Polka%20Tile%20Painting%20-%20Original%20Art%20-%20Trampt%20item%20380.jpg","D:\github\ron-english-toys\images\Trampt\Grin Polka Tile Painting - Original Art - Trampt item 380.jpg","False"
"items\grin-reeper-398.html","href","../images/Trampt/Grin%20Reeper%20-%20Original%20Art%20-%20Trampt%20item%20398.jpeg","D:\github\ron-english-toys\images\Trampt\Grin Reeper - Original Art - Trampt item 398.jpeg","False"
"items\grin-reeper-398.html","src","../images/Trampt/Grin%20Reeper%20-%20Original%20Art%20-%20Trampt%20item%20398.jpeg","D:\github\ron-english-toys\images\Trampt\Grin Reeper - Original Art - Trampt item 398.jpeg","False"
"items\grin-reeper-mini-49.html","href","../images/Trampt/Grin%20Reeper%20Mini%20-%20Original%20Art%20-%20Trampt%20item%2049.jpeg","D:\github\ron-english-toys\images\Trampt\Grin Reeper Mini - Original Art - Trampt item 49.jpeg","False"
"items\grin-reeper-mini-49.html","src","../images/Trampt/Grin%20Reeper%20Mini%20-%20Original%20Art%20-%20Trampt%20item%2049.jpeg","D:\github\ron-english-toys\images\Trampt\Grin Reeper Mini - Original Art - Trampt item 49.jpeg","False"
"items\heart-skull-metallic-purple-1000.html","href","../images/Trampt/Heart%20Skull%20-%20Metallic%20Purple%20-%20DESIGNER%20TOY.jpeg","D:\github\ron-english-toys\images\Trampt\Heart Skull - Metallic Purple - DESIGNER TOY.jpeg","False"
"items\heart-skull-metallic-purple-1064.html","href","../images/Trampt/Heart%20Skull%20-%20Metallic%20Purple%20-%20DESIGNER%20TOY.jpeg","D:\github\ron-english-toys\images\Trampt\Heart Skull - Metallic Purple - DESIGNER TOY.jpeg","False"
"items\heart-skull-sketch-247.html","href","../images/Trampt/Heart%20Skull%20Sketch%20-%20Original%20Art%20-%20Trampt%20item%20247.jpg","D:\github\ron-english-toys\images\Trampt\Heart Skull Sketch - Original Art - Trampt item 247.jpg","False"
"items\heart-skull-sketch-247.html","src","../images/Trampt/Heart%20Skull%20Sketch%20-%20Original%20Art%20-%20Trampt%20item%20247.jpg","D:\github\ron-english-toys\images\Trampt\Heart Skull Sketch - Original Art - Trampt item 247.jpg","False"
"items\hulkboy-sketch-827.html","href","../images/Trampt/Hulkboy%20Sketch%20-%20Original%20Art%20-%20Trampt%20item%20827.jpg","D:\github\ron-english-toys\images\Trampt\Hulkboy Sketch - Original Art - Trampt item 827.jpg","False"
"items\hulkboy-sketch-827.html","src","../images/Trampt/Hulkboy%20Sketch%20-%20Original%20Art%20-%20Trampt%20item%20827.jpg","D:\github\ron-english-toys\images\Trampt\Hulkboy Sketch - Original Art - Trampt item 827.jpg","False"
"items\lady-lips-kaiju-drawing-359.html","href","../images/Trampt/Lady%20Lips%20Kaiju%20(Drawing)%20-%20Original%20Art%20-%20Trampt%20item%20359.jpeg","D:\github\ron-english-toys\images\Trampt\Lady Lips Kaiju (Drawing) - Original Art - Trampt item 359.jpeg","False"
"items\lady-lips-kaiju-drawing-359.html","src","../images/Trampt/Lady%20Lips%20Kaiju%20(Drawing)%20-%20Original%20Art%20-%20Trampt%20item%20359.jpeg","D:\github\ron-english-toys\images\Trampt\Lady Lips Kaiju (Drawing) - Original Art - Trampt item 359.jpeg","False"
"items\lucy-exposed-1019.html","href","../images/Trampt/Lucy%20Exposed%20-%20DESIGNER%20TOY.jpeg","D:\github\ron-english-toys\images\Trampt\Lucy Exposed - DESIGNER TOY.jpeg","False"
"items\madness-krusty-the-grin-88.html","href","../images/Trampt/Madness%20Krusty%20the%20Grin%20-%20DESIGNER%20TOY.jpeg","D:\github\ron-english-toys\images\Trampt\Madness Krusty the Grin - DESIGNER TOY.jpeg","False"
"items\magic-pumpgrin-yellow-238.html","href","../images/Trampt/Magic%20PumpGrin%20(Yellow)%20-%20DESIGNER%20TOY.jpeg","D:\github\ron-english-toys\images\Trampt\Magic PumpGrin (Yellow) - DESIGNER TOY.jpeg","False"
"items\mario-grin-antique-edition-527.html","href","../images/Trampt/MARIO%20GRIN%20-%20ANTIQUE%20EDITION%20-%20DESIGNER%20TOY.jpeg","D:\github\ron-english-toys\images\Trampt\MARIO GRIN - ANTIQUE EDITION - DESIGNER TOY.jpeg","False"
"items\mario-grin-gold-360.html","href","../images/Trampt/Mario%20Grin%20-%20Gold%20-%20DESIGNER%20TOY.jpeg","D:\github\ron-english-toys\images\Trampt\Mario Grin - Gold - DESIGNER TOY.jpeg","False"
"items\mc-elefanka-sdcc-19-939.html","href","../images/Trampt/Mc%20Elefanka%20(SDCC%20&#39;19)%20-%20DESIGNER%20TOY.jpeg","D:\github\ron-english-toys\images\Trampt\Mc Elefanka (SDCC '19) - DESIGNER TOY.jpeg","False"
"items\mc-elefanka-sdcc-19-939.html","src","../images/Trampt/Mc Elefanka (SDCC ","D:\github\ron-english-toys\images\Trampt\Mc Elefanka (SDCC","False"
"items\mc-grin-726.html","href","../images/Trampt/MC%20Grin%20-%20Original%20Art%20-%20Trampt%20item%20726.jpeg","D:\github\ron-english-toys\images\Trampt\MC Grin - Original Art - Trampt item 726.jpeg","False"
"items\mc-grin-726.html","src","../images/Trampt/MC%20Grin%20-%20Original%20Art%20-%20Trampt%20item%20726.jpeg","D:\github\ron-english-toys\images\Trampt\MC Grin - Original Art - Trampt item 726.jpeg","False"
"items\mc-snowglobe-eyes-drawing-1024.html","href","../images/Trampt/MC%20Snowglobe%20Eyes%20(Drawing)%20-%20Original%20Art%20-%20Trampt%20item%201024.jpeg","D:\github\ron-english-toys\images\Trampt\MC Snowglobe Eyes (Drawing) - Original Art - Trampt item 1024.jpeg","False"
"items\mc-snowglobe-eyes-drawing-1024.html","src","../images/Trampt/MC%20Snowglobe%20Eyes%20(Drawing)%20-%20Original%20Art%20-%20Trampt%20item%201024.jpeg","D:\github\ron-english-toys\images\Trampt\MC Snowglobe Eyes (Drawing) - Original Art - Trampt item 1024.jpeg","False"
"items\mcsuper-sized-black-light-magic-yellow-416.html","href","../images/Trampt/McSuper%20Sized%20Black%20Light%20Magic%20Yellow%20-%20DESIGNER%20TOY.jpeg","D:\github\ron-english-toys\images\Trampt\McSuper Sized Black Light Magic Yellow - DESIGNER TOY.jpeg","False"
"items\mc-supersized-camo-manila-301.html","href","../images/Trampt/MC%20Supersized%20Camo%20-%20Manila%20-%20DESIGNER%20TOY.jpeg","D:\github\ron-english-toys\images\Trampt\MC Supersized Camo - Manila - DESIGNER TOY.jpeg","False"
"items\mc-supersized-camo-seoul-408.html","href","../images/Trampt/MC%20Supersized%20Camo%20-%20Seoul%20-%20DESIGNER%20TOY.jpeg","D:\github\ron-english-toys\images\Trampt\MC Supersized Camo - Seoul - DESIGNER TOY.jpeg","False"
"items\mc-supersized-china-green-990.html","href","../images/Trampt/MC%20Supersized%20China%20(Green)%20-%20DESIGNER%20TOY.jpeg","D:\github\ron-english-toys\images\Trampt\MC Supersized China (Green) - DESIGNER TOY.jpeg","False"
"items\mc-supersized-dissect-purple-variant-884.html","href","../images/Trampt/Mc%20Supersized%20Dissect%20(Purple%20Variant)%20-%20ART%20PRINT.jpeg","D:\github\ron-english-toys\images\Trampt\Mc Supersized Dissect (Purple Variant) - ART PRINT.jpeg","False"
"items\mc-supersized-dissect-purple-variant-884.html","src","../images/Trampt/Mc%20Supersized%20Dissect%20(Purple%20Variant)%20-%20ART%20PRINT.jpeg","D:\github\ron-english-toys\images\Trampt\Mc Supersized Dissect (Purple Variant) - ART PRINT.jpeg","False"
"items\mc-supersized-dissect-purple-variant-884.html","href","../images/Trampt/Mc%20Supersized%20Dissect%20(Purple%20Variant)%20-%20ART%20PRINT-2.jpeg","D:\github\ron-english-toys\images\Trampt\Mc Supersized Dissect (Purple Variant) - ART PRINT-2.jpeg","False"
"items\mc-supersized-dissect-purple-variant-884.html","src","../images/Trampt/Mc%20Supersized%20Dissect%20(Purple%20Variant)%20-%20ART%20PRINT-2.jpeg","D:\github\ron-english-toys\images\Trampt\Mc Supersized Dissect (Purple Variant) - ART PRINT-2.jpeg","False"
"items\mc-supersized-dissect-purple-variant-884.html","href","../images/Trampt/Mc%20Supersized%20Dissect%20(Purple%20Variant)%20-%20ART%20PRINT-3.jpeg","D:\github\ron-english-toys\images\Trampt\Mc Supersized Dissect (Purple Variant) - ART PRINT-3.jpeg","False"
"items\mc-supersized-dissect-purple-variant-884.html","src","../images/Trampt/Mc%20Supersized%20Dissect%20(Purple%20Variant)%20-%20ART%20PRINT-3.jpeg","D:\github\ron-english-toys\images\Trampt\Mc Supersized Dissect (Purple Variant) - ART PRINT-3.jpeg","False"
"items\mc-supersized-full-color-devil-s-version-sdcc-2010-291.html","href","../images/Trampt/Mc%20Supersized%20Full%20Color%20(Devil&#39;s%20Version)%20-%20SDCC%202010%20-%20DESIGNER%20TOY.jpeg","D:\github\ron-english-toys\images\Trampt\Mc Supersized Full Color (Devil's Version) - SDCC 2010 - DESIGNER TOY.jpeg","False"
"items\mc-supersized-full-color-devil-s-version-sdcc-2010-291.html","src","../images/Trampt/Mc Supersized Full Color (Devil","D:\github\ron-english-toys\images\Trampt\Mc Supersized Full Color (Devil","False"
"items\mc-supersized-full-mono-1039.html","href","../images/Trampt/Mc%20Supersized%20Full%20-%20Mono%20-%20DESIGNER%20TOY.gif","D:\github\ron-english-toys\images\Trampt\Mc Supersized Full - Mono - DESIGNER TOY.gif","False"
"items\mc-supersized-green-1049.html","href","../images/Trampt/MC%20Supersized%20-%20Green%20-%20DESIGNER%20TOY.jpeg","D:\github\ron-english-toys\images\Trampt\MC Supersized - Green - DESIGNER TOY.jpeg","False"
"items\mc-supersized-green-255.html","href","../images/Trampt/MC%20Supersized%20-%20Green%20-%20DESIGNER%20TOY.jpeg","D:\github\ron-english-toys\images\Trampt\MC Supersized - Green - DESIGNER TOY.jpeg","False"
"items\mc-supersized-grin-original-grin-1006.html","href","../images/Trampt/MC%20Supersized%20Grin%20-%20Original%20Grin%20-%20DESIGNER%20TOY.jpeg","D:\github\ron-english-toys\images\Trampt\MC Supersized Grin - Original Grin - DESIGNER TOY.jpeg","False"
"items\mc-supersized-la-black-gold-518.html","href","../images/Trampt/Mc%20Supersized%20LA%20-%20Black%20%26%20Gold%20-%20DESIGNER%20TOY.jpeg","D:\github\ron-english-toys\images\Trampt\Mc Supersized LA - Black & Gold - DESIGNER TOY.jpeg","False"
"items\mc-supersized-porcelain-1038.html","href","../images/Trampt/Mc%20Supersized%20-%20Porcelain%20-%20DESIGNER%20TOY.gif","D:\github\ron-english-toys\images\Trampt\Mc Supersized - Porcelain - DESIGNER TOY.gif","False"
"items\mc-supersized-silver-glitter-lgnd8-exclusive-891.html","href","../images/Trampt/MC%20Supersized%20Silver%20Glitter%20(LGND8%20Exclusive)%20-%20DESIGNER%20TOY.jpeg","D:\github\ron-english-toys\images\Trampt\MC Supersized Silver Glitter (LGND8 Exclusive) - DESIGNER TOY.jpeg","False"
"items\mc-supersized-sketch-702.html","href","../images/Trampt/MC%20Supersized%20Sketch%20-%20Original%20Art%20-%20Trampt%20item%20702.jpg","D:\github\ron-english-toys\images\Trampt\MC Supersized Sketch - Original Art - Trampt item 702.jpg","False"
"items\mc-supersized-sketch-702.html","src","../images/Trampt/MC%20Supersized%20Sketch%20-%20Original%20Art%20-%20Trampt%20item%20702.jpg","D:\github\ron-english-toys\images\Trampt\MC Supersized Sketch - Original Art - Trampt item 702.jpg","False"
"items\mc-supersized-skull-white-986.html","href","../images/Trampt/Mc%20Supersized%20Skull%20White%20-%20DESIGNER%20TOY.jpeg","D:\github\ron-english-toys\images\Trampt\Mc Supersized Skull White - DESIGNER TOY.jpeg","False"
"items\mc-supersized-xray-6th-679.html","href","../images/Trampt/Mc%20Supersized%20XRay%20-%206th%20-%20DESIGNER%20TOY.jpeg","D:\github\ron-english-toys\images\Trampt\Mc Supersized XRay - 6th - DESIGNER TOY.jpeg","False"
"items\mc-supersized-xray-burgers-157.html","href","../images/Trampt/MC%20Supersized%20XRay%20-%20Burgers%20-%20DESIGNER%20TOY.jpeg","D:\github\ron-english-toys\images\Trampt\MC Supersized XRay - Burgers - DESIGNER TOY.jpeg","False"
"items\metallic-purple-punk-skunk-sdcc-18-131.html","href","../images/Trampt/Metallic%20Purple%20Punk%20Skunk%20(SDCC%20&#39;18)%20-%20DESIGNER%20TOY.jpeg","D:\github\ron-english-toys\images\Trampt\Metallic Purple Punk Skunk (SDCC '18) - DESIGNER TOY.jpeg","False"
"items\metallic-purple-punk-skunk-sdcc-18-131.html","src","../images/Trampt/Metallic Purple Punk Skunk (SDCC ","D:\github\ron-english-toys\images\Trampt\Metallic Purple Punk Skunk (SDCC","False"
"items\metallic-purple-red-lady-lips-1076.html","href","../images/Trampt/Metallic%20Purple%20%26%20Red%20Lady%20Lips%20-%20DESIGNER%20TOY.jpeg","D:\github\ron-english-toys\images\Trampt\Metallic Purple & Red Lady Lips - DESIGNER TOY.jpeg","False"
"items\modzilla-kaijucon-19-793.html","href","../images/Trampt/Modzilla%20(KaijuCon%20&#39;19)%20-%20DESIGNER%20TOY.jpeg","D:\github\ron-english-toys\images\Trampt\Modzilla (KaijuCon '19) - DESIGNER TOY.jpeg","False"
"items\modzilla-kaijucon-19-793.html","src","../images/Trampt/Modzilla (KaijuCon ","D:\github\ron-english-toys\images\Trampt\Modzilla (KaijuCon","False"
"items\modzilla-unpainted-green-189.html","href","../images/Trampt/MODZILLA%20-%20unpainted%20green%20-%20DESIGNER%20TOY.jpeg","D:\github\ron-english-toys\images\Trampt\MODZILLA - unpainted green - DESIGNER TOY.jpeg","False"
"items\mono-big-poppa-i-am-retro-exclusive-999.html","href","../images/Trampt/Mono%20Big%20Poppa%20(I%20Am%20Retro%20Exclusive)%20-%20DESIGNER%20TOY.gif","D:\github\ron-english-toys\images\Trampt\Mono Big Poppa (I Am Retro Exclusive) - DESIGNER TOY.gif","False"
"items\mono-pigeon-skull-grin-667.html","href","../images/Trampt/Mono%20Pigeon%20Skull%20Grin%20-%20DESIGNER%20TOY.jpeg","D:\github\ron-english-toys\images\Trampt\Mono Pigeon Skull Grin - DESIGNER TOY.jpeg","False"
"items\monotone-lady-lips-38.html","href","../images/Trampt/Monotone%20Lady%20Lips%20-%20DESIGNER%20TOY.jpeg","D:\github\ron-english-toys\images\Trampt\Monotone Lady Lips - DESIGNER TOY.jpeg","False"
"items\more-evil-monkeys-mono-colorway-228.html","href","../images/Trampt/More%20Evil%20Monkeys%20(Mono%20Colorway)%20-%20DESIGNER%20TOY.jpeg","D:\github\ron-english-toys\images\Trampt\More Evil Monkeys (Mono Colorway) - DESIGNER TOY.jpeg","False"
"items\mousemask-murphy-biohazard-585.html","href","../images/Trampt/Mousemask%20Murphy%20-%20Biohazard%20-%20DESIGNER%20TOY.jpeg","D:\github\ron-english-toys\images\Trampt\Mousemask Murphy - Biohazard - DESIGNER TOY.jpeg","False"
"items\mousemask-murphy-in-airplane-black-book-toy-500.html","href","../images/Trampt/MOUSEMASK%20MURPHY%20IN%20AIRPLANE%20-%20Black%20Book%20Toy%20-%20DESIGNER%20TOY.jpeg","D:\github\ron-english-toys\images\Trampt\MOUSEMASK MURPHY IN AIRPLANE - Black Book Toy - DESIGNER TOY.jpeg","False"
"items\mousemask-murphy-in-airplane-psycho-camo-edition-469.html","href","../images/Trampt/Mousemask%20Murphy%20in%20Airplane%20-%20Psycho%20Camo%20edition%20-%20DESIGNER%20TOY.jpeg","D:\github\ron-english-toys\images\Trampt\Mousemask Murphy in Airplane - Psycho Camo edition - DESIGNER TOY.jpeg","False"
"items\mousemask-murphy-in-airplane-shark-teeth-gy-825.html","href","../images/Trampt/Mousemask%20Murphy%20in%20Airplane%20-%20Shark%20Teeth%20GY!%20-%20DESIGNER%20TOY.jpeg","D:\github\ron-english-toys\images\Trampt\Mousemask Murphy in Airplane - Shark Teeth GY! - DESIGNER TOY.jpeg","False"
"items\mushroom-grin-green-477.html","href","../images/Trampt/Mushroom%20Grin%20-%20Green%20-%20DESIGNER%20TOY.jpeg","D:\github\ron-english-toys\images\Trampt\Mushroom Grin - Green - DESIGNER TOY.jpeg","False"
"items\navy-mc-supersized-whiz-exclusive-944.html","href","../images/Trampt/Navy%20MC%20Supersized%20(Whiz%20Exclusive)%20-%20DESIGNER%20TOY.jpeg","D:\github\ron-english-toys\images\Trampt\Navy MC Supersized (Whiz Exclusive) - DESIGNER TOY.jpeg","False"
"items\neon-mc-supersized-grin-403.html","href","../images/Trampt/Neon%20Mc%20Supersized%20Grin%20-%20DESIGNER%20TOY.jpeg","D:\github\ron-english-toys\images\Trampt\Neon Mc Supersized Grin - DESIGNER TOY.jpeg","False"
"items\nong-toy-grin-285.html","href","../images/Trampt/Nong%20Toy%20Grin%20-%20DESIGNER%20TOY.jpeg","D:\github\ron-english-toys\images\Trampt\Nong Toy Grin - DESIGNER TOY.jpeg","False"
"items\obesie-o-s-mini-595.html","href","../images/Trampt/Obesie%20O&#39;S%20Mini%20-%20DESIGNER%20TOY.jpeg","D:\github\ron-english-toys\images\Trampt\Obesie O'S Mini - DESIGNER TOY.jpeg","False"
"items\obesie-o-s-mini-595.html","src","../images/Trampt/Obesie O","D:\github\ron-english-toys\images\Trampt\Obesie O","False"
"items\og-evil-mc-535.html","href","../images/Trampt/OG%20Evil%20MC%20-%20DESIGNER%20TOY.jpeg","D:\github\ron-english-toys\images\Trampt\OG Evil MC - DESIGNER TOY.jpeg","False"
"items\og-forlorn-unicorn-117.html","href","../images/Trampt/OG%20Forlorn%20Unicorn%20-%20DESIGNER%20TOY.jpeg","D:\github\ron-english-toys\images\Trampt\OG Forlorn Unicorn - DESIGNER TOY.jpeg","False"
"items\og-lady-lips-445.html","href","../images/Trampt/OG%20Lady%20Lips%20-%20DESIGNER%20TOY.jpeg","D:\github\ron-english-toys\images\Trampt\OG Lady Lips - DESIGNER TOY.jpeg","False"
"items\oxidation-deadmau5-grin-965.html","href","../images/Trampt/Oxidation%20Deadmau5%20Grin%20-%20DESIGNER%20TOY.gif","D:\github\ron-english-toys\images\Trampt\Oxidation Deadmau5 Grin - DESIGNER TOY.gif","False"
"items\panda-grin-black-glitter-451.html","href","../images/Trampt/Panda%20Grin%20Black%20Glitter%20-%20DESIGNER%20TOY.jpeg","D:\github\ron-english-toys\images\Trampt\Panda Grin Black Glitter - DESIGNER TOY.jpeg","False"
"items\patina-lady-liberty-grin-963.html","href","../images/Trampt/Patina%20Lady%20Liberty%20Grin%20-%20DESIGNER%20TOY.gif","D:\github\ron-english-toys\images\Trampt\Patina Lady Liberty Grin - DESIGNER TOY.gif","False"
"items\pink-blue-gid-light-cult-crypto-bulb-646.html","href","../images/Trampt/Pink%20%26%20Blue%20GID%20Light%20Cult%20Crypto%20Bulb%20-%20DESIGNER%20TOY.jpeg","D:\github\ron-english-toys\images\Trampt\Pink & Blue GID Light Cult Crypto Bulb - DESIGNER TOY.jpeg","False"
"items\pink-cheezy-shocking-sunflower-3-eyed-sponge-845.html","href","../images/Trampt/Pink%20Cheezy%20Shocking%20Sunflower%20(3%20Eyed%20Sponge)%20-%20DESIGNER%20TOY.jpeg","D:\github\ron-english-toys\images\Trampt\Pink Cheezy Shocking Sunflower (3 Eyed Sponge) - DESIGNER TOY.jpeg","False"
"items\pink-glitter-mc-supersized-sdcc-2017-719.html","href","../images/Trampt/Pink%20Glitter%20MC%20Supersized%20(SDCC%202017)%20-%20DESIGNER%20TOY.jpeg","D:\github\ron-english-toys\images\Trampt\Pink Glitter MC Supersized (SDCC 2017) - DESIGNER TOY.jpeg","False"
"items\pink-melty-ronnnie-rabbbit-996.html","href","../images/Trampt/Pink%20Melty%20Ronnnie%20Rabbbit%20-%20DESIGNER%20TOY.jpeg","D:\github\ron-english-toys\images\Trampt\Pink Melty Ronnnie Rabbbit - DESIGNER TOY.jpeg","False"
"items\pink-shocking-sunflower-bone-grin-114.html","href","../images/Trampt/Pink%20Shocking%20Sunflower%20(Bone%20Grin)%20-%20DESIGNER%20TOY.jpeg","D:\github\ron-english-toys\images\Trampt\Pink Shocking Sunflower (Bone Grin) - DESIGNER TOY.jpeg","False"
"items\pink-shocking-sunflower-smile-353.html","href","../images/Trampt/Pink%20Shocking%20Sunflower%20(Smile)%20-%20DESIGNER%20TOY.jpeg","D:\github\ron-english-toys\images\Trampt\Pink Shocking Sunflower (Smile) - DESIGNER TOY.jpeg","False"
"items\popeye-grin-gid-180.html","href","../images/Trampt/Popeye%20Grin%20GID%20-%20DESIGNER%20TOY.jpeg","D:\github\ron-english-toys\images\Trampt\Popeye Grin GID - DESIGNER TOY.jpeg","False"
"items\purple-green-sugar-diabetic-bear-555.html","href","../images/Trampt/Purple%20%26%20Green%20Sugar%20Diabetic%20Bear%20-%20DESIGNER%20TOY.jpeg","D:\github\ron-english-toys\images\Trampt\Purple & Green Sugar Diabetic Bear - DESIGNER TOY.jpeg","False"
"items\rabbbit-frozen-culture-235.html","href","../images/Trampt/Rabbbit%20Frozen%20Culture%20-%20DESIGNER%20TOY.jpeg","D:\github\ron-english-toys\images\Trampt\Rabbbit Frozen Culture - DESIGNER TOY.jpeg","False"
"items\rainbow-figment-490.html","href","../images/Trampt/Rainbow%20Figment%20-%20ART%20PRINT.jpeg","D:\github\ron-english-toys\images\Trampt\Rainbow Figment - ART PRINT.jpeg","False"
"items\rainbow-figment-490.html","src","../images/Trampt/Rainbow%20Figment%20-%20ART%20PRINT.jpeg","D:\github\ron-english-toys\images\Trampt\Rainbow Figment - ART PRINT.jpeg","False"
"items\rainbow-orion-grin-gold-teeth-46.html","href","../images/Trampt/Rainbow%20Orion%20Grin%20(Gold%20Teeth)%20-%20DESIGNER%20TOY.jpeg","D:\github\ron-english-toys\images\Trampt\Rainbow Orion Grin (Gold Teeth) - DESIGNER TOY.jpeg","False"
"items\rebel-rebel-heart-skull-nycc-18-369.html","href","../images/Trampt/Rebel%20Rebel%20Heart%20Skull%20(NYCC%20&#39;18)%20-%20DESIGNER%20TOY.jpeg","D:\github\ron-english-toys\images\Trampt\Rebel Rebel Heart Skull (NYCC '18) - DESIGNER TOY.jpeg","False"
"items\rebel-rebel-heart-skull-nycc-18-369.html","src","../images/Trampt/Rebel Rebel Heart Skull (NYCC ","D:\github\ron-english-toys\images\Trampt\Rebel Rebel Heart Skull (NYCC","False"
"items\red-edition-peace-love-and-understanding-492.html","href","../images/Trampt/Red%20Edition%20Peace%2C%20Love%20and%20Understanding%20-%20DESIGNER%20TOY.jpeg","D:\github\ron-english-toys\images\Trampt\Red Edition Peace, Love and Understanding - DESIGNER TOY.jpeg","False"
"items\rollie-green-un1ted-edition-platinum-mogul-grin-748.html","href","../images/Trampt/Rollie%20Green%20UN1TED%20Edition%20Platinum%20Mogul%20Grin%20-%20DESIGNER%20TOY.jpeg","D:\github\ron-english-toys\images\Trampt\Rollie Green UN1TED Edition Platinum Mogul Grin - DESIGNER TOY.jpeg","False"
"items\rose-gold-iron-skin-grin-974.html","href","../images/Trampt/Rose%20Gold%20Iron%20Skin%20Grin%20-%20DESIGNER%20TOY.jpeg","D:\github\ron-english-toys\images\Trampt\Rose Gold Iron Skin Grin - DESIGNER TOY.jpeg","False"
"items\silver-d-dog-grin-black-smile-851.html","href","../images/Trampt/Silver%20DDog%20Grin%20(Black%20Smile)%20-%20DESIGNER%20TOY.jpeg","D:\github\ron-english-toys\images\Trampt\Silver DDog Grin (Black Smile) - DESIGNER TOY.jpeg","False"
"items\smiley-grin-piggy-bank-gentle-blue-962.html","href","../images/Trampt/Smiley%20Grin%20Piggy%20Bank%20-%20Gentle%20Blue%20-%20DESIGNER%20TOY.gif","D:\github\ron-english-toys\images\Trampt\Smiley Grin Piggy Bank - Gentle Blue - DESIGNER TOY.gif","False"
"items\smiley-grin-piggy-bank-gold-platinum-grill-278.html","href","../images/Trampt/Smiley%20Grin%20Piggy%20Bank%20-%20Gold-Platinum%20Grill%20-%20DESIGNER%20TOY.jpeg","D:\github\ron-english-toys\images\Trampt\Smiley Grin Piggy Bank - Gold-Platinum Grill - DESIGNER TOY.jpeg","False"
"items\springtime-deadmau5-grin-1037.html","href","../images/Trampt/Springtime%20Deadmau5%20Grin%20-%20DESIGNER%20TOY.gif","D:\github\ron-english-toys\images\Trampt\Springtime Deadmau5 Grin - DESIGNER TOY.gif","False"
"items\teal-fat-tony-242.html","href","../images/Trampt/Teal%20Fat%20Tony%20-%20DESIGNER%20TOY.jpeg","D:\github\ron-english-toys\images\Trampt\Teal Fat Tony - DESIGNER TOY.jpeg","False"
"items\telegrinnies-jps-edition-secret-a-10-number-1-to-20-clear-chest-cover-gold-teeth-257.html","href","../images/Trampt/Telegrinnies%20(%20JPS%20Edition%20)%20secret%20A%2010%25%20%C3%A2%E2%82%AC%E2%80%9C%20number%201%20to%2020%20clear%20chest%20cover%20%2C%20gold%20teeth%20-%20DESIGNER%20TOY.jpeg","D:\github\ron-english-toys\images\Trampt\Telegrinnies ( JPS Edition ) secret A 10% â€“ number 1 to 20 clear chest cover , gold teeth - DESIGNER TOY.jpeg","False"
"items\telegrinnies-jps-edition-secret-b-20-number-21-to-60-clear-chest-cover-29.html","href","../images/Trampt/Telegrinnies%20(%20JPS%20Edition%20)%20Secret%20B%2020%25%20%C3%A2%E2%82%AC%E2%80%9C%20number%2021%20to%2060%20clear%20chest%20cover%20-%20DESIGNER%20TOY.jpeg","D:\github\ron-english-toys\images\Trampt\Telegrinnies ( JPS Edition ) Secret B 20% â€“ number 21 to 60 clear chest cover - DESIGNER TOY.jpeg","False"
"items\telegrinnies-jps-edition-secret-b-20-number-21-to-60-clear-chest-cover-29.html","src","../images/Trampt/Telegrinnies%20(%20JPS%20Edition%20)%20Secret%20B%2020%25%20%C3%A2%E2%82%AC%E2%80%9C%20number%2021%20to%2060%20clear%20chest%20cover%20-%20DESIGNER%20TOY.jpeg","D:\github\ron-english-toys\images\Trampt\Telegrinnies ( JPS Edition ) Secret B 20% â€“ number 21 to 60 clear chest cover - DESIGNER TOY.jpeg","False"
"items\telegrinnies-pink-jps-edition-secret-a-10-number-1-to-20-clear-chest-cover-gold-teeth-981.html","href","../images/Trampt/Telegrinnies%20Pink%20(%20JPS%20Edition%20)%20secret%20A%2010%25%20%C3%A2%E2%82%AC%E2%80%9C%20number%201%20to%2020%20clear%20chest%20cover%20%2C%20gold%20teeth%20-%20DESIGNER%20TOY.jpeg","D:\github\ron-english-toys\images\Trampt\Telegrinnies Pink ( JPS Edition ) secret A 10% â€“ number 1 to 20 clear chest cover , gold teeth - DESIGNER TOY.jpeg","False"
"items\telegrinnies-pink-jps-edition-secret-a-10-number-1-to-20-clear-chest-cover-gold-teeth-981.html","src","../images/Trampt/Telegrinnies%20Pink%20(%20JPS%20Edition%20)%20secret%20A%2010%25%20%C3%A2%E2%82%AC%E2%80%9C%20number%201%20to%2020%20clear%20chest%20cover%20%2C%20gold%20teeth%20-%20DESIGNER%20TOY.jpeg","D:\github\ron-english-toys\images\Trampt\Telegrinnies Pink ( JPS Edition ) secret A 10% â€“ number 1 to 20 clear chest cover , gold teeth - DESIGNER TOY.jpeg","False"
"items\telegrinnies-pink-jps-edition-secret-b-20-number-21-to-60-clear-chest-cover-737.html","href","../images/Trampt/Telegrinnies%20Pink%20(%20JPS%20Edition%20)%20Secret%20B%2020%25%20%C3%A2%E2%82%AC%E2%80%9C%20number%2021%20to%2060%20clear%20chest%20cover%20-%20DESIGNER%20TOY.jpeg","D:\github\ron-english-toys\images\Trampt\Telegrinnies Pink ( JPS Edition ) Secret B 20% â€“ number 21 to 60 clear chest cover - DESIGNER TOY.jpeg","False"
"items\telegrinnies-pink-jps-edition-special-unpainted-104.html","href","../images/Trampt/Telegrinnies%20Pink%20(%20JPS%20Edition%20)%20Special%20Unpainted%20-%20DESIGNER%20TOY.jpeg","D:\github\ron-english-toys\images\Trampt\Telegrinnies Pink ( JPS Edition ) Special Unpainted - DESIGNER TOY.jpeg","False"
"items\temper-tot-drawing-792.html","href","../images/Trampt/Temper%20Tot%20(Drawing)%20-%20Original%20Art%20-%20Trampt%20item%20792.jpeg","D:\github\ron-english-toys\images\Trampt\Temper Tot (Drawing) - Original Art - Trampt item 792.jpeg","False"
"items\temper-tot-drawing-792.html","src","../images/Trampt/Temper%20Tot%20(Drawing)%20-%20Original%20Art%20-%20Trampt%20item%20792.jpeg","D:\github\ron-english-toys\images\Trampt\Temper Tot (Drawing) - Original Art - Trampt item 792.jpeg","False"
"items\the-artist-s-house-234.html","href","../images/Trampt/The%20artist","D:\github\ron-english-toys\images\Trampt\The artist","False"
"items\the-artist-s-house-234.html","src","../images/Trampt/The%20artist","D:\github\ron-english-toys\images\Trampt\The artist","False"
"items\the-chase-temper-tot-dinogrenade-limited-edition-of-30-94.html","href","../images/Trampt/THE%20CHASE%20TEMPER%20TOT%20DINOGRENADE%20(LIMITED%20EDITION%20OF%2030)%20-%20Original%20Art%20-%20Trampt%20item%2094.jpg","D:\github\ron-english-toys\images\Trampt\THE CHASE TEMPER TOT DINOGRENADE (LIMITED EDITION OF 30) - Original Art - Trampt item 94.jpg","False"
"items\the-chase-temper-tot-dinogrenade-limited-edition-of-30-94.html","src","../images/Trampt/THE%20CHASE%20TEMPER%20TOT%20DINOGRENADE%20(LIMITED%20EDITION%20OF%2030)%20-%20Original%20Art%20-%20Trampt%20item%2094.jpg","D:\github\ron-english-toys\images\Trampt\THE CHASE TEMPER TOT DINOGRENADE (LIMITED EDITION OF 30) - Original Art - Trampt item 94.jpg","False"
"items\the-flinstones-bam-bam-grin-sdcc-19-767.html","href","../images/Trampt/The%20Flinstones%20Bam%20Bam%20Grin%20(SDCC%20&#39;19)%20-%20DESIGNER%20TOY.jpeg","D:\github\ron-english-toys\images\Trampt\The Flinstones Bam Bam Grin (SDCC '19) - DESIGNER TOY.jpeg","False"
"items\the-flinstones-bam-bam-grin-sdcc-19-767.html","src","../images/Trampt/The Flinstones Bam Bam Grin (SDCC ","D:\github\ron-english-toys\images\Trampt\The Flinstones Bam Bam Grin (SDCC","False"
"items\the-new-nativity-248.html","href","../images/Trampt/The%20New%20Nativity%20-%20DESIGNER%20TOY.jpeg","D:\github\ron-english-toys\images\Trampt\The New Nativity - DESIGNER TOY.jpeg","False"
"items\tie-dyed-fluorescent-punk-skunch-746.html","href","../images/Trampt/Tie-Dyed%20Fluorescent%20Punk%20Skunch%20-%20DESIGNER%20TOY.jpeg","D:\github\ron-english-toys\images\Trampt\Tie-Dyed Fluorescent Punk Skunch - DESIGNER TOY.jpeg","False"
"items\trick-or-treat-punk-skunk-1056.html","href","../images/Trampt/Trick%20or%20Treat%20Punk%20Skunk%20-%20DESIGNER%20TOY.jpeg","D:\github\ron-english-toys\images\Trampt\Trick or Treat Punk Skunk - DESIGNER TOY.jpeg","False"
"items\tupac-temper-tot-1018.html","href","../images/Trampt/Tupac%20Temper%20Tot%20-%20Original%20Art%20-%20Trampt%20item%201018.jpg","D:\github\ron-english-toys\images\Trampt\Tupac Temper Tot - Original Art - Trampt item 1018.jpg","False"
"items\tupac-temper-tot-1018.html","src","../images/Trampt/Tupac%20Temper%20Tot%20-%20Original%20Art%20-%20Trampt%20item%201018.jpg","D:\github\ron-english-toys\images\Trampt\Tupac Temper Tot - Original Art - Trampt item 1018.jpg","False"
"items\urban-bigfoot-jungle-gold-676.html","href","../images/Trampt/Urban%20Bigfoot%20-%20Jungle%20Gold%20-%20DESIGNER%20TOY.jpeg","D:\github\ron-english-toys\images\Trampt\Urban Bigfoot - Jungle Gold - DESIGNER TOY.jpeg","False"
"items\valentine-dinogrenade-pink-popaganda-exclusive-928.html","href","../images/Trampt/Valentine%20Dinogrenade%20(Pink%20POPaganda%20Exclusive)%20-%20DESIGNER%20TOY.jpeg","D:\github\ron-english-toys\images\Trampt\Valentine Dinogrenade (Pink POPaganda Exclusive) - DESIGNER TOY.jpeg","False"
"items\valentine-s-edition-peace-love-and-understanding-211.html","href","../images/Trampt/Valentine%C3%A2%E2%82%AC%E2%84%A2s%20Edition%20Peace%2C%20Love%20and%20Understanding%20-%20DESIGNER%20TOY.jpeg","D:\github\ron-english-toys\images\Trampt\Valentineâ€™s Edition Peace, Love and Understanding - DESIGNER TOY.jpeg","False"
"items\x-ray-mc-supersized-darkside-lucky-x-bag-2011-869.html","href","../images/Trampt/X-Ray%20Mc%20Supersized%20-%20Darkside%20(Lucky-X%20Bag%202011)%20-%20DESIGNER%20TOY.jpeg","D:\github\ron-english-toys\images\Trampt\X-Ray Mc Supersized - Darkside (Lucky-X Bag 2011) - DESIGNER TOY.jpeg","False"
"items\x-ray-mc-supersized-vintage-471.html","href","../images/Trampt/X-Ray%20Mc%20Supersized%20-%20Vintage%20-%20DESIGNER%20TOY.jpeg","D:\github\ron-english-toys\images\Trampt\X-Ray Mc Supersized - Vintage - DESIGNER TOY.jpeg","False"
"items\yellow-pink-lady-lips-ntwrk-exclusive-438.html","href","../images/Trampt/Yellow%20%26%20Pink%20Lady%20Lips%20(NTWRK%20Exclusive)%20-%20DESIGNER%20TOY.jpeg","D:\github\ron-english-toys\images\Trampt\Yellow & Pink Lady Lips (NTWRK Exclusive) - DESIGNER TOY.jpeg","False"
"original-art\index.html","src","../images/Trampt/Alfred%20E.%20Newman%20Skull%20-%20Original%20Art%20-%20Trampt%20item%20300.jpg","D:\github\ron-english-toys\images\Trampt\Alfred E. Newman Skull - Original Art - Trampt item 300.jpg","False"
"original-art\index.html","src","../images/Trampt/ALT%20Football%20-%20Original%20Art%20-%20Trampt%20item%20584.jpg","D:\github\ron-english-toys\images\Trampt\ALT Football - Original Art - Trampt item 584.jpg","False"
"original-art\index.html","src","../images/Trampt/Astro%20Grin%20(Drawing)%20-%20Original%20Art%20-%20Trampt%20item%20675.jpeg","D:\github\ron-english-toys\images\Trampt\Astro Grin (Drawing) - Original Art - Trampt item 675.jpeg","False"
"original-art\index.html","src","../images/Trampt/Bad%20Man%20and%20Sidekick%20-%20Original%20Art%20-%20Trampt%20item%20129.jpeg","D:\github\ron-english-toys\images\Trampt\Bad Man and Sidekick - Original Art - Trampt item 129.jpeg","False"
"original-art\index.html","src","../images/Trampt/Batman%20and%20the%20Boy%20Blunder%20(Badly%20Drawn)%20-%20Original%20Art%20-%20Trampt%20item%20985.jpg","D:\github\ron-english-toys\images\Trampt\Batman and the Boy Blunder (Badly Drawn) - Original Art - Trampt item 985.jpg","False"
"original-art\index.html","src","../images/Trampt/Batman%20Brain%20Dream%20-%20Original%20Art%20-%20Trampt%20item%201054.jpeg","D:\github\ron-english-toys\images\Trampt\Batman Brain Dream - Original Art - Trampt item 1054.jpeg","False"
"original-art\index.html","src","../images/Trampt/Beau%20Lief%20(Drawing)%20-%20Original%20Art%20-%20Trampt%20item%20747.jpeg","D:\github\ron-english-toys\images\Trampt\Beau Lief (Drawing) - Original Art - Trampt item 747.jpeg","False"
"original-art\index.html","src","../images/Trampt/Big%20Boner%20Sketch%20-%20Original%20Art%20-%20Trampt%20item%20406.jpg","D:\github\ron-english-toys\images\Trampt\Big Boner Sketch - Original Art - Trampt item 406.jpg","False"
"original-art\index.html","src","../images/Trampt/Big%20Duck%20(Drawing)%20-%20Original%20Art%20-%20Trampt%20item%20759.jpeg","D:\github\ron-english-toys\images\Trampt\Big Duck (Drawing) - Original Art - Trampt item 759.jpeg","False"
"original-art\index.html","src","../images/Trampt/Big%20Eye%20Marilyn%20-%20Original%20Art%20-%20Trampt%20item%20450.jpg","D:\github\ron-english-toys\images\Trampt\Big Eye Marilyn - Original Art - Trampt item 450.jpg","False"
"original-art\index.html","src","../images/Trampt/Big%20Yang%20and%20The%20Yang%20Bangers%20Turnaround%20Sketch%20-%20Original%20Art%20-%20Trampt%20item%20499.jpg","D:\github\ron-english-toys\images\Trampt\Big Yang and The Yang Bangers Turnaround Sketch - Original Art - Trampt item 499.jpg","False"
"original-art\index.html","src","../images/Trampt/Brown%20acid%20trip%20-%20Original%20Art%20-%20Trampt%20item%20864.jpg","D:\github\ron-english-toys\images\Trampt\Brown acid trip - Original Art - Trampt item 864.jpg","False"
"original-art\index.html","src","../images/Trampt/Brute%20-%20Original%20Art%20-%20Trampt%20item%2033.jpeg","D:\github\ron-english-toys\images\Trampt\Brute - Original Art - Trampt item 33.jpeg","False"
"original-art\index.html","src","../images/Trampt/Camo%20deer%20in%20early%20spring%20-%20Original%20Art%20-%20Trampt%20item%20312.jpg","D:\github\ron-english-toys\images\Trampt\Camo deer in early spring - Original Art - Trampt item 312.jpg","False"
"original-art\index.html","src","../images/Trampt/Camo%20deer%20in%20spring%20bloom%20-%20Original%20Art%20-%20Trampt%20item%20254.jpg","D:\github\ron-english-toys\images\Trampt\Camo deer in spring bloom - Original Art - Trampt item 254.jpg","False"
"original-art\index.html","src","../images/Trampt/Camo%20deer%20in%20winter%20-%20Original%20Art%20-%20Trampt%20item%20606.jpg","D:\github\ron-english-toys\images\Trampt\Camo deer in winter - Original Art - Trampt item 606.jpg","False"
"original-art\index.html","src","../images/Trampt/Camo%20deer%20with%20autumn%20flowers%20-%20Original%20Art%20-%20Trampt%20item%20800.jpg","D:\github\ron-english-toys\images\Trampt\Camo deer with autumn flowers - Original Art - Trampt item 800.jpg","False"
"original-art\index.html","src","../images/Trampt/Camo%20deer%20with%20shark%20-%20Original%20Art%20-%20Trampt%20item%2092.jpg","D:\github\ron-english-toys\images\Trampt\Camo deer with shark - Original Art - Trampt item 92.jpg","False"
"original-art\index.html","src","../images/Trampt/CAMO%20LIGHT%20GRENADE%20-%20Original%20Art%20-%20Trampt%20item%20613.jpg","D:\github\ron-english-toys\images\Trampt\CAMO LIGHT GRENADE - Original Art - Trampt item 613.jpg","False"
"original-art\index.html","src","../images/Trampt/Capt","D:\github\ron-english-toys\images\Trampt\Capt","False"
"original-art\index.html","src","../images/Trampt/Carrot%20Man%20-%20Original%20Art%20-%20Trampt%20item%20656.jpeg","D:\github\ron-english-toys\images\Trampt\Carrot Man - Original Art - Trampt item 656.jpeg","False"
"original-art\index.html","src","../images/Trampt/Cartoon%20Guernica%20Sketch%20-%20Original%20Art%20-%20Trampt%20item%20196.jpg","D:\github\ron-english-toys\images\Trampt\Cartoon Guernica Sketch - Original Art - Trampt item 196.jpg","False"
"original-art\index.html","src","../images/Trampt/Cathy%20Cowgirl%20-%20Original%20Art%20-%20Trampt%20item%20760.jpg","D:\github\ron-english-toys\images\Trampt\Cathy Cowgirl - Original Art - Trampt item 760.jpg","False"
"original-art\index.html","src","../images/Trampt/Cereal%20Killer%20Cap","D:\github\ron-english-toys\images\Trampt\Cereal Killer Cap","False"
"original-art\index.html","src","../images/Trampt/Cereal%20Killer%20Coco%20Paunch%20Sketch%20-%20Original%20Art%20-%20Trampt%20item%20311.jpg","D:\github\ron-english-toys\images\Trampt\Cereal Killer Coco Paunch Sketch - Original Art - Trampt item 311.jpg","False"
"original-art\index.html","src","../images/Trampt/Cereal%20Killer%20Franken%20Fat%20Sketch%20-%20Original%20Art%20-%20Trampt%20item%20854.jpg","D:\github\ron-english-toys\images\Trampt\Cereal Killer Franken Fat Sketch - Original Art - Trampt item 854.jpg","False"
"original-art\index.html","src","../images/Trampt/Cereal%20Killer%20Fructose%20Peddlers%20Sketch%20-%20Original%20Art%20-%20Trampt%20item%20357.jpg","D:\github\ron-english-toys\images\Trampt\Cereal Killer Fructose Peddlers Sketch - Original Art - Trampt item 357.jpg","False"
"original-art\index.html","src","../images/Trampt/Cereal%20Killer%20Fruit%20Looped%20Sketch%20-%20Original%20Art%20-%20Trampt%20item%20476.jpg","D:\github\ron-english-toys\images\Trampt\Cereal Killer Fruit Looped Sketch - Original Art - Trampt item 476.jpg","False"
"original-art\index.html","src","../images/Trampt/Cereal%20Killer%20Sugar%20Diabetic%20Bear%20Sketch%20-%20Original%20Art%20-%20Trampt%20item%20227.jpg","D:\github\ron-english-toys\images\Trampt\Cereal Killer Sugar Diabetic Bear Sketch - Original Art - Trampt item 227.jpg","False"
"original-art\index.html","src","../images/Trampt/Cereal%20Killer%20Sugar%20Pow%20Sketch%20-%20Original%20Art%20-%20Trampt%20item%20728.jpg","D:\github\ron-english-toys\images\Trampt\Cereal Killer Sugar Pow Sketch - Original Art - Trampt item 728.jpg","False"
"original-art\index.html","src","../images/Trampt/Cereal%20Killer%20Tricks%20the%20Kids%20Sketch%20-%20Original%20Art%20-%20Trampt%20item%20799.jpg","D:\github\ron-english-toys\images\Trampt\Cereal Killer Tricks the Kids Sketch - Original Art - Trampt item 799.jpg","False"
"original-art\index.html","src","../images/Trampt/Cereal%20Killer%20Yucky%20Children%20Charmer%20Sketch%20-%20Original%20Art%20-%20Trampt%20item%20826.jpg","D:\github\ron-english-toys\images\Trampt\Cereal Killer Yucky Children Charmer Sketch - Original Art - Trampt item 826.jpg","False"
"original-art\index.html","src","../images/Trampt/CHIHUAHUA%20REX%20-%20Original%20Art%20-%20Trampt%20item%20402.jpg","D:\github\ron-english-toys\images\Trampt\CHIHUAHUA REX - Original Art - Trampt item 402.jpg","False"
"original-art\index.html","src","../images/Trampt/CLOUD%20DEER%20-%20Original%20Art%20-%20Trampt%20item%20243.jpg","D:\github\ron-english-toys\images\Trampt\CLOUD DEER - Original Art - Trampt item 243.jpg","False"
"original-art\index.html","src","../images/Trampt/CLOWN%20SCHOOL%20-%20Original%20Art%20-%20Trampt%20item%20437.jpg","D:\github\ron-english-toys\images\Trampt\CLOWN SCHOOL - Original Art - Trampt item 437.jpg","False"
"original-art\index.html","src","../images/Trampt/COMBAT%20CLASSIC%20PORTRAIT%20-%20Original%20Art%20-%20Trampt%20item%2091.jpg","D:\github\ron-english-toys\images\Trampt\COMBAT CLASSIC PORTRAIT - Original Art - Trampt item 91.jpg","False"
"original-art\index.html","src","../images/Trampt/Combrat%20carnival%20-%20Original%20Art%20-%20Trampt%20item%20874.jpg","D:\github\ron-english-toys\images\Trampt\Combrat carnival - Original Art - Trampt item 874.jpg","False"
"original-art\index.html","src","../images/Trampt/Comic%20house%20block%20party%20-%20Original%20Art%20-%20Trampt%20item%20171.jpg","D:\github\ron-english-toys\images\Trampt\Comic house block party - Original Art - Trampt item 171.jpg","False"
"original-art\index.html","src","../images/Trampt/Cowgirl%20hotrod%20-%20Original%20Art%20-%20Trampt%20item%20988.jpg","D:\github\ron-english-toys\images\Trampt\Cowgirl hotrod - Original Art - Trampt item 988.jpg","False"
"original-art\index.html","src","../images/Trampt/Demon%20Frankenstein%20Kaiju%20-%20Original%20Art%20-%20Trampt%20item%20479.jpg","D:\github\ron-english-toys\images\Trampt\Demon Frankenstein Kaiju - Original Art - Trampt item 479.jpg","False"
"original-art\index.html","src","../images/Trampt/Figment%20Bust%20Turnaround%20Sketches%20-%20Original%20Art%20-%20Trampt%20item%20554.jpg","D:\github\ron-english-toys\images\Trampt\Figment Bust Turnaround Sketches - Original Art - Trampt item 554.jpg","False"
"original-art\index.html","src","../images/Trampt/Forlorn%20Unicorn%20-%20Original%20Art%20-%20Trampt%20item%20791.jpeg","D:\github\ron-english-toys\images\Trampt\Forlorn Unicorn - Original Art - Trampt item 791.jpeg","False"
"original-art\index.html","src","../images/Trampt/Fruit%20Looped%20-%20Original%20Art%20-%20Trampt%20item%20559.jpg","D:\github\ron-english-toys\images\Trampt\Fruit Looped - Original Art - Trampt item 559.jpg","False"
"original-art\index.html","src","../images/Trampt/Gridiron%20(Drawing)%20-%20Original%20Art%20-%20Trampt%20item%20290.jpeg","D:\github\ron-english-toys\images\Trampt\Gridiron (Drawing) - Original Art - Trampt item 290.jpeg","False"
"original-art\index.html","src","../images/Trampt/Grin%20David%20(Drawing)%20-%20Original%20Art%20-%20Trampt%20item%20844.jpeg","D:\github\ron-english-toys\images\Trampt\Grin David (Drawing) - Original Art - Trampt item 844.jpeg","False"
"original-art\index.html","src","../images/Trampt/GRIN%20GOD%20-%20Original%20Art%20-%20Trampt%20item%20989.jpg","D:\github\ron-english-toys\images\Trampt\GRIN GOD - Original Art - Trampt item 989.jpg","False"
"original-art\index.html","src","../images/Trampt/Grin%20Polka%20Tile%20Painting%20-%20Original%20Art%20-%20Trampt%20item%20380.jpg","D:\github\ron-english-toys\images\Trampt\Grin Polka Tile Painting - Original Art - Trampt item 380.jpg","False"
"original-art\index.html","src","../images/Trampt/Grin%20Reeper%20-%20Original%20Art%20-%20Trampt%20item%20398.jpeg","D:\github\ron-english-toys\images\Trampt\Grin Reeper - Original Art - Trampt item 398.jpeg","False"
"original-art\index.html","src","../images/Trampt/Grin%20Reeper%20Mini%20-%20Original%20Art%20-%20Trampt%20item%2049.jpeg","D:\github\ron-english-toys\images\Trampt\Grin Reeper Mini - Original Art - Trampt item 49.jpeg","False"
"original-art\index.html","src","../images/Trampt/Heart%20Skull%20Sketch%20-%20Original%20Art%20-%20Trampt%20item%20247.jpg","D:\github\ron-english-toys\images\Trampt\Heart Skull Sketch - Original Art - Trampt item 247.jpg","False"
"original-art\index.html","src","../images/Trampt/Hulkboy%20Sketch%20-%20Original%20Art%20-%20Trampt%20item%20827.jpg","D:\github\ron-english-toys\images\Trampt\Hulkboy Sketch - Original Art - Trampt item 827.jpg","False"
"original-art\index.html","src","../images/Trampt/Lady%20Lips%20Kaiju%20(Drawing)%20-%20Original%20Art%20-%20Trampt%20item%20359.jpeg","D:\github\ron-english-toys\images\Trampt\Lady Lips Kaiju (Drawing) - Original Art - Trampt item 359.jpeg","False"
"original-art\index.html","src","../images/Trampt/MC%20Grin%20-%20Original%20Art%20-%20Trampt%20item%20726.jpeg","D:\github\ron-english-toys\images\Trampt\MC Grin - Original Art - Trampt item 726.jpeg","False"
"original-art\index.html","src","../images/Trampt/MC%20Snowglobe%20Eyes%20(Drawing)%20-%20Original%20Art%20-%20Trampt%20item%201024.jpeg","D:\github\ron-english-toys\images\Trampt\MC Snowglobe Eyes (Drawing) - Original Art - Trampt item 1024.jpeg","False"
"original-art\index.html","src","../images/Trampt/MC%20Supersized%20Sketch%20-%20Original%20Art%20-%20Trampt%20item%20702.jpg","D:\github\ron-english-toys\images\Trampt\MC Supersized Sketch - Original Art - Trampt item 702.jpg","False"
"original-art\index.html","src","../images/Trampt/Temper%20Tot%20(Drawing)%20-%20Original%20Art%20-%20Trampt%20item%20792.jpeg","D:\github\ron-english-toys\images\Trampt\Temper Tot (Drawing) - Original Art - Trampt item 792.jpeg","False"
"original-art\index.html","src","../images/Trampt/The%20artist","D:\github\ron-english-toys\images\Trampt\The artist","False"
"original-art\index.html","src","../images/Trampt/THE%20CHASE%20TEMPER%20TOT%20DINOGRENADE%20(LIMITED%20EDITION%20OF%2030)%20-%20Original%20Art%20-%20Trampt%20item%2094.jpg","D:\github\ron-english-toys\images\Trampt\THE CHASE TEMPER TOT DINOGRENADE (LIMITED EDITION OF 30) - Original Art - Trampt item 94.jpg","False"
"original-art\index.html","src","../images/Trampt/Tupac%20Temper%20Tot%20-%20Original%20Art%20-%20Trampt%20item%201018.jpg","D:\github\ron-english-toys\images\Trampt\Tupac Temper Tot - Original Art - Trampt item 1018.jpg","False"
"toys\art-toys-and-editions\index.html","src","../../images/Trampt/Grinnin","D:\github\ron-english-toys\images\Trampt\Grinnin","False"
"toys\art-toys-and-editions\index.html","src","../../images/Trampt/The%20Flinstones%20Bam%20Bam%20Grin%20(SDCC%20","D:\github\ron-english-toys\images\Trampt\The Flinstones Bam Bam Grin (SDCC","False"
