"ItemNumber","Title","Category","Status","ImageUrl","ImageFileName","ItemPagePatched","IndexCardsPatched","Error"
"444","100% Bearbrick x RonEnglish DCon 2025","Custom Toy","Downloaded","https://img.trampt.com/items/100_Bearbrick_x_RonEnglish_DCon_2025-Scott_Tolleson-Bearbrick-zOlewHVavXMjql.jpeg","100% Bearbrick x RonEnglish DCon 2025 - Custom Toy - Trampt item 444.jpeg","True","1",""
"967","48"" Pink Temper Tot","Custom Toy","Downloaded","https://img.trampt.com/products/000/317/448/30_Pink_Temper_Tot-Ron_English-Temper_Tot-trampt-317448o.jpg","48 Pink Temper Tot - Custom Toy - Trampt item 967.jpg","True","1",""
"462","84"" Black Starskull Walkimg Stick","Custom Toy","Downloaded","https://img.trampt.com/items/84_Black_Starskull_Walkimg_Stick-Ron_English-Star_Skull_Walking_Stick-exG5RcZ7xKUuvJ.jpeg","84 Black Starskull Walkimg Stick - Custom Toy - Trampt item 462.jpeg","True","1",""
"678","Action Jackson & Bauhaus","Original Art","Downloaded","https://img.trampt.com/products/000/021/375/Action_Jackson__Bauhaus-Ron_English-Oil-trampt-21375o.jpg","Action Jackson and Bauhaus - Original Art - Trampt item 678.jpg","True","1",""
"103","ADTAGGED","Custom Toy","Downloaded","https://img.trampt.com/products/000/182/915/untitled-Ron_English-AT-AT-trampt-182915o.jpg","ADTAGGED - Custom Toy - Trampt item 103.jpg","True","1",""
"300","Alfred E. Newman Skull","Original Art","Downloaded","https://img.trampt.com/products/000/314/629/Alfred_E_Newman_Skull-Ron_English-Ink-trampt-314629o.jpg","Alfred E. Newman Skull - Original Art - Trampt item 300.jpg","True","1",""
"584","ALT Football","Original Art","Downloaded","https://img.trampt.com/products/000/314/630/ALT_Football-Ron_English-Ink-trampt-314630o.jpg","ALT Football - Original Art - Trampt item 584.jpg","True","1",""
"675","Astro Grin (Drawing)","Original Art","Downloaded","https://img.trampt.com/items/Astro_Grin_(Drawing)-Ron_English-XDXuMqGM6F65xZ.jpeg","Astro Grin (Drawing) - Original Art - Trampt item 675.jpeg","True","1",""
"900","ATATIGER","Custom Toy","Downloaded","https://img.trampt.com/products/000/182/916/untitled-Ron_English-AT-AT-trampt-182916o.jpg","ATATIGER - Custom Toy - Trampt item 900.jpg","True","1",""
"382","Backyard soldiers","Original Art","Downloaded","https://img.trampt.com/products/000/021/362/Backyard_soldiers-Ron_English-Oil-trampt-21362o.jpg","Backyard soldiers - Original Art - Trampt item 382.jpg","True","1",""
"129","Bad Man and Sidekick","Original Art","Downloaded","https://img.trampt.com/items/Bad_Man_and_Sidekick-Ron_English-j5-R3ZH4dPaf-B.jpeg","Bad Man and Sidekick - Original Art - Trampt item 129.jpeg","True","1",""
"922","Bart English","Custom Toy","Downloaded","https://img.trampt.com/products/000/009/043/Bart_English-Ron_English-Bart_Qee-trampt-9043o.jpg","Bart English - Custom Toy - Trampt item 922.jpg","True","1",""
"985","Batman and the Boy Blunder (Badly Drawn)","Original Art","Downloaded","https://img.trampt.com/products/000/314/628/Batman_and_the_Boy_Blunder_Badly_Drawn-Ron_English-Ink-trampt-314628o.jpg","Batman and the Boy Blunder (Badly Drawn) - Original Art - Trampt item 985.jpg","True","1",""
"1054","Batman Brain Dream","Original Art","Downloaded","https://img.trampt.com/items/Batman_Brain_Dream-Ron_English-dhDLmsecGYqKtI.jpeg","Batman Brain Dream - Original Art - Trampt item 1054.jpeg","True","1",""
"747","Beau Lief (Drawing)","Original Art","Downloaded","https://img.trampt.com/items/Beau_Lief_(Drawing)-Ron_English-j-b89LakcN3Cup.jpeg","Beau Lief (Drawing) - Original Art - Trampt item 747.jpeg","True","1",""
"406","Big Boner Sketch","Original Art","Downloaded","https://img.trampt.com/products/000/104/664/Big_Boner_Sketch-Ron_English-Ink-trampt-104664o.jpg","Big Boner Sketch - Original Art - Trampt item 406.jpg","True","1",""
"759","Big Duck (Drawing)","Original Art","Downloaded","https://img.trampt.com/items/Big_Duck_(Drawing)-Ron_English-nsTc7Jsz1i9MpS.jpeg","Big Duck (Drawing) - Original Art - Trampt item 759.jpeg","True","1",""
"450","Big Eye Marilyn","Original Art","Downloaded","https://img.trampt.com/products/000/137/542/Big_Eye_Marilyn-Ron_English-Mixed_Media-trampt-137542o.jpg","Big Eye Marilyn - Original Art - Trampt item 450.jpg","True","1",""
"921","BIGFOOT CHILD TOURIST (NFS)","Original Art","Downloaded","https://img.trampt.com/products/000/270/315/untitled-Ron_English-Fiberglass__Hair-trampt-270315o.jpg","BIGFOOT CHILD TOURIST (NFS) - Original Art - Trampt item 921.jpg","True","1",""
"169","BIGFOOT FATHER TOURIST (NFS)","Original Art","Downloaded","https://img.trampt.com/products/000/270/314/untitled-Ron_English-Fiberglass__Hair-trampt-270314o.jpg","BIGFOOT FATHER TOURIST (NFS) - Original Art - Trampt item 169.jpg","True","1",""
"983","BIGFOOT MOTHER TOURIST (NFS)","Original Art","Downloaded","https://img.trampt.com/products/000/270/313/untitled-Ron_English-Bronze-trampt-270313o.jpg","BIGFOOT MOTHER TOURIST (NFS) - Original Art - Trampt item 983.jpg","True","1",""
"499","Big Yang & The Yang Bangers Turnaround Sketch","Original Art","Downloaded","https://img.trampt.com/products/000/104/663/Big_Yang__The_Yang_Bangers_Turnaround_Sketch-Ron_English-Ink-trampt-104663o.jpg","Big Yang and The Yang Bangers Turnaround Sketch - Original Art - Trampt item 499.jpg","True","1",""
"864","Brown acid trip","Original Art","Downloaded","https://img.trampt.com/products/000/021/378/Brown_acid_trip-Ron_English-Oil-trampt-21378o.jpg","Brown acid trip - Original Art - Trampt item 864.jpg","True","1",""
"33","Brute","Original Art","Downloaded","https://img.trampt.com/items/Brute-Ron_English-HsrAjQOqkpnLpC.jpeg","Brute - Original Art - Trampt item 33.jpeg","True","1",""
"312","Camo deer in early spring","Original Art","Downloaded","https://img.trampt.com/products/000/021/364/Camo_deer_in_early_spring-Ron_English-Oil-trampt-21364o.jpg","Camo deer in early spring - Original Art - Trampt item 312.jpg","True","1",""
"254","Camo deer in spring bloom","Original Art","Downloaded","https://img.trampt.com/products/000/021/365/Camo_deer_in_spring_bloom-Ron_English-Oil-trampt-21365o.jpg","Camo deer in spring bloom - Original Art - Trampt item 254.jpg","True","1",""
"606","Camo deer in winter","Original Art","Downloaded","https://img.trampt.com/products/000/021/374/Camo_deer_in_winter-Ron_English-Oil-trampt-21374o.jpg","Camo deer in winter - Original Art - Trampt item 606.jpg","True","1",""
"800","Camo deer with autumn flowers","Original Art","Downloaded","https://img.trampt.com/products/000/021/363/Camo_deer_with_autumn_flowers-Ron_English-Oil-trampt-21363o.jpg","Camo deer with autumn flowers - Original Art - Trampt item 800.jpg","True","1",""
"92","Camo deer with shark","Original Art","Downloaded","https://img.trampt.com/products/000/021/366/Camo_deer_with_shark-Ron_English-Oil-trampt-21366o.jpg","Camo deer with shark - Original Art - Trampt item 92.jpg","True","1",""
"613","CAMO LIGHT GRENADE","Original Art","Downloaded","https://img.trampt.com/products/000/270/285/CAMO_LIGHT_GRENADE-Ron_English-Oil-trampt-270285o.jpg","CAMO LIGHT GRENADE - Original Art - Trampt item 613.jpg","True","1",""
"1004","Capt'n Cornstarch","Original Art","Downloaded","https://img.trampt.com/products/000/314/634/Captn_Cornstarch-Ron_English-Ink-trampt-314634o.jpg","Capt'n Cornstarch - Original Art - Trampt item 1004.jpg","True","1",""
"656","Carrot Man","Original Art","Downloaded","https://img.trampt.com/items/Carrot_Man-Ron_English-QNFJhT1qW_OB_r.jpeg","Carrot Man - Original Art - Trampt item 656.jpeg","True","1",""
"196","Cartoon Guernica Sketch","Original Art","Downloaded","https://img.trampt.com/products/000/104/652/Cartoon_Guernica_Sketch-Ron_English-Ink-trampt-104652o.jpg","Cartoon Guernica Sketch - Original Art - Trampt item 196.jpg","True","1",""
"760","Cathy Cowgirl","Original Art","Downloaded","https://img.trampt.com/products/000/314/632/Cathy_Cowgirl-Ron_English-Ink-trampt-314632o.jpg","Cathy Cowgirl - Original Art - Trampt item 760.jpg","True","1",""
"552","CATHY COWGIRL - PINK (LIMITED EDITION OF 30)","Custom Toy","Downloaded","https://img.trampt.com/products/000/270/305/untitled-Ron_English-Fat_Tony-trampt-270305o.jpg","CATHY COWGIRL - PINK (LIMITED EDITION OF 30) - Custom Toy - Trampt item 552.jpg","True","1",""
"356","Cereal Killer: Cap'n Cornstarch Sketch","Original Art","Downloaded","https://img.trampt.com/products/000/104/653/Cereal_Killer_Capn_Cornstarch_Sketch-Ron_English-Ink-trampt-104653o.jpg","Cereal Killer Cap'n Cornstarch Sketch - Original Art - Trampt item 356.jpg","True","1",""
"311","Cereal Killer: Coco Paunch Sketch","Original Art","Downloaded","https://img.trampt.com/products/000/104/654/Cereal_Killer_Coco_Paunch_Sketch-Ron_English-Ink-trampt-104654o.jpg","Cereal Killer Coco Paunch Sketch - Original Art - Trampt item 311.jpg","True","1",""
"854","Cereal Killer: Franken Fat Sketch","Original Art","Downloaded","https://img.trampt.com/products/000/104/655/Cereal_Killer_Franken_Fat_Sketch-Ron_English-Ink-trampt-104655o.jpg","Cereal Killer Franken Fat Sketch - Original Art - Trampt item 854.jpg","True","1",""
"357","Cereal Killer: Fructose Peddlers Sketch","Original Art","Downloaded","https://img.trampt.com/products/000/104/656/Cereal_Killer_Fructose_Peddlers_Sketch-Ron_English-Ink-trampt-104656o.jpg","Cereal Killer Fructose Peddlers Sketch - Original Art - Trampt item 357.jpg","True","1",""
"476","Cereal Killer: Fruit Looped Sketch","Original Art","Downloaded","https://img.trampt.com/products/000/104/657/Cereal_Killer_Fruit_Looped_Sketch-Ron_English-Ink-trampt-104657o.jpg","Cereal Killer Fruit Looped Sketch - Original Art - Trampt item 476.jpg","True","1",""
"227","Cereal Killer: Sugar Diabetic Bear Sketch","Original Art","Downloaded","https://img.trampt.com/products/000/104/658/Cereal_Killer_Sugar_Diabetic_Bear_Sketch-Ron_English-Ink-trampt-104658o.jpg","Cereal Killer Sugar Diabetic Bear Sketch - Original Art - Trampt item 227.jpg","True","1",""
"728","Cereal Killer: Sugar Pow Sketch","Original Art","Downloaded","https://img.trampt.com/products/000/104/659/Cereal_Killer_Sugar_Pow_Sketch-Ron_English-Ink-trampt-104659o.jpg","Cereal Killer Sugar Pow Sketch - Original Art - Trampt item 728.jpg","True","1",""
"799","Cereal Killer: Tricks the Kids Sketch","Original Art","Downloaded","https://img.trampt.com/products/000/104/660/Cereal_Killer_Tricks_the_Kids_Sketch-Ron_English-Ink-trampt-104660o.jpg","Cereal Killer Tricks the Kids Sketch - Original Art - Trampt item 799.jpg","True","1",""
"826","Cereal Killer: Yucky Children Charmer Sketch","Original Art","Downloaded","https://img.trampt.com/products/000/104/661/Cereal_Killer_Yucky_Children_Charmer_Sketch-Ron_English-Ink-trampt-104661o.jpg","Cereal Killer Yucky Children Charmer Sketch - Original Art - Trampt item 826.jpg","True","1",""
"37","Charlie Grin Turnaround Sketches","Original Art","Downloaded","https://img.trampt.com/products/000/104/662/Charlie_Grin_Turnaround_Sketches-Ron_English-Ink-trampt-104662o.jpg","Charlie Grin Turnaround Sketches - Original Art - Trampt item 37.jpg","True","1",""
"402","CHIHUAHUA REX","Original Art","Downloaded","https://img.trampt.com/products/000/270/292/untitled-Ron_English-Oil-trampt-270292o.jpg","CHIHUAHUA REX - Original Art - Trampt item 402.jpg","True","1",""
"558","Chrome Rabbbit","Custom Toy","Downloaded","https://img.trampt.com/products/000/018/531/Chrome_Rabbbit-Ron_English-Rabbbit-trampt-18531o.jpg","Chrome Rabbbit - Custom Toy - Trampt item 558.jpg","True","1",""
"550","Classic Big Poppa","Custom Toy","Downloaded","https://img.trampt.com/products/000/309/982/Classic_Big_Poppa-Ron_English-Big_Poppa-Clutter_Studios-trampt-309982o.jpg","Classic Big Poppa - Custom Toy - Trampt item 550.jpg","True","1",""
"243","CLOUD DEER","Original Art","Downloaded","https://img.trampt.com/products/000/270/297/untitled-Ron_English-Oil-trampt-270297o.jpg","CLOUD DEER - Original Art - Trampt item 243.jpg","True","1",""
"437","CLOWN SCHOOL","Original Art","Downloaded","https://img.trampt.com/products/000/218/370/untitled-Eine_Ben_Flynn-Stenciled_Spray_Paint-trampt-218370o.jpg","CLOWN SCHOOL - Original Art - Trampt item 437.jpg","True","1",""
"91","COMBAT CLASSIC PORTRAIT","Original Art","Downloaded","https://img.trampt.com/products/000/270/286/untitled-Ron_English-Oil-trampt-270286o.jpg","COMBAT CLASSIC PORTRAIT - Original Art - Trampt item 91.jpg","True","1",""
"874","Combrat carnival","Original Art","Downloaded","https://img.trampt.com/products/000/021/361/Combrat_carnival-Ron_English-Oil-trampt-21361o.jpg","Combrat carnival - Original Art - Trampt item 874.jpg","True","1",""
"171","Comic house block party","Original Art","Downloaded","https://img.trampt.com/products/000/021/368/Comic_house_block_party-Ron_English-Oil-trampt-21368o.jpg","Comic house block party - Original Art - Trampt item 171.jpg","True","1",""
"988","Cowgirl hotrod","Original Art","Downloaded","https://img.trampt.com/products/000/021/367/Cowgirl_hotrod-Ron_English-Oil-trampt-21367o.jpg","Cowgirl hotrod - Original Art - Trampt item 988.jpg","True","1",""
"956","Crystal-Embellished Gold & Black Big Poppa","Custom Toy","Downloaded","https://img.trampt.com/products/000/310/235/Crystal-Embellished_Gold__Black_Big_Poppa-Ron_English-Big_Poppa-Clutter_Studios-trampt-310235o.jpg","Crystal-Embellished Gold and Black Big Poppa - Custom Toy - Trampt item 956.jpg","True","1",""
"429","Crystal Lady Lips","Custom Toy","Downloaded","https://img.trampt.com/products/000/309/984/Crystal_Lady_Lips-Ron_English-Lady_Lips-self-produced-trampt-309984o.jpg","Crystal Lady Lips - Custom Toy - Trampt item 429.jpg","True","1",""
"280","Crystal Telegriny","Custom Toy","Downloaded","https://img.trampt.com/products/000/285/846/Crystal_Telegriny-Ron_English-Telegrinnies-trampt-285846o.jpg","Crystal Telegriny - Custom Toy - Trampt item 280.jpg","True","1",""
"479","Demon Frankenstein Kaiju","Original Art","Downloaded","https://img.trampt.com/products/000/314/631/Demon_Frankenstein_Kaiju-Ron_English-Ink-trampt-314631o.jpg","Demon Frankenstein Kaiju - Original Art - Trampt item 479.jpg","True","1",""
"26","DINOGRENADE","Original Art","Downloaded","https://img.trampt.com/products/000/270/288/DINOGRENADE-Ron_English-Oil-trampt-270288o.jpg","DINOGRENADE - Original Art - Trampt item 26.jpg","True","1",""
"960","Dog Face Shell (Drawing)","Original Art","Skipped - no usable http image URL","","","False","0",""
"101","D'oh! Boy - Heart In Hand","Custom Toy","Downloaded","https://img.trampt.com/products/000/104/628/Doh_Boy_-_Heart_In_Hand-Ron_English-Doh_Boy-trampt-104628o.jpg","D'oh! Boy - Heart In Hand - Custom Toy - Trampt item 101.jpg","True","1",""
"715","D'oh! Boy - Melty Face","Custom Toy","Downloaded","https://img.trampt.com/products/000/104/685/Doh_Boy_-_Melty_Face-Ron_English-Doh_Boy-trampt-104685o.jpg","D'oh! Boy - Melty Face - Custom Toy - Trampt item 715.jpg","True","1",""
"442","D'oh! Boy - Metallic Drip","Custom Toy","Downloaded","https://img.trampt.com/products/000/104/683/Doh_Boy_-_Metallic_Drip-Ron_English-Doh_Boy-trampt-104683o.jpg","D'oh! Boy - Metallic Drip - Custom Toy - Trampt item 442.jpg","True","1",""
"337","D'oh! Boy - Neon Yellow Swirl","Custom Toy","Downloaded","https://img.trampt.com/products/000/104/684/Doh_Boy_-_Neon_Yellow_Swirl-Ron_English-Doh_Boy-trampt-104684o.jpg","D'oh! Boy - Neon Yellow Swirl - Custom Toy - Trampt item 337.jpg","True","1",""
"868","D'oh! Boy - Traditional","Custom Toy","Downloaded","https://img.trampt.com/products/000/104/682/Doh_Boy_-_Traditional-Ron_English-Doh_Boy-trampt-104682o.jpg","D'oh! Boy - Traditional - Custom Toy - Trampt item 868.jpg","True","1",""
"113","Duck Mermaid (Drawing)","Original Art","Downloaded","https://img.trampt.com/items/Duck_Mermaid_(Drawing)-Ron_English-EYauprCFyIH2oL.jpeg","Duck Mermaid (Drawing) - Original Art - Trampt item 113.jpeg","True","1",""
"156","Elefanka on her High Horse","Original Art","Downloaded","https://img.trampt.com/items/Elefanka_on_her_High_Horse-Ron_English-LhFWwZ6KKsnay4.jpeg","Elefanka on her High Horse - Original Art - Trampt item 156.jpeg","True","1",""
"850","Elefanka on Her High Horse (Drawing)","Original Art","Downloaded","https://img.trampt.com/items/Elefanka_on_Her_High_Horse_(Drawing)-Ron_English-6_qXFZkY4qDHlj.jpeg","Elefanka on Her High Horse (Drawing) - Original Art - Trampt item 850.jpeg","True","1",""
"753","Eminem Grin","Original Art","Downloaded","https://img.trampt.com/items/Eminem_Grin-Ron_English-LW_xx8nRJnI0I3.jpeg","Eminem Grin - Original Art - Trampt item 753.jpeg","True","1",""
"197","EUROPEAN CAMO DOE","Original Art","Downloaded","https://img.trampt.com/products/000/270/312/untitled-Ron_English-Bronze-trampt-270312o.jpg","EUROPEAN CAMO DOE - Original Art - Trampt item 197.jpg","True","1",""
"517","EUROPEAN CAMO STAG","Original Art","Downloaded","https://img.trampt.com/products/000/270/311/untitled-Ron_English-Two_Ton_Sam-trampt-270311o.jpg","EUROPEAN CAMO STAG - Original Art - Trampt item 517.jpg","True","1",""
"468","Eyeball DNA Dock (Drawing)","Original Art","Downloaded","https://img.trampt.com/items/Eyeball_DNA_Dock_(Drawing)-Ron_English-U9KkS_Eg5_2ymv.jpeg","Eyeball DNA Dock (Drawing) - Original Art - Trampt item 468.jpeg","True","1",""
"882","Fairy Snail (Drawing)","Original Art","Downloaded","https://img.trampt.com/items/Fairy_Snail_(Drawing)-Ron_English-n6_-OrPyQ9XAP8.jpeg","Fairy Snail (Drawing) - Original Art - Trampt item 882.jpeg","True","1",""
"167","Fat Bart","Original Art","Downloaded","https://img.trampt.com/products/000/314/635/Fat_Bart-Ron_English-Ink-trampt-314635o.jpg","Fat Bart - Original Art - Trampt item 167.jpg","True","1",""
"47","FAT TONY (LIMITED EDITION OF 30)","Custom Toy","Downloaded","https://img.trampt.com/products/000/270/304/untitled-Ron_English-Oil-trampt-270304o.jpg","FAT TONY (LIMITED EDITION OF 30) - Custom Toy - Trampt item 47.jpg","True","1",""
"174","Fauxy Fox","Original Art","Downloaded","https://img.trampt.com/items/Fauxy_Fox-Ron_English-fFLXXw1-Qh5OcL.jpeg","Fauxy Fox - Original Art - Trampt item 174.jpeg","True","1",""
"554","Figment Bust Turnaround Sketches","Original Art","Downloaded","https://img.trampt.com/products/000/104/665/Figment_Bust_Turnaround_Sketches-Ron_English-Ink-trampt-104665o.jpg","Figment Bust Turnaround Sketches - Original Art - Trampt item 554.jpg","True","1",""
"593","FLINTSTONES ORIGIN STORY","Original Art","Downloaded","https://img.trampt.com/products/000/270/300/untitled-Ron_English-Oil-trampt-270300o.jpg","FLINTSTONES ORIGIN STORY - Original Art - Trampt item 593.jpg","True","1",""
"639","Flower Girl (Drawing)","Original Art","Downloaded","https://img.trampt.com/items/Flower_Girl_(Drawing)-Ron_English-UmbinnP3igqN_0.jpeg","Flower Girl (Drawing) - Original Art - Trampt item 639.jpeg","True","1",""
"704","Flower Mermaid (Drawing)","Original Art","Downloaded","https://img.trampt.com/items/Flower_Mermaid_(Drawing)-Ron_English-POlBOMUHnlYpUj.jpeg","Flower Mermaid (Drawing) - Original Art - Trampt item 704.jpeg","True","1",""
"791","Forlorn Unicorn","Original Art","Downloaded","https://img.trampt.com/items/Forlorn_Unicorn-Ron_English-MGON1kNFeU1YH5.jpeg","Forlorn Unicorn - Original Art - Trampt item 791.jpeg","True","1",""
"559","Fruit Looped","Original Art","Downloaded","https://img.trampt.com/products/000/314/637/Fruit_Looped-Ron_English-Ink-trampt-314637o.jpg","Fruit Looped - Original Art - Trampt item 559.jpg","True","1",""
"494","Funko Grin Proto","Custom Toy","Downloaded","https://img.trampt.com/items/Funko_Grin_Proto-Ron_English-Funko_Grin-fuTGnFxMLGwOn8.jpeg","Funko Grin Proto - Custom Toy - Trampt item 494.jpeg","True","1",""
"943","GIRAFFASAURUS","Original Art","Downloaded","https://img.trampt.com/products/000/270/284/untitled-Ron_English-Oil-trampt-270284o.jpg","GIRAFFASAURUS - Original Art - Trampt item 943.jpg","True","1",""
"269","Godzilla Portal","Original Art","Downloaded","https://img.trampt.com/products/000/137/749/GODZILLA_PORTAL-Ron_English-oil_on_canvas-trampt-137749o.jpg","Godzilla Portal - Original Art - Trampt item 269.jpg","True","1",""
"263","Golden Little Bigfoot","Custom Toy","Downloaded","https://img.trampt.com/products/000/162/085/Golden_Little_Bigfoot-Ron_English-Little_Bigfoot-Toy_Art_Gallery-trampt-162085o.jpg","Golden Little Bigfoot - Custom Toy - Trampt item 263.jpg","True","1",""
"270","Graff Mousemask (Drawing)","Original Art","Downloaded","https://img.trampt.com/items/Graff_Mousemask_(Drawing)-Ron_English-dd5C1nMww4aRBu.jpeg","Graff Mousemask (Drawing) - Original Art - Trampt item 270.jpeg","True","1",""
"840","Graveyard Guernica Sketches","Original Art","Downloaded","https://img.trampt.com/products/000/104/671/Graveyard_Guernica_Sketches-Ron_English-Ink-trampt-104671o.jpg","Graveyard Guernica Sketches - Original Art - Trampt item 840.jpg","True","1",""
"213","Green LITTLE BIGFOOT","Custom Toy","Downloaded","https://img.trampt.com/products/000/161/538/Green_LITTLE_BIGFOOT-Ron_English-Little_Bigfoot-Toy_Art_Gallery-trampt-161538o.jpg","Green LITTLE BIGFOOT - Custom Toy - Trampt item 213.jpg","True","1",""
"290","Gridiron (Drawing)","Original Art","Downloaded","https://img.trampt.com/items/Gridiron_(Drawing)-Ron_English--DbMa_92YdOYry.jpeg","Gridiron (Drawing) - Original Art - Trampt item 290.jpeg","True","1",""
"844","Grin David (Drawing)","Original Art","Downloaded","https://img.trampt.com/items/Grin_David_(Drawing)-Ron_English-7FNeGFMVf5ddxt.jpeg","Grin David (Drawing) - Original Art - Trampt item 844.jpeg","True","1",""
"989","GRIN GOD","Original Art","Downloaded","https://img.trampt.com/products/000/270/290/untitled-Ron_English-Oil-trampt-270290o.jpg","GRIN GOD - Original Art - Trampt item 989.jpg","True","1",""
"380","Grin Polka Tile Painting","Original Art","Downloaded","https://img.trampt.com/products/000/104/676/Grin_Polka_Tile_Painting-Ron_English-Mixed_Media-trampt-104676o.jpg","Grin Polka Tile Painting - Original Art - Trampt item 380.jpg","True","1",""
"398","Grin Reeper","Original Art","Downloaded","https://img.trampt.com/items/Grin_Reeper-Ron_English-PHOIqTrXJTmDKz.jpeg","Grin Reeper - Original Art - Trampt item 398.jpeg","True","1",""
"49","Grin Reeper Mini","Original Art","Downloaded","https://img.trampt.com/items/Grin_Reeper_Mini-Ron_English-GDsehDPjlRP3rE.jpeg","Grin Reeper Mini - Original Art - Trampt item 49.jpeg","True","1",""
"351","Guernica Trilogy","Original Art","Downloaded","https://img.trampt.com/products/000/137/541/Guernica_Trilogy-Ron_English-Mixed_Media-trampt-137541o.jpg","Guernica Trilogy - Original Art - Trampt item 351.jpg","True","1",""
"358","Hand Painted Modzilla","Custom Toy","Downloaded","https://img.trampt.com/products/000/259/817/Hand_Painted_Modzilla-Ron_English-Modzilla-trampt-259817o.jpg","Hand Painted Modzilla - Custom Toy - Trampt item 358.jpg","True","1",""
"521","Hand Painted Modzilla","Custom Toy","Downloaded","https://img.trampt.com/products/000/259/816/untitled-Ron_English-Modzilla-Toy_Art_Gallery-trampt-259816o.jpg","Hand Painted Modzilla - Custom Toy - Trampt item 521.jpg","True","1",""
"1026","Heart Brain - Bleeding Gold","Custom Toy","Downloaded","https://img.trampt.com/products/000/104/678/Heart_Brain_-_Bleeding_Gold-Ron_English-Heart_Brain-trampt-104678o.jpg","Heart Brain - Bleeding Gold - Custom Toy - Trampt item 1026.jpg","True","1",""
"725","Heart Brain - Glitter Clear","Custom Toy","Downloaded","https://img.trampt.com/products/000/104/634/Heart_Brain_-_Glitter_Clear-Ron_English-Heart_Brain-trampt-104634o.jpg","Heart Brain - Glitter Clear - Custom Toy - Trampt item 725.jpg","True","1",""
"237","Heart Brain - Orange Glow","Custom Toy","Downloaded","https://img.trampt.com/products/000/104/679/Heart_Brain_-_Orange_Glow-Ron_English-Heart_Brain-trampt-104679o.jpg","Heart Brain - Orange Glow - Custom Toy - Trampt item 237.jpg","True","1",""
"284","Heart Brain - Purple Heart","Custom Toy","Downloaded","https://img.trampt.com/products/000/104/680/Heart_Brain_-_Purple_Heart-Ron_English-Heart_Brain-trampt-104680o.jpg","Heart Brain - Purple Heart - Custom Toy - Trampt item 284.jpg","True","1",""
"1072","Heart Brain - Transparent Green","Custom Toy","Downloaded","https://img.trampt.com/products/000/104/681/Heart_Brain_-_Transparent_Green-Ron_English-Heart_Brain-trampt-104681o.jpg","Heart Brain - Transparent Green - Custom Toy - Trampt item 1072.jpg","True","1",""
"523","Heart Skull - Camo Brain","Custom Toy","Downloaded","https://img.trampt.com/products/000/104/638/Heart_Skull_-_Camo_Brain-Ron_English-Heart_Skull-trampt-104638o.jpg","Heart Skull - Camo Brain - Custom Toy - Trampt item 523.jpg","True","1",""
"577","Heart Skull - Glitter Purple","Custom Toy","Downloaded","https://img.trampt.com/products/000/104/639/Heart_Skull_-_Glitter_Purple-Ron_English-Heart_Skull-Self-produced-trampt-104639o.jpg","Heart Skull - Glitter Purple - Custom Toy - Trampt item 577.jpg","True","1",""
"586","Heart Skull - Glitter Silver","Custom Toy","Downloaded","https://img.trampt.com/products/000/104/640/Heart_Skull_-_Glitter_Silver-Ron_English-Heart_Skull-Self-produced-trampt-104640o.jpg","Heart Skull - Glitter Silver - Custom Toy - Trampt item 586.jpg","True","1",""
"418","Heart Skull - Purple Glitter","Custom Toy","Downloaded","https://img.trampt.com/products/000/111/455/Heart_Skull_-_Purple_Glitter-Ron_English-Heart_Skull-trampt-111455o.jpg","Heart Skull - Purple Glitter - Custom Toy - Trampt item 418.jpg","True","1",""
"1069","Heart Skull - Sherbet Drip","Custom Toy","Downloaded","https://img.trampt.com/products/000/104/642/Heart_Skull_-_Sherbet_Drip-Ron_English-Heart_Skull-trampt-104642o.jpg","Heart Skull - Sherbet Drip - Custom Toy - Trampt item 1069.jpg","True","1",""
"247","Heart Skull Sketch","Original Art","Downloaded","https://img.trampt.com/products/000/104/670/Heart_Skull_Sketch-Ron_English-Ink-trampt-104670o.jpg","Heart Skull Sketch - Original Art - Trampt item 247.jpg","True","1",""
"261","Heart Skull - Transparent Blue","Custom Toy","Downloaded","https://img.trampt.com/products/000/104/643/Heart_Skull_-_Transparent_Blue-Ron_English-Heart_Skull-Self-produced-trampt-104643o.jpg","Heart Skull - Transparent Blue - Custom Toy - Trampt item 261.jpg","True","1",""
"1003","Heart Skull - Transparent Green & Purple","Custom Toy","Skipped - no usable http image URL","","","False","0",""
"744","Heart Skull - Transparent Pink Swirl","Custom Toy","Downloaded","https://img.trampt.com/products/000/104/645/Heart_Skull_-_Transparent_Pink_Swirl-Ron_English-Heart_Skull-Self-produced-trampt-104645o.jpg","Heart Skull - Transparent Pink Swirl - Custom Toy - Trampt item 744.jpg","True","1",""
"292","Heart Skull - Transparent Yellow with Brain","Custom Toy","Downloaded","https://img.trampt.com/products/000/104/646/Heart_Skull_-_Transparent_Yellow_with_Brain-Ron_English-Heart_Skull-Self-produced-trampt-104646o.jpg","Heart Skull - Transparent Yellow with Brain - Custom Toy - Trampt item 292.jpg","True","1",""
"827","Hulkboy Sketch","Original Art","Downloaded","https://img.trampt.com/products/000/104/669/Hulkboy_Sketch-Ron_English-Ink-trampt-104669o.jpg","Hulkboy Sketch - Original Art - Trampt item 827.jpg","True","1",""
"224","Jasper Johns is on the Money","Original Art","Downloaded","https://img.trampt.com/items/Jasper_Johns_is_on_the_Money-Ron_English-86NnQMKzROdJwe.jpeg","Jasper Johns is on the Money - Original Art - Trampt item 224.jpeg","True","1",""
"718","Jeremiah Grin","Original Art","Downloaded","https://img.trampt.com/items/Jeremiah_Grin-Ron_English-vVFZ6fUc9eJw8a.jpeg","Jeremiah Grin - Original Art - Trampt item 718.jpeg","True","1",""
"632","Jewsus Christ superstar","Original Art","Downloaded","https://img.trampt.com/products/000/021/376/Jewsus_Christ_superstar-Ron_English-Oil-trampt-21376o.jpg","Jewsus Christ superstar - Original Art - Trampt item 632.jpg","True","1",""
"90","Joe Cancer on Chemo","Original Art","Downloaded","https://img.trampt.com/items/Joe_Cancer_on_Chemo-Ron_English-m0VfLXyKn7mhhp.jpeg","Joe Cancer on Chemo - Original Art - Trampt item 90.jpeg","True","1",""
"43","Kaiju Clown (Drawing)","Original Art","Downloaded","https://img.trampt.com/items/Kaiju_Clown_(Drawing)-Ron_English-EdSegV8MuorpNJ.jpeg","Kaiju Clown (Drawing) - Original Art - Trampt item 43.jpeg","True","1",""
"359","Lady Lips Kaiju (Drawing)","Original Art","Downloaded","https://img.trampt.com/items/Lady_Lips_Kaiju_(Drawing)-Ron_English-kO1NEAZ4kEXUuL.jpeg","Lady Lips Kaiju (Drawing) - Original Art - Trampt item 359.jpeg","True","1",""
"942","Liberty Grin - 48""","Custom Toy","Downloaded","https://img.trampt.com/products/000/247/628/Liberty_Grin_-_48-Ron_English-Liberty_Grin-trampt-247628o.jpg","Liberty Grin - 48 - Custom Toy - Trampt item 942.jpg","True","1",""
"645","Lil Bigfoot","Original Art","Downloaded","https://img.trampt.com/products/000/314/638/Lil_Bigfoot-Ron_English-Ink-trampt-314638o.jpg","Lil Bigfoot - Original Art - Trampt item 645.jpg","True","1",""
"188","Lil Bigfoot (Drawing)","Original Art","Downloaded","https://img.trampt.com/items/Lil_Bigfoot_(Drawing)-Ron_English-m6201TMhzxceMZ.jpeg","Lil Bigfoot (Drawing) - Original Art - Trampt item 188.jpeg","True","1",""
"756","Little Bigfoot - Fire","Custom Toy","Downloaded","https://img.trampt.com/products/000/104/677/Little_Bigfoot_-_Fire-Ron_English-Little_Bigfoot-trampt-104677o.jpg","Little Bigfoot - Fire - Custom Toy - Trampt item 756.jpg","True","1",""
"130","Little Bigfoot - Green","Custom Toy","Downloaded","https://img.trampt.com/products/000/121/731/Little_Bigfoot_-_Green-Ron_English-Little_Bigfoot-trampt-121731o.jpg","Little Bigfoot - Green - Custom Toy - Trampt item 130.jpg","True","1",""
"618","Little Bigfoot - Orange with Blue Face","Custom Toy","Downloaded","https://img.trampt.com/products/000/121/732/Little_Bigfoot_-_Orange_with_Blue_Face-Ron_English-Little_Bigfoot-trampt-121732o.jpg","Little Bigfoot - Orange with Blue Face - Custom Toy - Trampt item 618.jpg","True","1",""
"407","Little Bigfoot - Pink with Orange Face","Custom Toy","Downloaded","https://img.trampt.com/products/000/121/733/Little_Bigfoot_-_Pink_with_Orange_Face-Ron_English-Little_Bigfoot-trampt-121733o.jpg","Little Bigfoot - Pink with Orange Face - Custom Toy - Trampt item 407.jpg","True","1",""
"168","Little Bigfoot - Purple Rainbow","Custom Toy","Downloaded","https://img.trampt.com/products/000/121/735/Little_Bigfoot_-_Purple_Rainbow-Ron_English-Little_Bigfoot-trampt-121735o.jpg","Little Bigfoot - Purple Rainbow - Custom Toy - Trampt item 168.jpg","True","1",""
"745","Little Bigfoot - Purple with Blue Face","Custom Toy","Downloaded","https://img.trampt.com/products/000/121/734/Little_Bigfoot_-_Purple_with_Blue_Face-Ron_English-Little_Bigfoot-trampt-121734o.jpg","Little Bigfoot - Purple with Blue Face - Custom Toy - Trampt item 745.jpg","True","1",""
"185","LOVE CLOUD","Original Art","Downloaded","https://img.trampt.com/products/000/270/296/untitled-Ron_English-Oil-trampt-270296o.jpg","LOVE CLOUD - Original Art - Trampt item 185.jpg","True","1",""
"470","Lucy Dissect","Original Art","Downloaded","https://img.trampt.com/products/000/021/360/Lucy_Dissect-Ron_English-Oil-trampt-21360o.jpg","Lucy Dissect - Original Art - Trampt item 470.jpg","True","1",""
"434","Mad Mickey Grin","Original Art","Downloaded","https://img.trampt.com/items/Mad_Mickey_Grin-Ron_English-99PMb3xCG9ZUUu.jpeg","Mad Mickey Grin - Original Art - Trampt item 434.jpeg","True","1",""
"726","MC Grin","Original Art","Downloaded","https://img.trampt.com/items/MC_Grin-Ron_English-Q_Ltu3oa2aqMFb.jpeg","MC Grin - Original Art - Trampt item 726.jpeg","True","1",""
"1024","MC Snowglobe Eyes (Drawing)","Original Art","Downloaded","https://img.trampt.com/items/MC_Snowglobe_Eyes_(Drawing)-Ron_English-tsX-FKZ_q2pssF.jpeg","MC Snowglobe Eyes (Drawing) - Original Art - Trampt item 1024.jpeg","True","1",""
"940","Mc Supersized Camo","Custom Toy","Downloaded","https://img.trampt.com/products/000/380/508/untitled-Breakbones-Anatoy-trampt-380508o.jpg","Mc Supersized Camo - Custom Toy - Trampt item 940.jpg","True","1",""
"415","MC Supersized - Original 36""","Original Art","Downloaded","https://img.trampt.com/products/000/001/683/MC_Supersized_-_Original_36-Ron_English-MC_Supersized-Self-produced-trampt-1683o.jpg","MC Supersized - Original 36 - Original Art - Trampt item 415.jpg","True","1",""
"702","MC Supersized Sketch","Original Art","Downloaded","https://img.trampt.com/products/000/104/668/MC_Supersized_Sketch-Ron_English-Ink-trampt-104668o.jpg","MC Supersized Sketch - Original Art - Trampt item 702.jpg","True","1",""
"179","Metallica Dots","Original Art","Downloaded","https://img.trampt.com/items/Metallica_Dots-Ron_English-2AyWXRNQW4HlHl.jpeg","Metallica Dots - Original Art - Trampt item 179.jpeg","True","1",""
"818","Modzilla Custom","Custom Toy","Downloaded","https://img.trampt.com/products/000/159/001/Modzilla_Custom-Ron_English-Modzilla-trampt-159001o.jpg","Modzilla Custom - Custom Toy - Trampt item 818.jpg","True","1",""
"736","MODZILLA CUSTOM A","Custom Toy","Downloaded","https://img.trampt.com/products/000/162/079/Modzilla_-_Custom_Painted-Ron_English-Modzilla-Toy_Art_Gallery-trampt-162079o.jpg","MODZILLA CUSTOM A - Custom Toy - Trampt item 736.jpg","True","1",""
"526","MODZILLA CUSTOM B","Custom Toy","Downloaded","https://img.trampt.com/products/000/162/087/Modzilla_Custom-Ron_English-Modzilla-trampt-162087o.jpg","MODZILLA CUSTOM B - Custom Toy - Trampt item 526.jpg","True","1",""
"210","MODZILLA CUSTOM C","Custom Toy","Downloaded","https://img.trampt.com/products/000/162/089/Modzilla_Custom-Ron_English-Modzilla-trampt-162089o.jpg","MODZILLA CUSTOM C - Custom Toy - Trampt item 210.jpg","True","1",""
"449","Mona Grin 1","Custom Toy","Downloaded","https://img.trampt.com/products/000/314/598/Mona_Grin_1-Ron_English-Mona_Lisa_Grin-trampt-314598o.jpg","Mona Grin 1 - Custom Toy - Trampt item 449.jpg","True","1",""
"256","Mona Grin 2","Custom Toy","Downloaded","https://img.trampt.com/products/000/314/601/Mona_Grin_2-Ron_English-Mona_Lisa_Grin-trampt-314601o.jpg","Mona Grin 2 - Custom Toy - Trampt item 256.jpg","True","1",""
"177","MONARCH ELEPHANT","Original Art","Downloaded","https://img.trampt.com/products/000/270/287/untitled-Ron_English-Oil-trampt-270287o.jpg","MONARCH ELEPHANT - Original Art - Trampt item 177.jpg","True","1",""
"498","MONARCH ELEPHANT PROFILE","Original Art","Downloaded","https://img.trampt.com/products/000/270/301/untitled-Ron_English-Oil-trampt-270301o.jpg","MONARCH ELEPHANT PROFILE - Original Art - Trampt item 498.jpg","True","1",""
"594","MONARCH SHIP","Original Art","Downloaded","https://img.trampt.com/products/000/270/294/untitled-Ron_English-Oil-trampt-270294o.jpg","MONARCH SHIP - Original Art - Trampt item 594.jpg","True","1",""
"16","Monkey Joseph (Drawing)","Original Art","Downloaded","https://img.trampt.com/items/Monkey_Joseph_(Drawing)-Ron_English-VPwPHt4nA5lynU.jpeg","Monkey Joseph (Drawing) - Original Art - Trampt item 16.jpeg","True","1",""
"181","Montana Mouse (Drawing)","Original Art","Downloaded","https://img.trampt.com/items/Montana_Mouse_(Drawing)-Ron_English-smMPj5_6bMYoGQ.jpeg","Montana Mouse (Drawing) - Original Art - Trampt item 181.jpeg","True","1",""
"538","Mousemask graveyard","Original Art","Downloaded","https://img.trampt.com/products/000/021/377/Mousemask_graveyard-Ron_English-Oil-trampt-21377o.jpg","Mousemask graveyard - Original Art - Trampt item 538.jpg","True","1",""
"1073","MOUSEMASK MURPHY IN AIRPLANE (LIMITED EDITION OF 30)","Custom Toy","Downloaded","https://img.trampt.com/products/000/270/306/untitled-Ron_English-Cathy_Cowgirl-trampt-270306o.jpg","MOUSEMASK MURPHY IN AIRPLANE (LIMITED EDITION OF 30) - Custom Toy - Trampt item 1073.jpg","True","1",""
"277","Mousemask Murphy in Airplane Turnaround Sketches","Original Art","Downloaded","https://img.trampt.com/products/000/104/667/Mousemask_Murphy_in_Airplane_Turnaround_Sketches-Ron_English-Ink-trampt-104667o.jpg","Mousemask Murphy in Airplane Turnaround Sketches - Original Art - Trampt item 277.jpg","True","1",""
"927","MouseMask Murphy - Red","Custom Toy","Downloaded","https://img.trampt.com/products/000/301/786/MouseMask_Murphy_-_Red-Ron_English_Scott_Wilkowski-Mousemask_Murphy_in_Airplane-trampt-301786o.jpg","MouseMask Murphy - Red - Custom Toy - Trampt item 927.jpg","True","1",""
"751","Old Charlie Profile","Original Art","Downloaded","https://img.trampt.com/items/Old_Charlie_Profile-Ron_English-YsYhMPZpIZ-Qos.jpeg","Old Charlie Profile - Original Art - Trampt item 751.jpeg","True","1",""
"414","Paws Profile (Drawing)","Original Art","Downloaded","https://img.trampt.com/items/Paws_Profile_(Drawing)-Ron_English-sRpvQjaX-eIa7K.jpeg","Paws Profile (Drawing) - Original Art - Trampt item 414.jpeg","True","1",""
"711","Pink Mona Lisa Grin","Custom Toy","Downloaded","https://img.trampt.com/products/000/378/842/Pink_Mona_Lisa_Grin-Ron_English-Mona_Lisa_Grin-trampt-378842o.jpg","Pink Mona Lisa Grin - Custom Toy - Trampt item 711.jpg","True","1",""
"644","Pinocchio Grin Profile","Original Art","Downloaded","https://img.trampt.com/items/Pinocchio_Grin_Profile-Ron_English-0bdvPIk-TnY9ie.jpeg","Pinocchio Grin Profile - Original Art - Trampt item 644.jpeg","True","1",""
"472","Plaid Tile Dead Toy Soldier Painting (Blue)","Original Art","Downloaded","https://img.trampt.com/products/000/104/672/Plaid_Tile_Dead_Toy_Soldier_Painting_Blue-Ron_English-Mixed_Media-trampt-104672o.jpg","Plaid Tile Dead Toy Soldier Painting (Blue) - Original Art - Trampt item 472.jpg","True","1",""
"491","Plaid Tile Dead Toy Soldier Painting (Green)","Original Art","Downloaded","https://img.trampt.com/products/000/104/673/Plaid_Tile_Dead_Toy_Soldier_Painting_Green-Ron_English-Mixed_Media-trampt-104673o.jpg","Plaid Tile Dead Toy Soldier Painting (Green) - Original Art - Trampt item 491.jpg","True","1",""
"1061","Plaid Tile Dead Toy Soldier Painting (Purple)","Original Art","Downloaded","https://img.trampt.com/products/000/104/674/Plaid_Tile_Dead_Toy_Soldier_Painting_Purple-Ron_English-Mixed_Media-trampt-104674o.jpg","Plaid Tile Dead Toy Soldier Painting (Purple) - Original Art - Trampt item 1061.jpg","True","1",""
"1074","Plaid Tile Dead Toy Soldier Painting (Red)","Original Art","Downloaded","https://img.trampt.com/products/000/104/675/Plaid_Tile_Dead_Toy_Soldier_Painting_Red-Ron_English-Mixed_Media-trampt-104675o.jpg","Plaid Tile Dead Toy Soldier Painting (Red) - Original Art - Trampt item 1074.jpg","True","1",""
"664","Potato Rabbbit in Delusionville","Original Art","Downloaded","https://img.trampt.com/items/Potato_Rabbbit_in_Delusionville-Ron_English-Zokp_GLUn2mx8U.jpeg","Potato Rabbbit in Delusionville - Original Art - Trampt item 664.jpeg","True","1",""
"45","POULTRY REX REVOLUTION","Original Art","Downloaded","https://img.trampt.com/products/000/270/291/untitled-Ron_English-Oil-trampt-270291o.jpg","POULTRY REX REVOLUTION - Original Art - Trampt item 45.jpg","True","1",""
"71","Purple Dinosaurus","Original Art","Downloaded","https://img.trampt.com/items/Purple_Dinosaurus-Ron_English-PHNjENYNUUG9mR.jpeg","Purple Dinosaurus - Original Art - Trampt item 71.jpeg","True","1",""
"163","Rabbit Flower (Drawing)","Original Art","Downloaded","https://img.trampt.com/items/Rabbit_Flower_(Drawing)-Ron_English-kSpYpSAytWQ0lV.jpeg","Rabbit Flower (Drawing) - Original Art - Trampt item 163.jpeg","True","1",""
"733","Rabbit Of Inle","Original Art","Downloaded","https://img.trampt.com/products/000/009/308/Rabbit_Of_Inle-Ron_English-Mixed_Media-trampt-9308o.jpg","Rabbit Of Inle - Original Art - Trampt item 733.jpg","True","1",""
"565","RAINBOW GIRAFFE","Original Art","Downloaded","https://img.trampt.com/products/000/270/298/untitled-Ron_English-Oil-trampt-270298o.jpg","RAINBOW GIRAFFE - Original Art - Trampt item 565.jpg","True","1",""
"824","RHINOCORN","Original Art","Downloaded","https://img.trampt.com/products/000/270/289/untitled-Ron_English-Oil-trampt-270289o.jpg","RHINOCORN - Original Art - Trampt item 824.jpg","True","1",""
"534","Rodent Grin - Mono & Silver","Custom Toy","Downloaded","https://img.trampt.com/items/Rodent_Grin_-_Mono__Silver-Ron_English-Rodent_Grin-_MPdHMDOLl-DwV.jpeg","Rodent Grin - Mono and Silver - Custom Toy - Trampt item 534.jpeg","True","1",""
"938","Ron English #1","Original Art","Downloaded","https://img.trampt.com/products/000/148/766/Ron_English_1-Ron_English-Mixed_Media-trampt-148766o.jpg","Ron English #1 - Original Art - Trampt item 938.jpg","True","1",""
"1005","Ron English #2","Original Art","Downloaded","https://img.trampt.com/products/000/148/768/Ron_English_2-Ron_English-Mixed_Media-trampt-148768o.jpg","Ron English #2 - Original Art - Trampt item 1005.jpg","True","1",""
"839","Ron English #3","Original Art","Downloaded","https://img.trampt.com/products/000/148/767/Ron_English_3-Ron_English-Mixed_Media-trampt-148767o.jpg","Ron English #3 - Original Art - Trampt item 839.jpg","True","1",""
"1055","RON ENGLISH GIANT SCRATCH 1","Custom Toy","Downloaded","https://img.trampt.com/products/000/125/031/RON_ENGLISH_GIANT_SCRATCH_1-Ron_English-Scratch-trampt-125031o.jpg","RON ENGLISH GIANT SCRATCH 1 - Custom Toy - Trampt item 1055.jpg","True","1",""
"268","RON ENGLISH GIANT SCRATCH 2","Custom Toy","Downloaded","https://img.trampt.com/products/000/125/032/RON_ENGLISH_GIANT_SCRATCH_2-Ron_English-Scratch-trampt-125032o.jpg","RON ENGLISH GIANT SCRATCH 2 - Custom Toy - Trampt item 268.jpg","True","1",""
"241","RON ENGLISH GIANT TED 1","Custom Toy","Downloaded","https://img.trampt.com/products/000/125/033/RON_ENGLISH_GIANT_TED_1-Ron_English-Ted-trampt-125033o.jpg","RON ENGLISH GIANT TED 1 - Custom Toy - Trampt item 241.jpg","True","1",""
"530","RON ENGLISH GIANT TED 2","Custom Toy","Downloaded","https://img.trampt.com/products/000/125/034/RON_ENGLISH_GIANT_TED_2-Ron_English-Ted-trampt-125034o.jpg","RON ENGLISH GIANT TED 2 - Custom Toy - Trampt item 530.jpg","True","1",""
"537","Santa Flower (Drawing)","Original Art","Downloaded","https://img.trampt.com/items/Santa_Flower_(Drawing)-Ron_English-_MnRALDHyefgFu.jpeg","Santa Flower (Drawing) - Original Art - Trampt item 537.jpeg","True","1",""
"209","Silver Little Bigfoot","Custom Toy","Downloaded","https://img.trampt.com/products/000/162/086/Silver_Little_Bigfoot-Ron_English-Little_Bigfoot-Toy_Art_Gallery-trampt-162086o.jpg","Silver Little Bigfoot - Custom Toy - Trampt item 209.jpg","True","1",""
"890","Slo Moe Evolution (Drawing)","Original Art","Downloaded","https://img.trampt.com/items/Slo_Moe_Evolution_(Drawing)-Ron_English-l4eLow_IMQaOh4.jpeg","Slo Moe Evolution (Drawing) - Original Art - Trampt item 890.jpeg","True","1",""
"116","SOUTH AMERICAN BUTTERFLY","Original Art","Downloaded","https://img.trampt.com/products/000/270/293/untitled-Ron_English-Oil-trampt-270293o.jpg","SOUTH AMERICAN BUTTERFLY - Original Art - Trampt item 116.jpg","True","1",""
"837","Star Skull","Custom Toy","Downloaded","https://img.trampt.com/items/Star_Skull_-Ron_English_eazymaf-Star_Skull-FBUIMdqlbbpHb0.jpeg","Star Skull - Custom Toy - Trampt item 837.jpeg","True","1",""
"87","Starskull Flower","Original Art","Downloaded","https://img.trampt.com/products/000/314/639/Starskull_Flower-Ron_English-Ink-trampt-314639o.jpg","Starskull Flower - Original Art - Trampt item 87.jpg","True","1",""
"964","SuperFink","Custom Toy","Skipped - no usable http image URL","","","False","0",""
"883","Superman (Badly Drawn)","Original Art","Downloaded","https://img.trampt.com/products/000/314/640/Superman_Badly_Drawn-Ron_English-Ink-trampt-314640o.jpg","Superman (Badly Drawn) - Original Art - Trampt item 883.jpg","True","1",""
"245","Techno Kitty Character Sketches","Original Art","Downloaded","https://img.trampt.com/products/000/104/666/Techno_Kitty_Character_Sketches-Ron_English-Ink-trampt-104666o.jpg","Techno Kitty Character Sketches - Original Art - Trampt item 245.jpg","True","1",""
"695","Teddy Bear Grin (Drawing)","Original Art","Downloaded","https://img.trampt.com/items/Teddy_Bear_Grin_(Drawing)-Ron_English-vuPtCgB7CbVghD.jpeg","Teddy Bear Grin (Drawing) - Original Art - Trampt item 695.jpeg","True","1",""
"792","Temper Tot (Drawing)","Original Art","Downloaded","https://img.trampt.com/items/Temper_Tot_(Drawing)-Ron_English-USs5Fy0xI8rqHR.jpeg","Temper Tot (Drawing) - Original Art - Trampt item 792.jpeg","True","1",""
"253","Texas Cartoon Cowgirl","Original Art","Downloaded","https://img.trampt.com/products/000/137/543/Texas_Cartoon_Cowgirl-Ron_English-Mixed_Media-trampt-137543o.jpg","Texas Cartoon Cowgirl - Original Art - Trampt item 253.jpg","True","1",""
"234","The artist's house","Original Art","Downloaded","https://img.trampt.com/products/000/021/370/The_artists_house-Ron_English-Oil-trampt-21370o.jpg","The artist's house - Original Art - Trampt item 234.jpg","True","1",""
"94","THE CHASE: TEMPER TOT DINOGRENADE (LIMITED EDITION OF 30)","Original Art","Downloaded","https://img.trampt.com/products/000/270/295/untitled-Ron_English-Oil-trampt-270295o.jpg","THE CHASE TEMPER TOT DINOGRENADE (LIMITED EDITION OF 30) - Original Art - Trampt item 94.jpg","True","1",""
"368","THE CREATION OF APE","Original Art","Downloaded","https://img.trampt.com/products/000/270/299/untitled-Ron_English-Oil-trampt-270299o.jpg","THE CREATION OF APE - Original Art - Trampt item 368.jpg","True","1",""
"810","The fourth wall","Original Art","Downloaded","https://img.trampt.com/products/000/021/371/The_fourth_wall-Ron_English-Oil-trampt-21371o.jpg","The fourth wall - Original Art - Trampt item 810.jpg","True","1",""
"966","THE GREATEST STORY EVER SOLD","Original Art","Downloaded","https://img.trampt.com/products/000/243/463/untitled-BUMBLEBEELOVESYOU_Mikael_B-Acrylic_and_Spraypaint-trampt-243463o.jpg","THE GREATEST STORY EVER SOLD - Original Art - Trampt item 966.jpg","True","1",""
"1034","There goes the neighborhood","Original Art","Downloaded","https://img.trampt.com/products/000/021/369/There_goes_the_neighborhood-Ron_English-Oil-trampt-21369o.jpg","There goes the neighborhood - Original Art - Trampt item 1034.jpg","True","1",""
"176","The Ugliest Man in the Universe (Drawing)","Original Art","Downloaded","https://img.trampt.com/items/The_Ugliest_Man_in_the_Universe_(Drawing)-Ron_English-4pI-PseersMCke.jpeg","The Ugliest Man in the Universe (Drawing) - Original Art - Trampt item 176.jpeg","True","1",""
"352","Tricky","Original Art","Downloaded","https://img.trampt.com/products/000/314/641/Tricky-Ron_English-Ink-trampt-314641o.jpg","Tricky - Original Art - Trampt item 352.jpg","True","1",""
"1018","Tupac Temper Tot","Original Art","Downloaded","https://img.trampt.com/products/000/314/643/Tupac_Temper_Tot-Ron_English-Ink-trampt-314643o.jpg","Tupac Temper Tot - Original Art - Trampt item 1018.jpg","True","1",""
"724","Turtle & hare hotrod","Original Art","Downloaded","https://img.trampt.com/products/000/021/372/Turtle__hare_hotrod-Ron_English-Oil-trampt-21372o.jpg","Turtle and hare hotrod - Original Art - Trampt item 724.jpg","True","1",""
"413","TWO TON SAM (LIMITED EDITION OF 30)","Custom Toy","Downloaded","https://img.trampt.com/products/000/270/310/untitled-Ron_English-Temper_Tot-trampt-270310o.jpg","TWO TON SAM (LIMITED EDITION OF 30) - Custom Toy - Trampt item 413.jpg","True","1",""
"74","Tyrannosaurus Dick","Original Art","Downloaded","https://img.trampt.com/items/Tyrannosaurus_Dick-Ron_English-LboD0ZQrmHq5Jq.jpeg","Tyrannosaurus Dick - Original Art - Trampt item 74.jpeg","True","1",""
"1075","Uncle Scam (Drawing)","Original Art","Downloaded","https://img.trampt.com/items/Uncle_Scam_(Drawing)-Ron_English-OhMM2K6ohVfxeM.jpeg","Uncle Scam (Drawing) - Original Art - Trampt item 1075.jpeg","True","1",""
"973","UNION JACK TIGER","Original Art","Downloaded","https://img.trampt.com/products/000/270/303/untitled-Ron_English-Oil-trampt-270303o.jpg","UNION JACK TIGER - Original Art - Trampt item 973.jpg","True","1",""
"497","URBAN BIG FOOT CUSTOM A","Custom Toy","Downloaded","https://img.trampt.com/products/000/162/105/URBAN_BIG_FOOT_CUSTOM_A-Ron_English-URBAN_BIGFOOT-trampt-162105o.jpg","URBAN BIG FOOT CUSTOM A - Custom Toy - Trampt item 497.jpg","True","1",""
"252","URBAN BIG FOOT CUSTOM B","Custom Toy","Downloaded","https://img.trampt.com/products/000/162/107/URBAN_BIG_FOOT_CUSTOM_B-Ron_English-Urban_Bigfoot-trampt-162107o.jpg","URBAN BIG FOOT CUSTOM B - Custom Toy - Trampt item 252.jpg","True","1",""
"1063","Weed Seed (Drawing)","Original Art","Downloaded","https://img.trampt.com/items/Weed_Seed_(Drawing)-Ron_English-sgs8rg54EkP3ZQ.jpeg","Weed Seed (Drawing) - Original Art - Trampt item 1063.jpeg","True","1",""
"276","Werewool","Original Art","Downloaded","https://img.trampt.com/products/000/021/373/Werewool-Ron_English-Oil-trampt-21373o.jpg","Werewool - Original Art - Trampt item 276.jpg","True","1",""
"643","XMas Rabbbit","Custom Toy","Downloaded","https://img.trampt.com/products/000/121/729/XMas_Rabbbit-Ron_English-Rabbbit-trampt-121729o.jpg","XMas Rabbbit - Custom Toy - Trampt item 643.jpg","True","1",""
"995","Young Andy","Original Art","Downloaded","https://img.trampt.com/items/Young_Andy-Ron_English-gU6PCMnWA4NuDD.jpeg","Young Andy - Original Art - Trampt item 995.jpeg","True","1",""
"412","ZELEPHANT","Original Art","Downloaded","https://img.trampt.com/products/000/270/282/untitled-Ron_English-Ink-trampt-270282o.jpg","ZELEPHANT - Original Art - Trampt item 412.jpg","True","1",""
"267","Zephyr Zelephant","Original Art","Downloaded","https://img.trampt.com/items/Zephyr_Zelephant-Ron_English-gUELBzeJ21x0o0.jpeg","Zephyr Zelephant - Original Art - Trampt item 267.jpeg","True","1",""
