"FileName","Extension","Folder","RelativePath","SizeBytes","LastWriteTime"
"american-depress-artbrokerage.jpg",".jpg","D:\github\ron-english-toys\images\Web-Documentation","images\Web-Documentation\american-depress-artbrokerage.jpg","241281","5/13/2026 6:06:00 PM"
"barney-grin-toyartgallery.jpg",".jpg","D:\github\ron-english-toys\images\Web-Documentation","images\Web-Documentation\barney-grin-toyartgallery.jpg","189426","5/13/2026 5:50:26 PM"
"bartmangrin-toyartgallery.jpg",".jpg","D:\github\ron-english-toys\images\Web-Documentation","images\Web-Documentation\bartmangrin-toyartgallery.jpg","194645","5/13/2026 5:55:04 PM"
"bigfoot-child-tourist-sculpture-coreyhelford.jpg",".jpg","D:\github\ron-english-toys\images\Web-Documentation","images\Web-Documentation\bigfoot-child-tourist-sculpture-coreyhelford.jpg","384453","5/11/2026 6:36:34 PM"
"bigfoot-father-tourist-sculpture-coreyhelford.jpg",".jpg","D:\github\ron-english-toys\images\Web-Documentation","images\Web-Documentation\bigfoot-father-tourist-sculpture-coreyhelford.jpg","388879","5/11/2026 6:37:30 PM"
"bigfoot-mother-tourist-sculpture-coreyhelford.jpg",".jpg","D:\github\ron-english-toys\images\Web-Documentation","images\Web-Documentation\bigfoot-mother-tourist-sculpture-coreyhelford.jpg","360730","5/11/2026 6:38:29 PM"
"bugs-grin-torontocollective.jpg",".jpg","D:\github\ron-english-toys\images\Web-Documentation","images\Web-Documentation\bugs-grin-torontocollective.jpg","264288","5/13/2026 3:09:34 PM"
"camo-doe-sculpture-neonature.jpg",".jpg","D:\github\ron-english-toys\images\Web-Documentation","images\Web-Documentation\camo-doe-sculpture-neonature.jpg","294726","5/11/2026 6:30:32 PM"
"camo-stag-sculpture-neonature.jpg",".jpg","D:\github\ron-english-toys\images\Web-Documentation","images\Web-Documentation\camo-stag-sculpture-neonature.jpg","327018","5/11/2026 6:29:33 PM"
"cathy-cowgirl-sculpture-neonature.jpg",".jpg","D:\github\ron-english-toys\images\Web-Documentation","images\Web-Documentation\cathy-cowgirl-sculpture-neonature.jpg","240358","5/11/2026 6:33:46 PM"
"cheezy grin sculpture-artsy.jpg",".jpg","D:\github\ron-english-toys\images\Web-Documentation","images\Web-Documentation\cheezy grin sculpture-artsy.jpg","162582","5/11/2026 6:40:05 PM"
"cheezy grin-heritage.jpg",".jpg","D:\github\ron-english-toys\images\Web-Documentation","images\Web-Documentation\cheezy grin-heritage.jpg","379426","5/16/2026 9:19:07 AM"
"compare.jpg",".jpg","D:\github\ron-english-toys\images\Web-Documentation","images\Web-Documentation\compare.jpg","1180799","5/13/2026 4:30:17 PM"
"cornstarch-navier.jpg",".jpg","D:\github\ron-english-toys\images\Web-Documentation","images\Web-Documentation\cornstarch-navier.jpg","300755","5/13/2026 2:01:55 PM"
"deadmau5-5points-toyartgallery.jpg",".jpg","D:\github\ron-english-toys\images\Web-Documentation","images\Web-Documentation\deadmau5-5points-toyartgallery.jpg","441620","5/13/2026 5:25:49 PM"
"deadmau5-blue-toyartgallery.jpg",".jpg","D:\github\ron-english-toys\images\Web-Documentation","images\Web-Documentation\deadmau5-blue-toyartgallery.jpg","361635","5/13/2026 5:31:33 PM"
"deadmau5-mysticblue-toyartgallery.jpg",".jpg","D:\github\ron-english-toys\images\Web-Documentation","images\Web-Documentation\deadmau5-mysticblue-toyartgallery.jpg","432272","5/13/2026 4:21:15 PM"
"deadmau5-orange-toyartgallery.jpg",".jpg","D:\github\ron-english-toys\images\Web-Documentation","images\Web-Documentation\deadmau5-orange-toyartgallery.jpg","346108","5/13/2026 5:30:31 PM"
"deadmau5-oxidation-toyartgallery.jpg",".jpg","D:\github\ron-english-toys\images\Web-Documentation","images\Web-Documentation\deadmau5-oxidation-toyartgallery.jpg","538975","5/13/2026 4:39:07 PM"
"deadmau5-white-toyartgallery.jpg",".jpg","D:\github\ron-english-toys\images\Web-Documentation","images\Web-Documentation\deadmau5-white-toyartgallery.jpg","334784","5/13/2026 5:32:24 PM"
"deadmau5-yellow-toyartgallery.jpg",".jpg","D:\github\ron-english-toys\images\Web-Documentation","images\Web-Documentation\deadmau5-yellow-toyartgallery.jpg","377342","5/13/2026 4:50:35 PM"
"dinogrenade-toyartgallery.jpg",".jpg","D:\github\ron-english-toys\images\Web-Documentation","images\Web-Documentation\dinogrenade-toyartgallery.jpg","329728","5/13/2026 5:56:54 PM"
"dudebox-heritage.jpg",".jpg","D:\github\ron-english-toys\images\Web-Documentation","images\Web-Documentation\dudebox-heritage.jpg","420076","5/16/2026 9:21:16 AM"
"dunny3-kidrobot.jpg",".jpg","D:\github\ron-english-toys\images\Web-Documentation","images\Web-Documentation\dunny3-kidrobot.jpg","290646","5/13/2026 2:10:00 PM"
"dunny3-navier.jpg",".jpg","D:\github\ron-english-toys\images\Web-Documentation","images\Web-Documentation\dunny3-navier.jpg","156887","5/13/2026 2:07:43 PM"
"dunny3-toychronicle.jpg",".jpg","D:\github\ron-english-toys\images\Web-Documentation","images\Web-Documentation\dunny3-toychronicle.jpg","476364","5/13/2026 2:11:01 PM"
"dunny3-visioninvisible.jpg",".jpg","D:\github\ron-english-toys\images\Web-Documentation","images\Web-Documentation\dunny3-visioninvisible.jpg","203101","5/13/2026 3:00:15 PM"
"dunny8-toyviking.jpg",".jpg","D:\github\ron-english-toys\images\Web-Documentation","images\Web-Documentation\dunny8-toyviking.jpg","286944","5/13/2026 3:13:03 PM"
"dunnychase-toychronicle.jpg",".jpg","D:\github\ron-english-toys\images\Web-Documentation","images\Web-Documentation\dunnychase-toychronicle.jpg","357360","5/13/2026 2:13:05 PM"
"dunny-chase-worthpoint.jpg",".jpg","D:\github\ron-english-toys\images\Web-Documentation","images\Web-Documentation\dunny-chase-worthpoint.jpg","438227","5/13/2026 2:54:58 PM"
"dunny-chase-youtube-still.jpg",".jpg","D:\github\ron-english-toys\images\Web-Documentation","images\Web-Documentation\dunny-chase-youtube-still.jpg","122555","5/13/2026 2:57:53 PM"
"dunny-sculpt-kidrobot.jpg",".jpg","D:\github\ron-english-toys\images\Web-Documentation","images\Web-Documentation\dunny-sculpt-kidrobot.jpg","271853","5/13/2026 2:19:46 PM"
"dunny-sculpt-kidrobot2.jpg",".jpg","D:\github\ron-english-toys\images\Web-Documentation","images\Web-Documentation\dunny-sculpt-kidrobot2.jpg","216924","5/13/2026 2:27:48 PM"
"dunny-sculpt-kidrobot3.jpg",".jpg","D:\github\ron-english-toys\images\Web-Documentation","images\Web-Documentation\dunny-sculpt-kidrobot3.jpg","231431","5/13/2026 2:39:24 PM"
"dunny-sculpt-kidrobot-videostill.jpg",".jpg","D:\github\ron-english-toys\images\Web-Documentation","images\Web-Documentation\dunny-sculpt-kidrobot-videostill.jpg","98526","5/13/2026 2:40:29 PM"
"fat-tony-sculpture-neonature.jpg",".jpg","D:\github\ron-english-toys\images\Web-Documentation","images\Web-Documentation\fat-tony-sculpture-neonature.jpg","211222","5/11/2026 6:34:49 PM"
"Grin Dunny3-hetoth.jpg",".jpg","D:\github\ron-english-toys\images\Web-Documentation","images\Web-Documentation\Grin Dunny3-hetoth.jpg","270493","5/13/2026 1:51:24 PM"
"Grin Dunny3-lawlesspursuits.jpg",".jpg","D:\github\ron-english-toys\images\Web-Documentation","images\Web-Documentation\Grin Dunny3-lawlesspursuits.jpg","280445","5/13/2026 3:11:57 PM"
"Grin Dunny3-naver.jpg",".jpg","D:\github\ron-english-toys\images\Web-Documentation","images\Web-Documentation\Grin Dunny3-naver.jpg","227353","5/13/2026 1:46:26 PM"
"Grin Dunny3-toyviking.jpg",".jpg","D:\github\ron-english-toys\images\Web-Documentation","images\Web-Documentation\Grin Dunny3-toyviking.jpg","341636","5/13/2026 1:43:51 PM"
"Grin Dunny3-worthpoint.jpg",".jpg","D:\github\ron-english-toys\images\Web-Documentation","images\Web-Documentation\Grin Dunny3-worthpoint.jpg","138047","5/13/2026 1:52:47 PM"
"Kidrobot - Ron English 8 Inch Dunny Flyer.jpg",".jpg","D:\github\ron-english-toys\images\Web-Documentation","images\Web-Documentation\Kidrobot - Ron English 8 Inch Dunny Flyer.jpg","52292","5/13/2026 2:48:36 PM"
"krat wars announcement.jpg",".jpg","D:\github\ron-english-toys\images\Web-Documentation","images\Web-Documentation\krat wars announcement.jpg","307104","5/13/2026 1:48:14 PM"
"krusty-toyartgallery.jpg",".jpg","D:\github\ron-english-toys\images\Web-Documentation","images\Web-Documentation\krusty-toyartgallery.jpg","345245","5/13/2026 3:50:00 PM"
"marilyn mickeys-heritage.jpg",".jpg","D:\github\ron-english-toys\images\Web-Documentation","images\Web-Documentation\marilyn mickeys-heritage.jpg","237328","5/16/2026 9:24:17 AM"
"marilyn-mickeys-artbrokerage.jpg",".jpg","D:\github\ron-english-toys\images\Web-Documentation","images\Web-Documentation\marilyn-mickeys-artbrokerage.jpg","220910","5/13/2026 6:21:53 PM"
"mc super-porcelinBW-toyartgallery.jpg",".jpg","D:\github\ron-english-toys\images\Web-Documentation","images\Web-Documentation\mc super-porcelinBW-toyartgallery.jpg","444595","5/13/2026 4:52:39 PM"
"MC Supersized-Artsy.jpg",".jpg","D:\github\ron-english-toys\images\Web-Documentation","images\Web-Documentation\MC Supersized-Artsy.jpg","205528","5/11/2026 6:42:59 PM"
"mcporcelin-navier.jpg",".jpg","D:\github\ron-english-toys\images\Web-Documentation","images\Web-Documentation\mcporcelin-navier.jpg","299085","5/13/2026 2:06:35 PM"
"mcsupersized-blue-gid-toyartgallery.jpg",".jpg","D:\github\ron-english-toys\images\Web-Documentation","images\Web-Documentation\mcsupersized-blue-gid-toyartgallery.jpg","276723","5/13/2026 5:47:33 PM"
"mcsupersizedgold-toyartgallery.jpg",".jpg","D:\github\ron-english-toys\images\Web-Documentation","images\Web-Documentation\mcsupersizedgold-toyartgallery.jpg","277578","5/13/2026 5:38:39 PM"
"mcsupersized-green-toyartgallery.jpg",".jpg","D:\github\ron-english-toys\images\Web-Documentation","images\Web-Documentation\mcsupersized-green-toyartgallery.jpg","261265","5/13/2026 5:44:41 PM"
"mcsupersized-orange-toyartgallery.jpg",".jpg","D:\github\ron-english-toys\images\Web-Documentation","images\Web-Documentation\mcsupersized-orange-toyartgallery.jpg","271611","5/13/2026 5:41:28 PM"
"mc-supersized-platinum-artbrokerage.jpg",".jpg","D:\github\ron-english-toys\images\Web-Documentation","images\Web-Documentation\mc-supersized-platinum-artbrokerage.jpg","399087","5/13/2026 6:09:11 PM"
"megaman-toyartgallery.jpg",".jpg","D:\github\ron-english-toys\images\Web-Documentation","images\Web-Documentation\megaman-toyartgallery.jpg","459424","5/13/2026 3:44:53 PM"
"mousemask-airplane-sculpture-neonature.jpg",".jpg","D:\github\ron-english-toys\images\Web-Documentation","images\Web-Documentation\mousemask-airplane-sculpture-neonature.jpg","232375","5/11/2026 6:32:40 PM"
"patrickgrin-toyartgallery.jpg",".jpg","D:\github\ron-english-toys\images\Web-Documentation","images\Web-Documentation\patrickgrin-toyartgallery.jpg","191008","5/13/2026 5:52:02 PM"
"poultryrex-orange-toyartgallery.jpg",".jpg","D:\github\ron-english-toys\images\Web-Documentation","images\Web-Documentation\poultryrex-orange-toyartgallery.jpg","254359","5/13/2026 4:41:34 PM"
"RonEnglish_Postcard_back_v3.jpg",".jpg","D:\github\ron-english-toys\images\Web-Documentation","images\Web-Documentation\RonEnglish_Postcard_back_v3.jpg","44346","5/13/2026 2:29:07 PM"
"starskull-toyartgallery.jpg",".jpg","D:\github\ron-english-toys\images\Web-Documentation","images\Web-Documentation\starskull-toyartgallery.jpg","200025","5/13/2026 5:53:37 PM"
"starskull-walkingstick-sculpture-neonature.jpg",".jpg","D:\github\ron-english-toys\images\Web-Documentation","images\Web-Documentation\starskull-walkingstick-sculpture-neonature.jpg","219577","5/11/2026 6:31:39 PM"
"sunflowergrin-toyartgallery.jpg",".jpg","D:\github\ron-english-toys\images\Web-Documentation","images\Web-Documentation\sunflowergrin-toyartgallery.jpg","467013","5/13/2026 3:39:19 PM"
"temper-lifesize-toyartgallery.jpg",".jpg","D:\github\ron-english-toys\images\Web-Documentation","images\Web-Documentation\temper-lifesize-toyartgallery.jpg","265276","5/13/2026 4:17:40 PM"
"temper-sculpture-neonature.jpg",".jpg","D:\github\ron-english-toys\images\Web-Documentation","images\Web-Documentation\temper-sculpture-neonature.jpg","166138","5/11/2026 6:27:12 PM"
"tempertot-gid-toyartgallery.jpg",".jpg","D:\github\ron-english-toys\images\Web-Documentation","images\Web-Documentation\tempertot-gid-toyartgallery.jpg","249108","5/13/2026 5:33:53 PM"
"two-ton-sculpture-neonature.jpg",".jpg","D:\github\ron-english-toys\images\Web-Documentation","images\Web-Documentation\two-ton-sculpture-neonature.jpg","203686","5/11/2026 6:28:29 PM"
"xray-dunny-dogstreets.jpg",".jpg","D:\github\ron-english-toys\images\Web-Documentation","images\Web-Documentation\xray-dunny-dogstreets.jpg","138889","5/13/2026 2:47:31 PM"
"xray-dunny-the blot says.jpg",".jpg","D:\github\ron-english-toys\images\Web-Documentation","images\Web-Documentation\xray-dunny-the blot says.jpg","362895","5/13/2026 2:52:23 PM"
"zumiez couch-heritage.jpg",".jpg","D:\github\ron-english-toys\images\Web-Documentation","images\Web-Documentation\zumiez couch-heritage.jpg","756637","5/16/2026 9:22:30 AM"
