"File","Backup"
"items\1-1-bart-grin-og-52.html","D:\github-backups\ron-english-toys\format-money-no-decimals-v1-20260512-150204\items\1-1-bart-grin-og-52.html"
"items\3-grin-dunny-6.html","D:\github-backups\ron-english-toys\format-money-no-decimals-v1-20260512-150204\items\3-grin-dunny-6.html"
"items\3-the-simpsons-bart-grin-81.html","D:\github-backups\ron-english-toys\format-money-no-decimals-v1-20260512-150204\items\3-the-simpsons-bart-grin-81.html"
"items\3-the-simpsons-homer-grin-59.html","D:\github-backups\ron-english-toys\format-money-no-decimals-v1-20260512-150204\items\3-the-simpsons-homer-grin-59.html"
"items\4-groovy-mc-supersized-skull-164.html","D:\github-backups\ron-english-toys\format-money-no-decimals-v1-20260512-150204\items\4-groovy-mc-supersized-skull-164.html"
"items\4th-of-july-mc-supersized-852.html","D:\github-backups\ron-english-toys\format-money-no-decimals-v1-20260512-150204\items\4th-of-july-mc-supersized-852.html"
"items\8-grin-dunny-691.html","D:\github-backups\ron-english-toys\format-money-no-decimals-v1-20260512-150204\items\8-grin-dunny-691.html"
"items\8-grin-dunny-chase-9.html","D:\github-backups\ron-english-toys\format-money-no-decimals-v1-20260512-150204\items\8-grin-dunny-chase-9.html"
"items\9-boxing-brain-17.html","D:\github-backups\ron-english-toys\format-money-no-decimals-v1-20260512-150204\items\9-boxing-brain-17.html"
"items\9-boxing-brain-black-gold-219.html","D:\github-backups\ron-english-toys\format-money-no-decimals-v1-20260512-150204\items\9-boxing-brain-black-gold-219.html"
"items\abraham-obama-black-435.html","D:\github-backups\ron-english-toys\format-money-no-decimals-v1-20260512-150204\items\abraham-obama-black-435.html"
"items\abraham-obama-electoral-map-2012-723.html","D:\github-backups\ron-english-toys\format-money-no-decimals-v1-20260512-150204\items\abraham-obama-electoral-map-2012-723.html"
"items\abraham-obama-green-932.html","D:\github-backups\ron-english-toys\format-money-no-decimals-v1-20260512-150204\items\abraham-obama-green-932.html"
"items\abraham-obama-original-colors-286.html","D:\github-backups\ron-english-toys\format-money-no-decimals-v1-20260512-150204\items\abraham-obama-original-colors-286.html"
"items\abraham-obama-white-293.html","D:\github-backups\ron-english-toys\format-money-no-decimals-v1-20260512-150204\items\abraham-obama-white-293.html"
"items\action-jackson-480.html","D:\github-backups\ron-english-toys\format-money-no-decimals-v1-20260512-150204\items\action-jackson-480.html"
"items\action-jackson-and-bauhaus-barbie-giclee-print-233.html","D:\github-backups\ron-english-toys\format-money-no-decimals-v1-20260512-150204\items\action-jackson-and-bauhaus-barbie-giclee-print-233.html"
"items\action-mc-173.html","D:\github-backups\ron-english-toys\format-money-no-decimals-v1-20260512-150204\items\action-mc-173.html"
"items\alfred-e-newman-skull-300.html","D:\github-backups\ron-english-toys\format-money-no-decimals-v1-20260512-150204\items\alfred-e-newman-skull-300.html"
"items\all-american-temper-tot-print-193.html","D:\github-backups\ron-english-toys\format-money-no-decimals-v1-20260512-150204\items\all-american-temper-tot-print-193.html"
"items\alt-football-584.html","D:\github-backups\ron-english-toys\format-money-no-decimals-v1-20260512-150204\items\alt-football-584.html"
"items\amber-xray-mc-453.html","D:\github-backups\ron-english-toys\format-money-no-decimals-v1-20260512-150204\items\amber-xray-mc-453.html"
"items\american-depress-682.html","D:\github-backups\ron-english-toys\format-money-no-decimals-v1-20260512-150204\items\american-depress-682.html"
"items\american-depressed-print-842.html","D:\github-backups\ron-english-toys\format-money-no-decimals-v1-20260512-150204\items\american-depressed-print-842.html"
"items\artist-gnome-gid-sdcc-16-601.html","D:\github-backups\ron-english-toys\format-money-no-decimals-v1-20260512-150204\items\artist-gnome-gid-sdcc-16-601.html"
"items\artist-gnome-og-edition-684.html","D:\github-backups\ron-english-toys\format-money-no-decimals-v1-20260512-150204\items\artist-gnome-og-edition-684.html"
"items\astro-boy-grin-501.html","D:\github-backups\ron-english-toys\format-money-no-decimals-v1-20260512-150204\items\astro-boy-grin-501.html"
"items\astro-boy-grin-bronze-patina-154.html","D:\github-backups\ron-english-toys\format-money-no-decimals-v1-20260512-150204\items\astro-boy-grin-bronze-patina-154.html"
"items\astro-boy-grin-metallic-1048.html","D:\github-backups\ron-english-toys\format-money-no-decimals-v1-20260512-150204\items\astro-boy-grin-metallic-1048.html"
"items\astro-grin-drawing-675.html","D:\github-backups\ron-english-toys\format-money-no-decimals-v1-20260512-150204\items\astro-grin-drawing-675.html"
"items\astrobrite-lemon-182.html","D:\github-backups\ron-english-toys\format-money-no-decimals-v1-20260512-150204\items\astrobrite-lemon-182.html"
"items\atomic-orange-charlie-grin-sunflower-nft-1001.html","D:\github-backups\ron-english-toys\format-money-no-decimals-v1-20260512-150204\items\atomic-orange-charlie-grin-sunflower-nft-1001.html"
"items\bad-man-and-sidekick-129.html","D:\github-backups\ron-english-toys\format-money-no-decimals-v1-20260512-150204\items\bad-man-and-sidekick-129.html"
"items\barney-grin-grayscale-493.html","D:\github-backups\ron-english-toys\format-money-no-decimals-v1-20260512-150204\items\barney-grin-grayscale-493.html"
"items\barney-grin-jps-bubble-b-rex-grin-player-1-jps-edition-gid-grin-388.html","D:\github-backups\ron-english-toys\format-money-no-decimals-v1-20260512-150204\items\barney-grin-jps-bubble-b-rex-grin-player-1-jps-edition-gid-grin-388.html"
"items\barney-grin-jps-bubble-b-rex-grin-player-1-jps-edition-normal-grin-954.html","D:\github-backups\ron-english-toys\format-money-no-decimals-v1-20260512-150204\items\barney-grin-jps-bubble-b-rex-grin-player-1-jps-edition-normal-grin-954.html"
"items\barney-grin-jps-bubble-b-rex-grin-player-1-jps-edition-platinum-grin-206.html","D:\github-backups\ron-english-toys\format-money-no-decimals-v1-20260512-150204\items\barney-grin-jps-bubble-b-rex-grin-player-1-jps-edition-platinum-grin-206.html"
"items\barney-grin-original-592.html","D:\github-backups\ron-english-toys\format-money-no-decimals-v1-20260512-150204\items\barney-grin-original-592.html"
"items\bart-grin-76.html","D:\github-backups\ron-english-toys\format-money-no-decimals-v1-20260512-150204\items\bart-grin-76.html"
"items\bart-grin-og-562.html","D:\github-backups\ron-english-toys\format-money-no-decimals-v1-20260512-150204\items\bart-grin-og-562.html"
"items\batman-and-the-boy-blunder-badly-drawn-985.html","D:\github-backups\ron-english-toys\format-money-no-decimals-v1-20260512-150204\items\batman-and-the-boy-blunder-badly-drawn-985.html"
"items\batman-vs-joker-boxing-brain-set-579.html","D:\github-backups\ron-english-toys\format-money-no-decimals-v1-20260512-150204\items\batman-vs-joker-boxing-brain-set-579.html"
"items\beau-lief-drawing-747.html","D:\github-backups\ron-english-toys\format-money-no-decimals-v1-20260512-150204\items\beau-lief-drawing-747.html"
"items\big-boner-all-seeing-eye-edition-859.html","D:\github-backups\ron-english-toys\format-money-no-decimals-v1-20260512-150204\items\big-boner-all-seeing-eye-edition-859.html"
"items\big-boner-biggubona-myth-edition-44.html","D:\github-backups\ron-english-toys\format-money-no-decimals-v1-20260512-150204\items\big-boner-biggubona-myth-edition-44.html"
"items\big-boner-blackout-207.html","D:\github-backups\ron-english-toys\format-money-no-decimals-v1-20260512-150204\items\big-boner-blackout-207.html"
"items\big-boner-camo-487.html","D:\github-backups\ron-english-toys\format-money-no-decimals-v1-20260512-150204\items\big-boner-camo-487.html"
"items\big-boner-gid-923.html","D:\github-backups\ron-english-toys\format-money-no-decimals-v1-20260512-150204\items\big-boner-gid-923.html"
"items\big-boner-og-428.html","D:\github-backups\ron-english-toys\format-money-no-decimals-v1-20260512-150204\items\big-boner-og-428.html"
"items\big-boner-polkaganda-dots-edition-304.html","D:\github-backups\ron-english-toys\format-money-no-decimals-v1-20260512-150204\items\big-boner-polkaganda-dots-edition-304.html"
"items\big-boner-popaganda-pink-150.html","D:\github-backups\ron-english-toys\format-money-no-decimals-v1-20260512-150204\items\big-boner-popaganda-pink-150.html"
"items\big-boner-sketch-406.html","D:\github-backups\ron-english-toys\format-money-no-decimals-v1-20260512-150204\items\big-boner-sketch-406.html"
"items\big-boner-stealth-edition-208.html","D:\github-backups\ron-english-toys\format-money-no-decimals-v1-20260512-150204\items\big-boner-stealth-edition-208.html"
"items\big-duck-drawing-759.html","D:\github-backups\ron-english-toys\format-money-no-decimals-v1-20260512-150204\items\big-duck-drawing-759.html"
"items\big-yang-the-yang-bangers-original-221.html","D:\github-backups\ron-english-toys\format-money-no-decimals-v1-20260512-150204\items\big-yang-the-yang-bangers-original-221.html"
"items\big-yang-the-yang-bangers-turnaround-sketch-499.html","D:\github-backups\ron-english-toys\format-money-no-decimals-v1-20260512-150204\items\big-yang-the-yang-bangers-turnaround-sketch-499.html"
"items\big-yang-the-yang-bangers-yellow-273.html","D:\github-backups\ron-english-toys\format-money-no-decimals-v1-20260512-150204\items\big-yang-the-yang-bangers-yellow-273.html"
"items\bk-marbledzilla-543.html","D:\github-backups\ron-english-toys\format-money-no-decimals-v1-20260512-150204\items\bk-marbledzilla-543.html"
"items\black-gold-big-poppa-tenacious-toys-exclusive-283.html","D:\github-backups\ron-english-toys\format-money-no-decimals-v1-20260512-150204\items\black-gold-big-poppa-tenacious-toys-exclusive-283.html"
"items\black-gold-deadmau5-grin-602.html","D:\github-backups\ron-english-toys\format-money-no-decimals-v1-20260512-150204\items\black-gold-deadmau5-grin-602.html"
"items\black-gold-glass-jaw-147.html","D:\github-backups\ron-english-toys\format-money-no-decimals-v1-20260512-150204\items\black-gold-glass-jaw-147.html"
"items\black-gold-lady-lips-kidrobot-exclusive-573.html","D:\github-backups\ron-english-toys\format-money-no-decimals-v1-20260512-150204\items\black-gold-lady-lips-kidrobot-exclusive-573.html"
"items\black-light-magic-green-mc-supersized-83.html","D:\github-backups\ron-english-toys\format-money-no-decimals-v1-20260512-150204\items\black-light-magic-green-mc-supersized-83.html"
"items\black-light-magic-purple-mc-supersized-651.html","D:\github-backups\ron-english-toys\format-money-no-decimals-v1-20260512-150204\items\black-light-magic-purple-mc-supersized-651.html"
"items\black-light-magic-yellow-mc-supersized-617.html","D:\github-backups\ron-english-toys\format-money-no-decimals-v1-20260512-150204\items\black-light-magic-yellow-mc-supersized-617.html"
"items\black-light-smack-crack-and-pot-813.html","D:\github-backups\ron-english-toys\format-money-no-decimals-v1-20260512-150204\items\black-light-smack-crack-and-pot-813.html"
"items\black-pearl-heart-skull-560.html","D:\github-backups\ron-english-toys\format-money-no-decimals-v1-20260512-150204\items\black-pearl-heart-skull-560.html"
"items\black-rainbow-star-skull-341.html","D:\github-backups\ron-english-toys\format-money-no-decimals-v1-20260512-150204\items\black-rainbow-star-skull-341.html"
"items\black-sugar-diabetic-bear-148.html","D:\github-backups\ron-english-toys\format-money-no-decimals-v1-20260512-150204\items\black-sugar-diabetic-bear-148.html"
"items\black-white-gid-light-cult-crypto-bulb-591.html","D:\github-backups\ron-english-toys\format-money-no-decimals-v1-20260512-150204\items\black-white-gid-light-cult-crypto-bulb-591.html"
"items\blanka-street-fighter-grin-836.html","D:\github-backups\ron-english-toys\format-money-no-decimals-v1-20260512-150204\items\blanka-street-fighter-grin-836.html"
"items\blue-dubs-edition-boxing-brain-260.html","D:\github-backups\ron-english-toys\format-money-no-decimals-v1-20260512-150204\items\blue-dubs-edition-boxing-brain-260.html"
"items\breathe-925.html","D:\github-backups\ron-english-toys\format-money-no-decimals-v1-20260512-150204\items\breathe-925.html"
"items\bronze-lady-liberty-grin-24.html","D:\github-backups\ron-english-toys\format-money-no-decimals-v1-20260512-150204\items\bronze-lady-liberty-grin-24.html"
"items\bronze-mousemask-murphy-316.html","D:\github-backups\ron-english-toys\format-money-no-decimals-v1-20260512-150204\items\bronze-mousemask-murphy-316.html"
"items\brute-33.html","D:\github-backups\ron-english-toys\format-money-no-decimals-v1-20260512-150204\items\brute-33.html"
"items\bunnny-rabbbit-purple-895.html","D:\github-backups\ron-english-toys\format-money-no-decimals-v1-20260512-150204\items\bunnny-rabbbit-purple-895.html"
"items\camo-deer-in-autumn-338.html","D:\github-backups\ron-english-toys\format-money-no-decimals-v1-20260512-150204\items\camo-deer-in-autumn-338.html"
"items\cap-n-cornstarch-696.html","D:\github-backups\ron-english-toys\format-money-no-decimals-v1-20260512-150204\items\cap-n-cornstarch-696.html"
"items\cap-n-cornstarch-gid-66.html","D:\github-backups\ron-english-toys\format-money-no-decimals-v1-20260512-150204\items\cap-n-cornstarch-gid-66.html"
"items\cap-n-cornstarch-metallic-507.html","D:\github-backups\ron-english-toys\format-money-no-decimals-v1-20260512-150204\items\cap-n-cornstarch-metallic-507.html"
"items\capt-n-cornstarch-1004.html","D:\github-backups\ron-english-toys\format-money-no-decimals-v1-20260512-150204\items\capt-n-cornstarch-1004.html"
"items\captain-caption-430.html","D:\github-backups\ron-english-toys\format-money-no-decimals-v1-20260512-150204\items\captain-caption-430.html"
"items\captain-caption-979.html","D:\github-backups\ron-english-toys\format-money-no-decimals-v1-20260512-150204\items\captain-caption-979.html"
"items\carrot-man-656.html","D:\github-backups\ron-english-toys\format-money-no-decimals-v1-20260512-150204\items\carrot-man-656.html"
"items\cartoon-guernica-sketch-196.html","D:\github-backups\ron-english-toys\format-money-no-decimals-v1-20260512-150204\items\cartoon-guernica-sketch-196.html"
"items\cassie-cowgirl-circus-sideshow-27.html","D:\github-backups\ron-english-toys\format-money-no-decimals-v1-20260512-150204\items\cassie-cowgirl-circus-sideshow-27.html"
"items\cat-fish-1025.html","D:\github-backups\ron-english-toys\format-money-no-decimals-v1-20260512-150204\items\cat-fish-1025.html"
"items\cathy-cowgirl-760.html","D:\github-backups\ron-english-toys\format-money-no-decimals-v1-20260512-150204\items\cathy-cowgirl-760.html"
"items\ceramic-donald-t-rich-grin-68.html","D:\github-backups\ron-english-toys\format-money-no-decimals-v1-20260512-150204\items\ceramic-donald-t-rich-grin-68.html"
"items\cereal-killer-cap-n-cornstarch-sketch-356.html","D:\github-backups\ron-english-toys\format-money-no-decimals-v1-20260512-150204\items\cereal-killer-cap-n-cornstarch-sketch-356.html"
"items\cereal-killer-coco-paunch-sketch-311.html","D:\github-backups\ron-english-toys\format-money-no-decimals-v1-20260512-150204\items\cereal-killer-coco-paunch-sketch-311.html"
"items\cereal-killer-franken-fat-sketch-854.html","D:\github-backups\ron-english-toys\format-money-no-decimals-v1-20260512-150204\items\cereal-killer-franken-fat-sketch-854.html"
"items\cereal-killer-fructose-peddlers-sketch-357.html","D:\github-backups\ron-english-toys\format-money-no-decimals-v1-20260512-150204\items\cereal-killer-fructose-peddlers-sketch-357.html"
"items\cereal-killer-fruit-looped-sketch-476.html","D:\github-backups\ron-english-toys\format-money-no-decimals-v1-20260512-150204\items\cereal-killer-fruit-looped-sketch-476.html"
"items\cereal-killer-sugar-diabetic-bear-sketch-227.html","D:\github-backups\ron-english-toys\format-money-no-decimals-v1-20260512-150204\items\cereal-killer-sugar-diabetic-bear-sketch-227.html"
"items\cereal-killer-sugar-pow-sketch-728.html","D:\github-backups\ron-english-toys\format-money-no-decimals-v1-20260512-150204\items\cereal-killer-sugar-pow-sketch-728.html"
"items\cereal-killer-tricks-the-kids-sketch-799.html","D:\github-backups\ron-english-toys\format-money-no-decimals-v1-20260512-150204\items\cereal-killer-tricks-the-kids-sketch-799.html"
"items\cereal-killer-yucky-children-charmer-sketch-826.html","D:\github-backups\ron-english-toys\format-money-no-decimals-v1-20260512-150204\items\cereal-killer-yucky-children-charmer-sketch-826.html"
"items\cereal-killers-franken-fat-1065.html","D:\github-backups\ron-english-toys\format-money-no-decimals-v1-20260512-150204\items\cereal-killers-franken-fat-1065.html"
"items\cereal-killers-mini-figures-12-pack-w-display-case-10.html","D:\github-backups\ron-english-toys\format-money-no-decimals-v1-20260512-150204\items\cereal-killers-mini-figures-12-pack-w-display-case-10.html"
"items\cereal-killers-tricks-897.html","D:\github-backups\ron-english-toys\format-money-no-decimals-v1-20260512-150204\items\cereal-killers-tricks-897.html"
"items\cereal-killers-yucky-children-charmer-752.html","D:\github-backups\ron-english-toys\format-money-no-decimals-v1-20260512-150204\items\cereal-killers-yucky-children-charmer-752.html"
"items\charlie-grin-black-gold-572.html","D:\github-backups\ron-english-toys\format-money-no-decimals-v1-20260512-150204\items\charlie-grin-black-gold-572.html"
"items\charlie-grin-black-platinum-909.html","D:\github-backups\ron-english-toys\format-money-no-decimals-v1-20260512-150204\items\charlie-grin-black-platinum-909.html"
"items\charlie-grin-club-cubic-gid-383.html","D:\github-backups\ron-english-toys\format-money-no-decimals-v1-20260512-150204\items\charlie-grin-club-cubic-gid-383.html"
"items\charlie-grin-highsnobiety-gold-edition-466.html","D:\github-backups\ron-english-toys\format-money-no-decimals-v1-20260512-150204\items\charlie-grin-highsnobiety-gold-edition-466.html"
"items\charlie-grin-mono-jps-exclusive-539.html","D:\github-backups\ron-english-toys\format-money-no-decimals-v1-20260512-150204\items\charlie-grin-mono-jps-exclusive-539.html"
"items\charlie-grin-mono-w-gold-grill-jps-exclusive-65.html","D:\github-backups\ron-english-toys\format-money-no-decimals-v1-20260512-150204\items\charlie-grin-mono-w-gold-grill-jps-exclusive-65.html"
"items\charlie-grin-mono-w-platinum-grill-jps-exclusive-34.html","D:\github-backups\ron-english-toys\format-money-no-decimals-v1-20260512-150204\items\charlie-grin-mono-w-platinum-grill-jps-exclusive-34.html"
"items\charlie-grin-og-pink-454.html","D:\github-backups\ron-english-toys\format-money-no-decimals-v1-20260512-150204\items\charlie-grin-og-pink-454.html"
"items\charlie-grin-og-pink-rose-gold-grey-grin-567.html","D:\github-backups\ron-english-toys\format-money-no-decimals-v1-20260512-150204\items\charlie-grin-og-pink-rose-gold-grey-grin-567.html"
"items\charlie-grin-the-contemporary-fix-edition-1044.html","D:\github-backups\ron-english-toys\format-money-no-decimals-v1-20260512-150204\items\charlie-grin-the-contemporary-fix-edition-1044.html"
"items\charlie-grin-turnaround-sketches-37.html","D:\github-backups\ron-english-toys\format-money-no-decimals-v1-20260512-150204\items\charlie-grin-turnaround-sketches-37.html"
"items\chinese-new-year-smiley-grin-gold-smile-867.html","D:\github-backups\ron-english-toys\format-money-no-decimals-v1-20260512-150204\items\chinese-new-year-smiley-grin-gold-smile-867.html"
"items\clear-big-poppa-fpf-20-166.html","D:\github-backups\ron-english-toys\format-money-no-decimals-v1-20260512-150204\items\clear-big-poppa-fpf-20-166.html"
"items\clear-big-poppa-with-burgers-ntwrk-exclusive-769.html","D:\github-backups\ron-english-toys\format-money-no-decimals-v1-20260512-150204\items\clear-big-poppa-with-burgers-ntwrk-exclusive-769.html"
"items\clear-glitter-temper-tot-665.html","D:\github-backups\ron-english-toys\format-money-no-decimals-v1-20260512-150204\items\clear-glitter-temper-tot-665.html"
"items\clear-neon-pk-mousezilla-984.html","D:\github-backups\ron-english-toys\format-money-no-decimals-v1-20260512-150204\items\clear-neon-pk-mousezilla-984.html"
"items\clown-school-437.html","D:\github-backups\ron-english-toys\format-money-no-decimals-v1-20260512-150204\items\clown-school-437.html"
"items\copper-lucky-cat-grin-79.html","D:\github-backups\ron-english-toys\format-money-no-decimals-v1-20260512-150204\items\copper-lucky-cat-grin-79.html"
"items\coulrophobic-clown-123.html","D:\github-backups\ron-english-toys\format-money-no-decimals-v1-20260512-150204\items\coulrophobic-clown-123.html"
"items\count-calorie-653.html","D:\github-backups\ron-english-toys\format-money-no-decimals-v1-20260512-150204\items\count-calorie-653.html"
"items\count-calorie-gid-582.html","D:\github-backups\ron-english-toys\format-money-no-decimals-v1-20260512-150204\items\count-calorie-gid-582.html"
"items\creepy-christmas-deadmau5-grin-473.html","D:\github-backups\ron-english-toys\format-money-no-decimals-v1-20260512-150204\items\creepy-christmas-deadmau5-grin-473.html"
"items\crystal-classic-big-poppa-785.html","D:\github-backups\ron-english-toys\format-money-no-decimals-v1-20260512-150204\items\crystal-classic-big-poppa-785.html"
"items\crystal-embellished-gold-black-big-poppa-956.html","D:\github-backups\ron-english-toys\format-money-no-decimals-v1-20260512-150204\items\crystal-embellished-gold-black-big-poppa-956.html"
"items\d-oh-boy-heart-in-hand-101.html","D:\github-backups\ron-english-toys\format-money-no-decimals-v1-20260512-150204\items\d-oh-boy-heart-in-hand-101.html"
"items\d-oh-boy-traditional-868.html","D:\github-backups\ron-english-toys\format-money-no-decimals-v1-20260512-150204\items\d-oh-boy-traditional-868.html"
"items\dark-star-gold-grin-916.html","D:\github-backups\ron-english-toys\format-money-no-decimals-v1-20260512-150204\items\dark-star-gold-grin-916.html"
"items\dark-star-grin-390.html","D:\github-backups\ron-english-toys\format-money-no-decimals-v1-20260512-150204\items\dark-star-grin-390.html"
"items\dark-star-silver-grin-463.html","D:\github-backups\ron-english-toys\format-money-no-decimals-v1-20260512-150204\items\dark-star-silver-grin-463.html"
"items\darth-black-police-grin-bone-grin-405.html","D:\github-backups\ron-english-toys\format-money-no-decimals-v1-20260512-150204\items\darth-black-police-grin-bone-grin-405.html"
"items\demon-frankenstein-kaiju-479.html","D:\github-backups\ron-english-toys\format-money-no-decimals-v1-20260512-150204\items\demon-frankenstein-kaiju-479.html"
"items\diamond-star-skull-807.html","D:\github-backups\ron-english-toys\format-money-no-decimals-v1-20260512-150204\items\diamond-star-skull-807.html"
"items\dinogrenade-clear-glitter-green-1017.html","D:\github-backups\ron-english-toys\format-money-no-decimals-v1-20260512-150204\items\dinogrenade-clear-glitter-green-1017.html"
"items\dinogrenade-green-955.html","D:\github-backups\ron-english-toys\format-money-no-decimals-v1-20260512-150204\items\dinogrenade-green-955.html"
"items\dinogrenade-hand-painted-409.html","D:\github-backups\ron-english-toys\format-money-no-decimals-v1-20260512-150204\items\dinogrenade-hand-painted-409.html"
"items\dog-face-shell-drawing-960.html","D:\github-backups\ron-english-toys\format-money-no-decimals-v1-20260512-150204\items\dog-face-shell-drawing-960.html"
"items\donald-t-grin-771.html","D:\github-backups\ron-english-toys\format-money-no-decimals-v1-20260512-150204\items\donald-t-grin-771.html"
"items\double-devil-dog-gold-version-568.html","D:\github-backups\ron-english-toys\format-money-no-decimals-v1-20260512-150204\items\double-devil-dog-gold-version-568.html"
"items\drug-em-killfrog-794.html","D:\github-backups\ron-english-toys\format-money-no-decimals-v1-20260512-150204\items\drug-em-killfrog-794.html"
"items\duck-mermaid-drawing-113.html","D:\github-backups\ron-english-toys\format-money-no-decimals-v1-20260512-150204\items\duck-mermaid-drawing-113.html"
"items\dum-english-astronaut-skull-star-black-226.html","D:\github-backups\ron-english-toys\format-money-no-decimals-v1-20260512-150204\items\dum-english-astronaut-skull-star-black-226.html"
"items\dum-english-astronaut-skull-star-gold-441.html","D:\github-backups\ron-english-toys\format-money-no-decimals-v1-20260512-150204\items\dum-english-astronaut-skull-star-gold-441.html"
"items\dum-english-astronaut-skull-star-pink-136.html","D:\github-backups\ron-english-toys\format-money-no-decimals-v1-20260512-150204\items\dum-english-astronaut-skull-star-pink-136.html"
"items\dum-english-astronaut-skull-star-turquoise-455.html","D:\github-backups\ron-english-toys\format-money-no-decimals-v1-20260512-150204\items\dum-english-astronaut-skull-star-turquoise-455.html"
"items\eclipse-storm-parter-225.html","D:\github-backups\ron-english-toys\format-money-no-decimals-v1-20260512-150204\items\eclipse-storm-parter-225.html"
"items\electric-strawberry-charlie-grin-sunflower-nft-1009.html","D:\github-backups\ron-english-toys\format-money-no-decimals-v1-20260512-150204\items\electric-strawberry-charlie-grin-sunflower-nft-1009.html"
"items\elefanka-on-her-high-horse-156.html","D:\github-backups\ron-english-toys\format-money-no-decimals-v1-20260512-150204\items\elefanka-on-her-high-horse-156.html"
"items\elefanka-on-her-high-horse-drawing-850.html","D:\github-backups\ron-english-toys\format-money-no-decimals-v1-20260512-150204\items\elefanka-on-her-high-horse-drawing-850.html"
"items\embarrassed-in-love-lavender-and-hot-pink-330.html","D:\github-backups\ron-english-toys\format-money-no-decimals-v1-20260512-150204\items\embarrassed-in-love-lavender-and-hot-pink-330.html"
"items\everlast-ronquiat-111.html","D:\github-backups\ron-english-toys\format-money-no-decimals-v1-20260512-150204\items\everlast-ronquiat-111.html"
"items\evil-mc-diamond-dust-edition-black-makeup-520.html","D:\github-backups\ron-english-toys\format-money-no-decimals-v1-20260512-150204\items\evil-mc-diamond-dust-edition-black-makeup-520.html"
"items\evil-mc-diamond-dust-edition-red-makeup-175.html","D:\github-backups\ron-english-toys\format-money-no-decimals-v1-20260512-150204\items\evil-mc-diamond-dust-edition-red-makeup-175.html"
"items\evil-mc-hella-bling-edition-236.html","D:\github-backups\ron-english-toys\format-money-no-decimals-v1-20260512-150204\items\evil-mc-hella-bling-edition-236.html"
"items\evil-mc-hella-evil-edition-324.html","D:\github-backups\ron-english-toys\format-money-no-decimals-v1-20260512-150204\items\evil-mc-hella-evil-edition-324.html"
"items\evil-mc-pure-evil-edition-870.html","D:\github-backups\ron-english-toys\format-money-no-decimals-v1-20260512-150204\items\evil-mc-pure-evil-edition-870.html"
"items\eye-of-the-electric-illuminati-362.html","D:\github-backups\ron-english-toys\format-money-no-decimals-v1-20260512-150204\items\eye-of-the-electric-illuminati-362.html"
"items\eyeball-dna-dock-drawing-468.html","D:\github-backups\ron-english-toys\format-money-no-decimals-v1-20260512-150204\items\eyeball-dna-dock-drawing-468.html"
"items\fairy-snail-drawing-882.html","D:\github-backups\ron-english-toys\format-money-no-decimals-v1-20260512-150204\items\fairy-snail-drawing-882.html"
"items\falla-sheep-black-chase-223.html","D:\github-backups\ron-english-toys\format-money-no-decimals-v1-20260512-150204\items\falla-sheep-black-chase-223.html"
"items\falla-sheep-bry-black-red-yellow-170.html","D:\github-backups\ron-english-toys\format-money-no-decimals-v1-20260512-150204\items\falla-sheep-bry-black-red-yellow-170.html"
"items\fat-bart-167.html","D:\github-backups\ron-english-toys\format-money-no-decimals-v1-20260512-150204\items\fat-bart-167.html"
"items\fat-tony-antique-905.html","D:\github-backups\ron-english-toys\format-money-no-decimals-v1-20260512-150204\items\fat-tony-antique-905.html"
"items\fat-tony-fluorescent-361.html","D:\github-backups\ron-english-toys\format-money-no-decimals-v1-20260512-150204\items\fat-tony-fluorescent-361.html"
"items\fat-tony-frozen-culture-124.html","D:\github-backups\ron-english-toys\format-money-no-decimals-v1-20260512-150204\items\fat-tony-frozen-culture-124.html"
"items\fat-tony-original-529.html","D:\github-backups\ron-english-toys\format-money-no-decimals-v1-20260512-150204\items\fat-tony-original-529.html"
"items\fauxy-fox-174.html","D:\github-backups\ron-english-toys\format-money-no-decimals-v1-20260512-150204\items\fauxy-fox-174.html"
"items\figment-bust-blue-red-137.html","D:\github-backups\ron-english-toys\format-money-no-decimals-v1-20260512-150204\items\figment-bust-blue-red-137.html"
"items\figment-bust-blue-yellow-654.html","D:\github-backups\ron-english-toys\format-money-no-decimals-v1-20260512-150204\items\figment-bust-blue-yellow-654.html"
"items\figment-bust-green-144.html","D:\github-backups\ron-english-toys\format-money-no-decimals-v1-20260512-150204\items\figment-bust-green-144.html"
"items\figment-bust-green-violet-888.html","D:\github-backups\ron-english-toys\format-money-no-decimals-v1-20260512-150204\items\figment-bust-green-violet-888.html"
"items\figment-bust-turnaround-sketches-554.html","D:\github-backups\ron-english-toys\format-money-no-decimals-v1-20260512-150204\items\figment-bust-turnaround-sketches-554.html"
"items\fire-storm-parter-901.html","D:\github-backups\ron-english-toys\format-money-no-decimals-v1-20260512-150204\items\fire-storm-parter-901.html"
"items\flower-girl-drawing-639.html","D:\github-backups\ron-english-toys\format-money-no-decimals-v1-20260512-150204\items\flower-girl-drawing-639.html"
"items\flower-mermaid-drawing-704.html","D:\github-backups\ron-english-toys\format-money-no-decimals-v1-20260512-150204\items\flower-mermaid-drawing-704.html"
"items\fluorescent-king-monkeyshiner-grin-160.html","D:\github-backups\ron-english-toys\format-money-no-decimals-v1-20260512-150204\items\fluorescent-king-monkeyshiner-grin-160.html"
"items\forlorn-unicorn-791.html","D:\github-backups\ron-english-toys\format-money-no-decimals-v1-20260512-150204\items\forlorn-unicorn-791.html"
"items\franken-fat-700.html","D:\github-backups\ron-english-toys\format-money-no-decimals-v1-20260512-150204\items\franken-fat-700.html"
"items\frankenfat-334.html","D:\github-backups\ron-english-toys\format-money-no-decimals-v1-20260512-150204\items\frankenfat-334.html"
"items\freddy-funko-love-combrat-457.html","D:\github-backups\ron-english-toys\format-money-no-decimals-v1-20260512-150204\items\freddy-funko-love-combrat-457.html"
"items\fruit-looped-559.html","D:\github-backups\ron-english-toys\format-money-no-decimals-v1-20260512-150204\items\fruit-looped-559.html"
"items\funny-sex-pack-399.html","D:\github-backups\ron-english-toys\format-money-no-decimals-v1-20260512-150204\items\funny-sex-pack-399.html"
"items\galaxy-7-mousemask-murphy-779.html","D:\github-backups\ron-english-toys\format-money-no-decimals-v1-20260512-150204\items\galaxy-7-mousemask-murphy-779.html"
"items\gas-mask-mouse-frozen-culture-581.html","D:\github-backups\ron-english-toys\format-money-no-decimals-v1-20260512-150204\items\gas-mask-mouse-frozen-culture-581.html"
"items\gay-empire-police-grin-303.html","D:\github-backups\ron-english-toys\format-money-no-decimals-v1-20260512-150204\items\gay-empire-police-grin-303.html"
"items\gid-artist-gnome-381.html","D:\github-backups\ron-english-toys\format-money-no-decimals-v1-20260512-150204\items\gid-artist-gnome-381.html"
"items\gid-full-color-mc-supersized-668.html","D:\github-backups\ron-english-toys\format-money-no-decimals-v1-20260512-150204\items\gid-full-color-mc-supersized-668.html"
"items\gid-glassjaw-ntwrk-exclusive-669.html","D:\github-backups\ron-english-toys\format-money-no-decimals-v1-20260512-150204\items\gid-glassjaw-ntwrk-exclusive-669.html"
"items\gid-grinbot-78.html","D:\github-backups\ron-english-toys\format-money-no-decimals-v1-20260512-150204\items\gid-grinbot-78.html"
"items\gid-modzilla-198.html","D:\github-backups\ron-english-toys\format-money-no-decimals-v1-20260512-150204\items\gid-modzilla-198.html"
"items\gid-more-evil-monkeys-set-363.html","D:\github-backups\ron-english-toys\format-money-no-decimals-v1-20260512-150204\items\gid-more-evil-monkeys-set-363.html"
"items\gid-ok-doomer-old-chuck-625.html","D:\github-backups\ron-english-toys\format-money-no-decimals-v1-20260512-150204\items\gid-ok-doomer-old-chuck-625.html"
"items\gid-x-ray-mc-ntwrk-exclusive-1033.html","D:\github-backups\ron-english-toys\format-money-no-decimals-v1-20260512-150204\items\gid-x-ray-mc-ntwrk-exclusive-1033.html"
"items\gimmie-the-loot-big-poppa-1078.html","D:\github-backups\ron-english-toys\format-money-no-decimals-v1-20260512-150204\items\gimmie-the-loot-big-poppa-1078.html"
"items\glitter-lady-lips-production-sample-950.html","D:\github-backups\ron-english-toys\format-money-no-decimals-v1-20260512-150204\items\glitter-lady-lips-production-sample-950.html"
"items\godzilla-portal-269.html","D:\github-backups\ron-english-toys\format-money-no-decimals-v1-20260512-150204\items\godzilla-portal-269.html"
"items\gold-donald-t-rich-grin-417.html","D:\github-backups\ron-english-toys\format-money-no-decimals-v1-20260512-150204\items\gold-donald-t-rich-grin-417.html"
"items\gold-fat-tony-772.html","D:\github-backups\ron-english-toys\format-money-no-decimals-v1-20260512-150204\items\gold-fat-tony-772.html"
"items\gold-iron-skin-grin-689.html","D:\github-backups\ron-english-toys\format-money-no-decimals-v1-20260512-150204\items\gold-iron-skin-grin-689.html"
"items\gold-mona-lisa-grin-764.html","D:\github-backups\ron-english-toys\format-money-no-decimals-v1-20260512-150204\items\gold-mona-lisa-grin-764.html"
"items\gold-rame-full-color-mc-supersized-x-ray-287.html","D:\github-backups\ron-english-toys\format-money-no-decimals-v1-20260512-150204\items\gold-rame-full-color-mc-supersized-x-ray-287.html"
"items\gold-rame-mc-supersized-619.html","D:\github-backups\ron-english-toys\format-money-no-decimals-v1-20260512-150204\items\gold-rame-mc-supersized-619.html"
"items\golden-glitter-evil-mc-924.html","D:\github-backups\ron-english-toys\format-money-no-decimals-v1-20260512-150204\items\golden-glitter-evil-mc-924.html"
"items\goth-forlorn-unicorn-153.html","D:\github-backups\ron-english-toys\format-money-no-decimals-v1-20260512-150204\items\goth-forlorn-unicorn-153.html"
"items\grade-school-guernica-673.html","D:\github-backups\ron-english-toys\format-money-no-decimals-v1-20260512-150204\items\grade-school-guernica-673.html"
"items\graff-mousemask-drawing-270.html","D:\github-backups\ron-english-toys\format-money-no-decimals-v1-20260512-150204\items\graff-mousemask-drawing-270.html"
"items\graveyard-guernica-sketches-840.html","D:\github-backups\ron-english-toys\format-money-no-decimals-v1-20260512-150204\items\graveyard-guernica-sketches-840.html"
"items\green-blacklight-magic-green-mad-happy-monk-grin-806.html","D:\github-backups\ron-english-toys\format-money-no-decimals-v1-20260512-150204\items\green-blacklight-magic-green-mad-happy-monk-grin-806.html"
"items\green-glitter-mc-supersized-grin-904.html","D:\github-backups\ron-english-toys\format-money-no-decimals-v1-20260512-150204\items\green-glitter-mc-supersized-grin-904.html"
"items\green-grey-gun-falla-sheep-880.html","D:\github-backups\ron-english-toys\format-money-no-decimals-v1-20260512-150204\items\green-grey-gun-falla-sheep-880.html"
"items\green-mad-lad-temper-tot-184.html","D:\github-backups\ron-english-toys\format-money-no-decimals-v1-20260512-150204\items\green-mad-lad-temper-tot-184.html"
"items\green-mona-lisa-grin-838.html","D:\github-backups\ron-english-toys\format-money-no-decimals-v1-20260512-150204\items\green-mona-lisa-grin-838.html"
"items\green-orion-grin-bone-smile-431.html","D:\github-backups\ron-english-toys\format-money-no-decimals-v1-20260512-150204\items\green-orion-grin-bone-smile-431.html"
"items\green-orion-grin-gid-smile-630.html","D:\github-backups\ron-english-toys\format-money-no-decimals-v1-20260512-150204\items\green-orion-grin-gid-smile-630.html"
"items\green-orion-grin-gold-smile-531.html","D:\github-backups\ron-english-toys\format-money-no-decimals-v1-20260512-150204\items\green-orion-grin-gold-smile-531.html"
"items\green-orion-grin-silver-smile-972.html","D:\github-backups\ron-english-toys\format-money-no-decimals-v1-20260512-150204\items\green-orion-grin-silver-smile-972.html"
"items\green-pink-gun-fella-sheep-761.html","D:\github-backups\ron-english-toys\format-money-no-decimals-v1-20260512-150204\items\green-pink-gun-fella-sheep-761.html"
"items\grey-falla-sheep-376.html","D:\github-backups\ron-english-toys\format-money-no-decimals-v1-20260512-150204\items\grey-falla-sheep-376.html"
"items\grey-orion-grin-bone-smile-48.html","D:\github-backups\ron-english-toys\format-money-no-decimals-v1-20260512-150204\items\grey-orion-grin-bone-smile-48.html"
"items\grey-orion-grin-gid-smile-975.html","D:\github-backups\ron-english-toys\format-money-no-decimals-v1-20260512-150204\items\grey-orion-grin-gid-smile-975.html"
"items\grey-orion-grin-gold-smile-474.html","D:\github-backups\ron-english-toys\format-money-no-decimals-v1-20260512-150204\items\grey-orion-grin-gold-smile-474.html"
"items\grey-orion-grin-silver-smile-231.html","D:\github-backups\ron-english-toys\format-money-no-decimals-v1-20260512-150204\items\grey-orion-grin-silver-smile-231.html"
"items\gridiron-drawing-290.html","D:\github-backups\ron-english-toys\format-money-no-decimals-v1-20260512-150204\items\gridiron-drawing-290.html"
"items\grin-david-drawing-844.html","D:\github-backups\ron-english-toys\format-money-no-decimals-v1-20260512-150204\items\grin-david-drawing-844.html"
"items\grin-polka-tile-painting-380.html","D:\github-backups\ron-english-toys\format-money-no-decimals-v1-20260512-150204\items\grin-polka-tile-painting-380.html"
"items\grin-reeper-398.html","D:\github-backups\ron-english-toys\format-money-no-decimals-v1-20260512-150204\items\grin-reeper-398.html"
"items\grin-reeper-mini-49.html","D:\github-backups\ron-english-toys\format-money-no-decimals-v1-20260512-150204\items\grin-reeper-mini-49.html"
"items\grinbot-516.html","D:\github-backups\ron-english-toys\format-money-no-decimals-v1-20260512-150204\items\grinbot-516.html"
"items\grinbot-metallic-1062.html","D:\github-backups\ron-english-toys\format-money-no-decimals-v1-20260512-150204\items\grinbot-metallic-1062.html"
"items\grinnie-sdcc-19-631.html","D:\github-backups\ron-english-toys\format-money-no-decimals-v1-20260512-150204\items\grinnie-sdcc-19-631.html"
"items\groovy-mc-supersized-40.html","D:\github-backups\ron-english-toys\format-money-no-decimals-v1-20260512-150204\items\groovy-mc-supersized-40.html"
"items\guile-street-fighter-grin-739.html","D:\github-backups\ron-english-toys\format-money-no-decimals-v1-20260512-150204\items\guile-street-fighter-grin-739.html"
"items\happy-boy-194.html","D:\github-backups\ron-english-toys\format-money-no-decimals-v1-20260512-150204\items\happy-boy-194.html"
"items\haze-bob-ganja-gin-the-compound-458.html","D:\github-backups\ron-english-toys\format-money-no-decimals-v1-20260512-150204\items\haze-bob-ganja-gin-the-compound-458.html"
"items\heart-skull-camo-brain-523.html","D:\github-backups\ron-english-toys\format-money-no-decimals-v1-20260512-150204\items\heart-skull-camo-brain-523.html"
"items\heart-skull-glitter-purple-577.html","D:\github-backups\ron-english-toys\format-money-no-decimals-v1-20260512-150204\items\heart-skull-glitter-purple-577.html"
"items\heart-skull-glitter-silver-586.html","D:\github-backups\ron-english-toys\format-money-no-decimals-v1-20260512-150204\items\heart-skull-glitter-silver-586.html"
"items\heart-skull-metallic-purple-1000.html","D:\github-backups\ron-english-toys\format-money-no-decimals-v1-20260512-150204\items\heart-skull-metallic-purple-1000.html"
"items\heart-skull-purple-glitter-418.html","D:\github-backups\ron-english-toys\format-money-no-decimals-v1-20260512-150204\items\heart-skull-purple-glitter-418.html"
"items\heart-skull-sherbet-drip-1069.html","D:\github-backups\ron-english-toys\format-money-no-decimals-v1-20260512-150204\items\heart-skull-sherbet-drip-1069.html"
"items\heart-skull-sketch-247.html","D:\github-backups\ron-english-toys\format-money-no-decimals-v1-20260512-150204\items\heart-skull-sketch-247.html"
"items\heart-skull-transparent-blue-261.html","D:\github-backups\ron-english-toys\format-money-no-decimals-v1-20260512-150204\items\heart-skull-transparent-blue-261.html"
"items\heart-skull-transparent-green-purple-1003.html","D:\github-backups\ron-english-toys\format-money-no-decimals-v1-20260512-150204\items\heart-skull-transparent-green-purple-1003.html"
"items\heart-skull-transparent-pink-swirl-744.html","D:\github-backups\ron-english-toys\format-money-no-decimals-v1-20260512-150204\items\heart-skull-transparent-pink-swirl-744.html"
"items\heart-skull-transparent-yellow-with-brain-292.html","D:\github-backups\ron-english-toys\format-money-no-decimals-v1-20260512-150204\items\heart-skull-transparent-yellow-with-brain-292.html"
"items\hiphop-trooper-police-grin-202.html","D:\github-backups\ron-english-toys\format-money-no-decimals-v1-20260512-150204\items\hiphop-trooper-police-grin-202.html"
"items\hop-hop-police-grin-action-figure-nycc-20-951.html","D:\github-backups\ron-english-toys\format-money-no-decimals-v1-20260512-150204\items\hop-hop-police-grin-action-figure-nycc-20-951.html"
"items\hulkboy-sketch-827.html","D:\github-backups\ron-english-toys\format-money-no-decimals-v1-20260512-150204\items\hulkboy-sketch-827.html"
"items\hustle-big-poppa-i-am-retro-exclusive-349.html","D:\github-backups\ron-english-toys\format-money-no-decimals-v1-20260512-150204\items\hustle-big-poppa-i-am-retro-exclusive-349.html"
"items\ice-storm-parter-1010.html","D:\github-backups\ron-english-toys\format-money-no-decimals-v1-20260512-150204\items\ice-storm-parter-1010.html"
"items\iron-skin-boba-fett-grin-992.html","D:\github-backups\ron-english-toys\format-money-no-decimals-v1-20260512-150204\items\iron-skin-boba-fett-grin-992.html"
"items\iron-skin-grin-440.html","D:\github-backups\ron-english-toys\format-money-no-decimals-v1-20260512-150204\items\iron-skin-grin-440.html"
"items\iron-skin-grin-635.html","D:\github-backups\ron-english-toys\format-money-no-decimals-v1-20260512-150204\items\iron-skin-grin-635.html"
"items\jasper-johns-is-on-the-money-224.html","D:\github-backups\ron-english-toys\format-money-no-decimals-v1-20260512-150204\items\jasper-johns-is-on-the-money-224.html"
"items\jeremiah-grin-718.html","D:\github-backups\ron-english-toys\format-money-no-decimals-v1-20260512-150204\items\jeremiah-grin-718.html"
"items\jewsus-circus-sideshow-327.html","D:\github-backups\ron-english-toys\format-money-no-decimals-v1-20260512-150204\items\jewsus-circus-sideshow-327.html"
"items\joe-cancer-on-chemo-90.html","D:\github-backups\ron-english-toys\format-money-no-decimals-v1-20260512-150204\items\joe-cancer-on-chemo-90.html"
"items\kaiju-clown-drawing-43.html","D:\github-backups\ron-english-toys\format-money-no-decimals-v1-20260512-150204\items\kaiju-clown-drawing-43.html"
"items\kiss-teletubbies-1082.html","D:\github-backups\ron-english-toys\format-money-no-decimals-v1-20260512-150204\items\kiss-teletubbies-1082.html"
"items\lady-liberty-grin-green-black-light-823.html","D:\github-backups\ron-english-toys\format-money-no-decimals-v1-20260512-150204\items\lady-liberty-grin-green-black-light-823.html"
"items\lady-liberty-grin-x-bait-694.html","D:\github-backups\ron-english-toys\format-money-no-decimals-v1-20260512-150204\items\lady-liberty-grin-x-bait-694.html"
"items\lady-lips-kaiju-drawing-359.html","D:\github-backups\ron-english-toys\format-money-no-decimals-v1-20260512-150204\items\lady-lips-kaiju-drawing-359.html"
"items\lady-lips-magenta-cyan-edition-80.html","D:\github-backups\ron-english-toys\format-money-no-decimals-v1-20260512-150204\items\lady-lips-magenta-cyan-edition-80.html"
"items\last-supper-in-south-park-30.html","D:\github-backups\ron-english-toys\format-money-no-decimals-v1-20260512-150204\items\last-supper-in-south-park-30.html"
"items\lightbulb-lightning-thinker-460.html","D:\github-backups\ron-english-toys\format-money-no-decimals-v1-20260512-150204\items\lightbulb-lightning-thinker-460.html"
"items\lightning-zest-charlie-grin-sunflower-nft-141.html","D:\github-backups\ron-english-toys\format-money-no-decimals-v1-20260512-150204\items\lightning-zest-charlie-grin-sunflower-nft-141.html"
"items\lil-bigfoot-645.html","D:\github-backups\ron-english-toys\format-money-no-decimals-v1-20260512-150204\items\lil-bigfoot-645.html"
"items\lil-bigfoot-drawing-188.html","D:\github-backups\ron-english-toys\format-money-no-decimals-v1-20260512-150204\items\lil-bigfoot-drawing-188.html"
"items\little-bigfoot-screen-print-652.html","D:\github-backups\ron-english-toys\format-money-no-decimals-v1-20260512-150204\items\little-bigfoot-screen-print-652.html"
"items\lucy-exposed-zacpac-edition-780.html","D:\github-backups\ron-english-toys\format-money-no-decimals-v1-20260512-150204\items\lucy-exposed-zacpac-edition-780.html"
"items\m-c-charlie-grin-768.html","D:\github-backups\ron-english-toys\format-money-no-decimals-v1-20260512-150204\items\m-c-charlie-grin-768.html"
"items\mad-glad-boy-609.html","D:\github-backups\ron-english-toys\format-money-no-decimals-v1-20260512-150204\items\mad-glad-boy-609.html"
"items\mad-hatter-figure-black-485.html","D:\github-backups\ron-english-toys\format-money-no-decimals-v1-20260512-150204\items\mad-hatter-figure-black-485.html"
"items\mad-mickey-grin-434.html","D:\github-backups\ron-english-toys\format-money-no-decimals-v1-20260512-150204\items\mad-mickey-grin-434.html"
"items\magic-pumpgrin-purple-511.html","D:\github-backups\ron-english-toys\format-money-no-decimals-v1-20260512-150204\items\magic-pumpgrin-purple-511.html"
"items\marigold-xray-mc-1040.html","D:\github-backups\ron-english-toys\format-money-no-decimals-v1-20260512-150204\items\marigold-xray-mc-1040.html"
"items\mario-grin-64.html","D:\github-backups\ron-english-toys\format-money-no-decimals-v1-20260512-150204\items\mario-grin-64.html"
"items\mario-grin-metallic-edition-735.html","D:\github-backups\ron-english-toys\format-money-no-decimals-v1-20260512-150204\items\mario-grin-metallic-edition-735.html"
"items\maroon-falla-sheep-557.html","D:\github-backups\ron-english-toys\format-money-no-decimals-v1-20260512-150204\items\maroon-falla-sheep-557.html"
"items\marvin-the-martian-298.html","D:\github-backups\ron-english-toys\format-money-no-decimals-v1-20260512-150204\items\marvin-the-martian-298.html"
"items\mask-mouse-gray-432.html","D:\github-backups\ron-english-toys\format-money-no-decimals-v1-20260512-150204\items\mask-mouse-gray-432.html"
"items\mc-action-811.html","D:\github-backups\ron-english-toys\format-money-no-decimals-v1-20260512-150204\items\mc-action-811.html"
"items\mc-elefanka-sdcc-19-939.html","D:\github-backups\ron-english-toys\format-money-no-decimals-v1-20260512-150204\items\mc-elefanka-sdcc-19-939.html"
"items\mc-grin-726.html","D:\github-backups\ron-english-toys\format-money-no-decimals-v1-20260512-150204\items\mc-grin-726.html"
"items\mc-lover-clutter-419.html","D:\github-backups\ron-english-toys\format-money-no-decimals-v1-20260512-150204\items\mc-lover-clutter-419.html"
"items\mc-lover-midnight-edition-589.html","D:\github-backups\ron-english-toys\format-money-no-decimals-v1-20260512-150204\items\mc-lover-midnight-edition-589.html"
"items\mc-lover-patriot-323.html","D:\github-backups\ron-english-toys\format-money-no-decimals-v1-20260512-150204\items\mc-lover-patriot-323.html"
"items\mc-lover-sunshine-1016.html","D:\github-backups\ron-english-toys\format-money-no-decimals-v1-20260512-150204\items\mc-lover-sunshine-1016.html"
"items\mc-snowglobe-eyes-drawing-1024.html","D:\github-backups\ron-english-toys\format-money-no-decimals-v1-20260512-150204\items\mc-snowglobe-eyes-drawing-1024.html"
"items\mc-superhero-sdcc-19-903.html","D:\github-backups\ron-english-toys\format-money-no-decimals-v1-20260512-150204\items\mc-superhero-sdcc-19-903.html"
"items\mc-supersized-647.html","D:\github-backups\ron-english-toys\format-money-no-decimals-v1-20260512-150204\items\mc-supersized-647.html"
"items\mc-supersized-andsuns-exclusive-941.html","D:\github-backups\ron-english-toys\format-money-no-decimals-v1-20260512-150204\items\mc-supersized-andsuns-exclusive-941.html"
"items\mc-supersized-black-912.html","D:\github-backups\ron-english-toys\format-money-no-decimals-v1-20260512-150204\items\mc-supersized-black-912.html"
"items\mc-supersized-camo-bangkok-456.html","D:\github-backups\ron-english-toys\format-money-no-decimals-v1-20260512-150204\items\mc-supersized-camo-bangkok-456.html"
"items\mc-supersized-camo-jakarta-424.html","D:\github-backups\ron-english-toys\format-money-no-decimals-v1-20260512-150204\items\mc-supersized-camo-jakarta-424.html"
"items\mc-supersized-camo-manila-301.html","D:\github-backups\ron-english-toys\format-money-no-decimals-v1-20260512-150204\items\mc-supersized-camo-manila-301.html"
"items\mc-supersized-camo-seoul-408.html","D:\github-backups\ron-english-toys\format-money-no-decimals-v1-20260512-150204\items\mc-supersized-camo-seoul-408.html"
"items\mc-supersized-camo-shanghai-251.html","D:\github-backups\ron-english-toys\format-money-no-decimals-v1-20260512-150204\items\mc-supersized-camo-shanghai-251.html"
"items\mc-supersized-china-587.html","D:\github-backups\ron-english-toys\format-money-no-decimals-v1-20260512-150204\items\mc-supersized-china-587.html"
"items\mc-supersized-china-flag-690.html","D:\github-backups\ron-english-toys\format-money-no-decimals-v1-20260512-150204\items\mc-supersized-china-flag-690.html"
"items\mc-supersized-china-green-990.html","D:\github-backups\ron-english-toys\format-money-no-decimals-v1-20260512-150204\items\mc-supersized-china-green-990.html"
"items\mc-supersized-frozen-culture-483.html","D:\github-backups\ron-english-toys\format-money-no-decimals-v1-20260512-150204\items\mc-supersized-frozen-culture-483.html"
"items\mc-supersized-full-color-devil-s-version-sdcc-2010-291.html","D:\github-backups\ron-english-toys\format-money-no-decimals-v1-20260512-150204\items\mc-supersized-full-color-devil-s-version-sdcc-2010-291.html"
"items\mc-supersized-full-gold-1057.html","D:\github-backups\ron-english-toys\format-money-no-decimals-v1-20260512-150204\items\mc-supersized-full-gold-1057.html"
"items\mc-supersized-full-mono-1039.html","D:\github-backups\ron-english-toys\format-money-no-decimals-v1-20260512-150204\items\mc-supersized-full-mono-1039.html"
"items\mc-supersized-full-navy-570.html","D:\github-backups\ron-english-toys\format-money-no-decimals-v1-20260512-150204\items\mc-supersized-full-navy-570.html"
"items\mc-supersized-full-pink-1002.html","D:\github-backups\ron-english-toys\format-money-no-decimals-v1-20260512-150204\items\mc-supersized-full-pink-1002.html"
"items\mc-supersized-full-vintage-135.html","D:\github-backups\ron-english-toys\format-money-no-decimals-v1-20260512-150204\items\mc-supersized-full-vintage-135.html"
"items\mc-supersized-gold-porcelain-553.html","D:\github-backups\ron-english-toys\format-money-no-decimals-v1-20260512-150204\items\mc-supersized-gold-porcelain-553.html"
"items\mc-supersized-green-255.html","D:\github-backups\ron-english-toys\format-money-no-decimals-v1-20260512-150204\items\mc-supersized-green-255.html"
"items\mc-supersized-grey-gid-365.html","D:\github-backups\ron-english-toys\format-money-no-decimals-v1-20260512-150204\items\mc-supersized-grey-gid-365.html"
"items\mc-supersized-grin-gid-grin-788.html","D:\github-backups\ron-english-toys\format-money-no-decimals-v1-20260512-150204\items\mc-supersized-grin-gid-grin-788.html"
"items\mc-supersized-grin-original-grin-1006.html","D:\github-backups\ron-english-toys\format-money-no-decimals-v1-20260512-150204\items\mc-supersized-grin-original-grin-1006.html"
"items\mc-supersized-grin-platinum-grin-731.html","D:\github-backups\ron-english-toys\format-money-no-decimals-v1-20260512-150204\items\mc-supersized-grin-platinum-grin-731.html"
"items\mc-supersized-platinum-599.html","D:\github-backups\ron-english-toys\format-money-no-decimals-v1-20260512-150204\items\mc-supersized-platinum-599.html"
"items\mc-supersized-porcelain-1038.html","D:\github-backups\ron-english-toys\format-money-no-decimals-v1-20260512-150204\items\mc-supersized-porcelain-1038.html"
"items\mc-supersized-porcelain-black-white-433.html","D:\github-backups\ron-english-toys\format-money-no-decimals-v1-20260512-150204\items\mc-supersized-porcelain-black-white-433.html"
"items\mc-supersized-rcnstrct-studio-black-sparkle-969.html","D:\github-backups\ron-english-toys\format-money-no-decimals-v1-20260512-150204\items\mc-supersized-rcnstrct-studio-black-sparkle-969.html"
"items\mc-supersized-sketch-702.html","D:\github-backups\ron-english-toys\format-money-no-decimals-v1-20260512-150204\items\mc-supersized-sketch-702.html"
"items\mc-supersized-x-ray-humberger-white-596.html","D:\github-backups\ron-english-toys\format-money-no-decimals-v1-20260512-150204\items\mc-supersized-x-ray-humberger-white-596.html"
"items\mc-supersized-yellow-623.html","D:\github-backups\ron-english-toys\format-money-no-decimals-v1-20260512-150204\items\mc-supersized-yellow-623.html"
"items\mcjoker-758.html","D:\github-backups\ron-english-toys\format-money-no-decimals-v1-20260512-150204\items\mcjoker-758.html"
"items\mcsupersized-green-gid-607.html","D:\github-backups\ron-english-toys\format-money-no-decimals-v1-20260512-150204\items\mcsupersized-green-gid-607.html"
"items\mcsupersized-new-year-s-double-pack-gold-glitter-toy-tokyo-exclusive-427.html","D:\github-backups\ron-english-toys\format-money-no-decimals-v1-20260512-150204\items\mcsupersized-new-year-s-double-pack-gold-glitter-toy-tokyo-exclusive-427.html"
"items\mcsupersized-new-year-s-double-pack-silver-glitter-toy-tokyo-exclusive-978.html","D:\github-backups\ron-english-toys\format-money-no-decimals-v1-20260512-150204\items\mcsupersized-new-year-s-double-pack-silver-glitter-toy-tokyo-exclusive-978.html"
"items\mcsupersized-og-61.html","D:\github-backups\ron-english-toys\format-money-no-decimals-v1-20260512-150204\items\mcsupersized-og-61.html"
"items\mcsupersized-red-gid-146.html","D:\github-backups\ron-english-toys\format-money-no-decimals-v1-20260512-150204\items\mcsupersized-red-gid-146.html"
"items\mcsupersized-white-gid-354.html","D:\github-backups\ron-english-toys\format-money-no-decimals-v1-20260512-150204\items\mcsupersized-white-gid-354.html"
"items\mcsupersized-x-ray-ssf-907.html","D:\github-backups\ron-english-toys\format-money-no-decimals-v1-20260512-150204\items\mcsupersized-x-ray-ssf-907.html"
"items\meaty-mousezilla-peeled-off-262.html","D:\github-backups\ron-english-toys\format-money-no-decimals-v1-20260512-150204\items\meaty-mousezilla-peeled-off-262.html"
"items\megaman-grin-sdcc-19-13.html","D:\github-backups\ron-english-toys\format-money-no-decimals-v1-20260512-150204\items\megaman-grin-sdcc-19-13.html"
"items\menace-hulk-sdcc-19-426.html","D:\github-backups\ron-english-toys\format-money-no-decimals-v1-20260512-150204\items\menace-hulk-sdcc-19-426.html"
"items\metallic-purple-punk-skunk-sdcc-18-131.html","D:\github-backups\ron-english-toys\format-money-no-decimals-v1-20260512-150204\items\metallic-purple-punk-skunk-sdcc-18-131.html"
"items\miami-mad-lad-temper-tot-203.html","D:\github-backups\ron-english-toys\format-money-no-decimals-v1-20260512-150204\items\miami-mad-lad-temper-tot-203.html"
"items\militia-mousemask-murphy-467.html","D:\github-backups\ron-english-toys\format-money-no-decimals-v1-20260512-150204\items\militia-mousemask-murphy-467.html"
"items\modzilla-blues-berry-931.html","D:\github-backups\ron-english-toys\format-money-no-decimals-v1-20260512-150204\items\modzilla-blues-berry-931.html"
"items\modzilla-custom-818.html","D:\github-backups\ron-english-toys\format-money-no-decimals-v1-20260512-150204\items\modzilla-custom-818.html"
"items\modzilla-custom-a-736.html","D:\github-backups\ron-english-toys\format-money-no-decimals-v1-20260512-150204\items\modzilla-custom-a-736.html"
"items\modzilla-custom-b-526.html","D:\github-backups\ron-english-toys\format-money-no-decimals-v1-20260512-150204\items\modzilla-custom-b-526.html"
"items\modzilla-custom-c-210.html","D:\github-backups\ron-english-toys\format-money-no-decimals-v1-20260512-150204\items\modzilla-custom-c-210.html"
"items\modzilla-rainbow-375.html","D:\github-backups\ron-english-toys\format-money-no-decimals-v1-20260512-150204\items\modzilla-rainbow-375.html"
"items\modzilla-springtime-edition-475.html","D:\github-backups\ron-english-toys\format-money-no-decimals-v1-20260512-150204\items\modzilla-springtime-edition-475.html"
"items\modzilla-unpainted-green-189.html","D:\github-backups\ron-english-toys\format-money-no-decimals-v1-20260512-150204\items\modzilla-unpainted-green-189.html"
"items\mogul-grin-bone-1050.html","D:\github-backups\ron-english-toys\format-money-no-decimals-v1-20260512-150204\items\mogul-grin-bone-1050.html"
"items\mona-grin-1-449.html","D:\github-backups\ron-english-toys\format-money-no-decimals-v1-20260512-150204\items\mona-grin-1-449.html"
"items\mona-grin-2-256.html","D:\github-backups\ron-english-toys\format-money-no-decimals-v1-20260512-150204\items\mona-grin-2-256.html"
"items\money-print-1-860.html","D:\github-backups\ron-english-toys\format-money-no-decimals-v1-20260512-150204\items\money-print-1-860.html"
"items\money-print-2-32.html","D:\github-backups\ron-english-toys\format-money-no-decimals-v1-20260512-150204\items\money-print-2-32.html"
"items\monkey-joseph-drawing-16.html","D:\github-backups\ron-english-toys\format-money-no-decimals-v1-20260512-150204\items\monkey-joseph-drawing-16.html"
"items\mono-mad-lad-temper-tot-622.html","D:\github-backups\ron-english-toys\format-money-no-decimals-v1-20260512-150204\items\mono-mad-lad-temper-tot-622.html"
"items\mono-pigeon-skull-grin-667.html","D:\github-backups\ron-english-toys\format-money-no-decimals-v1-20260512-150204\items\mono-pigeon-skull-grin-667.html"
"items\monotone-count-calorie-162.html","D:\github-backups\ron-english-toys\format-money-no-decimals-v1-20260512-150204\items\monotone-count-calorie-162.html"
"items\monotone-lady-lips-38.html","D:\github-backups\ron-english-toys\format-money-no-decimals-v1-20260512-150204\items\monotone-lady-lips-38.html"
"items\montana-mouse-drawing-181.html","D:\github-backups\ron-english-toys\format-money-no-decimals-v1-20260512-150204\items\montana-mouse-drawing-181.html"
"items\more-evil-monkeys-black-1079.html","D:\github-backups\ron-english-toys\format-money-no-decimals-v1-20260512-150204\items\more-evil-monkeys-black-1079.html"
"items\more-evil-monkeys-mono-colorway-228.html","D:\github-backups\ron-english-toys\format-money-no-decimals-v1-20260512-150204\items\more-evil-monkeys-mono-colorway-228.html"
"items\mousemask-murphy-biohazard-585.html","D:\github-backups\ron-english-toys\format-money-no-decimals-v1-20260512-150204\items\mousemask-murphy-biohazard-585.html"
"items\mousemask-murphy-bondage-gold-accents-with-black-tattoo-729.html","D:\github-backups\ron-english-toys\format-money-no-decimals-v1-20260512-150204\items\mousemask-murphy-bondage-gold-accents-with-black-tattoo-729.html"
"items\mousemask-murphy-bondage-rusty-silver-accents-with-red-tattoo-832.html","D:\github-backups\ron-english-toys\format-money-no-decimals-v1-20260512-150204\items\mousemask-murphy-bondage-rusty-silver-accents-with-red-tattoo-832.html"
"items\mousemask-murphy-bondage-silver-edition-with-no-tattoo-461.html","D:\github-backups\ron-english-toys\format-money-no-decimals-v1-20260512-150204\items\mousemask-murphy-bondage-silver-edition-with-no-tattoo-461.html"
"items\mousemask-murphy-cubic-colorway-edition-306.html","D:\github-backups\ron-english-toys\format-money-no-decimals-v1-20260512-150204\items\mousemask-murphy-cubic-colorway-edition-306.html"
"items\mousemask-murphy-gid-660.html","D:\github-backups\ron-english-toys\format-money-no-decimals-v1-20260512-150204\items\mousemask-murphy-gid-660.html"
"items\mousemask-murphy-gold-795.html","D:\github-backups\ron-english-toys\format-money-no-decimals-v1-20260512-150204\items\mousemask-murphy-gold-795.html"
"items\mousemask-murphy-in-airplane-black-book-toy-500.html","D:\github-backups\ron-english-toys\format-money-no-decimals-v1-20260512-150204\items\mousemask-murphy-in-airplane-black-book-toy-500.html"
"items\mousemask-murphy-in-airplane-night-raid-edition-165.html","D:\github-backups\ron-english-toys\format-money-no-decimals-v1-20260512-150204\items\mousemask-murphy-in-airplane-night-raid-edition-165.html"
"items\mousemask-murphy-in-airplane-popaganda-army-971.html","D:\github-backups\ron-english-toys\format-money-no-decimals-v1-20260512-150204\items\mousemask-murphy-in-airplane-popaganda-army-971.html"
"items\mousemask-murphy-in-airplane-psycho-camo-edition-469.html","D:\github-backups\ron-english-toys\format-money-no-decimals-v1-20260512-150204\items\mousemask-murphy-in-airplane-psycho-camo-edition-469.html"
"items\mousemask-murphy-in-airplane-stealth-99.html","D:\github-backups\ron-english-toys\format-money-no-decimals-v1-20260512-150204\items\mousemask-murphy-in-airplane-stealth-99.html"
"items\mousemask-murphy-in-airplane-supervillain-802.html","D:\github-backups\ron-english-toys\format-money-no-decimals-v1-20260512-150204\items\mousemask-murphy-in-airplane-supervillain-802.html"
"items\mousemask-murphy-in-airplane-the-boy-s-alter-ego-699.html","D:\github-backups\ron-english-toys\format-money-no-decimals-v1-20260512-150204\items\mousemask-murphy-in-airplane-the-boy-s-alter-ego-699.html"
"items\mousemask-murphy-in-airplane-turnaround-sketches-277.html","D:\github-backups\ron-english-toys\format-money-no-decimals-v1-20260512-150204\items\mousemask-murphy-in-airplane-turnaround-sketches-277.html"
"items\mousemask-murphy-japan-zacpac-graytone-edition-933.html","D:\github-backups\ron-english-toys\format-money-no-decimals-v1-20260512-150204\items\mousemask-murphy-japan-zacpac-graytone-edition-933.html"
"items\mousemask-murphy-red-927.html","D:\github-backups\ron-english-toys\format-money-no-decimals-v1-20260512-150204\items\mousemask-murphy-red-927.html"
"items\mousemask-murpy-in-airplane-camo-edition-863.html","D:\github-backups\ron-english-toys\format-money-no-decimals-v1-20260512-150204\items\mousemask-murpy-in-airplane-camo-edition-863.html"
"items\mousemask-murpy-in-airplane-super-black-72.html","D:\github-backups\ron-english-toys\format-money-no-decimals-v1-20260512-150204\items\mousemask-murpy-in-airplane-super-black-72.html"
"items\muslim-mickey-495.html","D:\github-backups\ron-english-toys\format-money-no-decimals-v1-20260512-150204\items\muslim-mickey-495.html"
"items\mystical-magenta-heart-skull-ntwrk-exclusive-1036.html","D:\github-backups\ron-english-toys\format-money-no-decimals-v1-20260512-150204\items\mystical-magenta-heart-skull-ntwrk-exclusive-1036.html"
"items\navy-mc-supersized-whiz-exclusive-944.html","D:\github-backups\ron-english-toys\format-money-no-decimals-v1-20260512-150204\items\navy-mc-supersized-whiz-exclusive-944.html"
"items\neon-mc-supersized-grin-403.html","D:\github-backups\ron-english-toys\format-money-no-decimals-v1-20260512-150204\items\neon-mc-supersized-grin-403.html"
"items\obama-hulk-102.html","D:\github-backups\ron-english-toys\format-money-no-decimals-v1-20260512-150204\items\obama-hulk-102.html"
"items\odb-grin-canbot-896.html","D:\github-backups\ron-english-toys\format-money-no-decimals-v1-20260512-150204\items\odb-grin-canbot-896.html"
"items\og-big-poppa-1060.html","D:\github-backups\ron-english-toys\format-money-no-decimals-v1-20260512-150204\items\og-big-poppa-1060.html"
"items\og-forlorn-unicorn-117.html","D:\github-backups\ron-english-toys\format-money-no-decimals-v1-20260512-150204\items\og-forlorn-unicorn-117.html"
"items\og-lady-lips-445.html","D:\github-backups\ron-english-toys\format-money-no-decimals-v1-20260512-150204\items\og-lady-lips-445.html"
"items\og-more-evil-monkeys-set-344.html","D:\github-backups\ron-english-toys\format-money-no-decimals-v1-20260512-150204\items\og-more-evil-monkeys-set-344.html"
"items\og-pink-rose-gold-grin-charlie-grin-138.html","D:\github-backups\ron-english-toys\format-money-no-decimals-v1-20260512-150204\items\og-pink-rose-gold-grin-charlie-grin-138.html"
"items\og-yellow-grinbot-297.html","D:\github-backups\ron-english-toys\format-money-no-decimals-v1-20260512-150204\items\og-yellow-grinbot-297.html"
"items\og-young-mc-201.html","D:\github-backups\ron-english-toys\format-money-no-decimals-v1-20260512-150204\items\og-young-mc-201.html"
"items\old-charlie-profile-751.html","D:\github-backups\ron-english-toys\format-money-no-decimals-v1-20260512-150204\items\old-charlie-profile-751.html"
"items\old-chuck-578.html","D:\github-backups\ron-english-toys\format-money-no-decimals-v1-20260512-150204\items\old-chuck-578.html"
"items\orange-black-basketball-grin-84.html","D:\github-backups\ron-english-toys\format-money-no-decimals-v1-20260512-150204\items\orange-black-basketball-grin-84.html"
"items\orange-blacklight-magic-green-mad-happy-monk-grin-400.html","D:\github-backups\ron-english-toys\format-money-no-decimals-v1-20260512-150204\items\orange-blacklight-magic-green-mad-happy-monk-grin-400.html"
"items\orange-burst-poultry-rex-dcon-2022-686.html","D:\github-backups\ron-english-toys\format-money-no-decimals-v1-20260512-150204\items\orange-burst-poultry-rex-dcon-2022-686.html"
"items\orange-east-meets-west-829.html","D:\github-backups\ron-english-toys\format-money-no-decimals-v1-20260512-150204\items\orange-east-meets-west-829.html"
"items\orange-falla-sheep-320.html","D:\github-backups\ron-english-toys\format-money-no-decimals-v1-20260512-150204\items\orange-falla-sheep-320.html"
"items\orange-forlorn-unicorn-893.html","D:\github-backups\ron-english-toys\format-money-no-decimals-v1-20260512-150204\items\orange-forlorn-unicorn-893.html"
"items\oxidation-deadmau5-grin-965.html","D:\github-backups\ron-english-toys\format-money-no-decimals-v1-20260512-150204\items\oxidation-deadmau5-grin-965.html"
"items\paws-profile-drawing-414.html","D:\github-backups\ron-english-toys\format-money-no-decimals-v1-20260512-150204\items\paws-profile-drawing-414.html"
"items\pigeon-skull-grin-322.html","D:\github-backups\ron-english-toys\format-money-no-decimals-v1-20260512-150204\items\pigeon-skull-grin-322.html"
"items\pink-blue-gid-light-cult-crypto-bulb-646.html","D:\github-backups\ron-english-toys\format-money-no-decimals-v1-20260512-150204\items\pink-blue-gid-light-cult-crypto-bulb-646.html"
"items\pink-fat-tony-289.html","D:\github-backups\ron-english-toys\format-money-no-decimals-v1-20260512-150204\items\pink-fat-tony-289.html"
"items\pink-glitter-mc-supersized-sdcc-2017-719.html","D:\github-backups\ron-english-toys\format-money-no-decimals-v1-20260512-150204\items\pink-glitter-mc-supersized-sdcc-2017-719.html"
"items\pink-mona-lisa-grin-711.html","D:\github-backups\ron-english-toys\format-money-no-decimals-v1-20260512-150204\items\pink-mona-lisa-grin-711.html"
"items\pink-painted-deadmau5-grin-628.html","D:\github-backups\ron-english-toys\format-money-no-decimals-v1-20260512-150204\items\pink-painted-deadmau5-grin-628.html"
"items\pinocchio-grin-profile-644.html","D:\github-backups\ron-english-toys\format-money-no-decimals-v1-20260512-150204\items\pinocchio-grin-profile-644.html"
"items\plaid-tile-dead-toy-soldier-painting-blue-472.html","D:\github-backups\ron-english-toys\format-money-no-decimals-v1-20260512-150204\items\plaid-tile-dead-toy-soldier-painting-blue-472.html"
"items\plaid-tile-dead-toy-soldier-painting-green-491.html","D:\github-backups\ron-english-toys\format-money-no-decimals-v1-20260512-150204\items\plaid-tile-dead-toy-soldier-painting-green-491.html"
"items\plaid-tile-dead-toy-soldier-painting-purple-1061.html","D:\github-backups\ron-english-toys\format-money-no-decimals-v1-20260512-150204\items\plaid-tile-dead-toy-soldier-painting-purple-1061.html"
"items\plaid-tile-dead-toy-soldier-painting-red-1074.html","D:\github-backups\ron-english-toys\format-money-no-decimals-v1-20260512-150204\items\plaid-tile-dead-toy-soldier-painting-red-1074.html"
"items\platinum-lucky-cat-grin-grey-687.html","D:\github-backups\ron-english-toys\format-money-no-decimals-v1-20260512-150204\items\platinum-lucky-cat-grin-grey-687.html"
"items\poohbag-dog-circus-sideshow-446.html","D:\github-backups\ron-english-toys\format-money-no-decimals-v1-20260512-150204\items\poohbag-dog-circus-sideshow-446.html"
"items\pop-marilyn-mickeys-394.html","D:\github-backups\ron-english-toys\format-money-no-decimals-v1-20260512-150204\items\pop-marilyn-mickeys-394.html"
"items\pop-swirl-heart-skull-149.html","D:\github-backups\ron-english-toys\format-money-no-decimals-v1-20260512-150204\items\pop-swirl-heart-skull-149.html"
"items\popeye-grin-gid-180.html","D:\github-backups\ron-english-toys\format-money-no-decimals-v1-20260512-150204\items\popeye-grin-gid-180.html"
"items\popeye-grin-gid-version-186.html","D:\github-backups\ron-english-toys\format-money-no-decimals-v1-20260512-150204\items\popeye-grin-gid-version-186.html"
"items\pot-of-gold-ganja-grin-the-compound-504.html","D:\github-backups\ron-english-toys\format-money-no-decimals-v1-20260512-150204\items\pot-of-gold-ganja-grin-the-compound-504.html"
"items\potato-rabbbit-in-delusionville-664.html","D:\github-backups\ron-english-toys\format-money-no-decimals-v1-20260512-150204\items\potato-rabbbit-in-delusionville-664.html"
"items\poultry-rex-painted-purple-dcon-16-95.html","D:\github-backups\ron-english-toys\format-money-no-decimals-v1-20260512-150204\items\poultry-rex-painted-purple-dcon-16-95.html"
"items\poultry-rex-slime-green-443.html","D:\github-backups\ron-english-toys\format-money-no-decimals-v1-20260512-150204\items\poultry-rex-slime-green-443.html"
"items\poultry-rex-unpainted-pink-321.html","D:\github-backups\ron-english-toys\format-money-no-decimals-v1-20260512-150204\items\poultry-rex-unpainted-pink-321.html"
"items\pride-of-usa-lady-liberty-grin-96.html","D:\github-backups\ron-english-toys\format-money-no-decimals-v1-20260512-150204\items\pride-of-usa-lady-liberty-grin-96.html"
"items\protoman-grin-sdcc-19-217.html","D:\github-backups\ron-english-toys\format-money-no-decimals-v1-20260512-150204\items\protoman-grin-sdcc-19-217.html"
"items\psycho-camo-big-boner-846.html","D:\github-backups\ron-english-toys\format-money-no-decimals-v1-20260512-150204\items\psycho-camo-big-boner-846.html"
"items\purple-green-mc-supersized-393.html","D:\github-backups\ron-english-toys\format-money-no-decimals-v1-20260512-150204\items\purple-green-mc-supersized-393.html"
"items\purple-green-sugar-diabetic-bear-555.html","D:\github-backups\ron-english-toys\format-money-no-decimals-v1-20260512-150204\items\purple-green-sugar-diabetic-bear-555.html"
"items\rabbbit-918.html","D:\github-backups\ron-english-toys\format-money-no-decimals-v1-20260512-150204\items\rabbbit-918.html"
"items\rabbbit-blue-gid-881.html","D:\github-backups\ron-english-toys\format-money-no-decimals-v1-20260512-150204\items\rabbbit-blue-gid-881.html"
"items\rabbbit-frozen-culture-235.html","D:\github-backups\ron-english-toys\format-money-no-decimals-v1-20260512-150204\items\rabbbit-frozen-culture-235.html"
"items\rabbbit-house-319.html","D:\github-backups\ron-english-toys\format-money-no-decimals-v1-20260512-150204\items\rabbbit-house-319.html"
"items\rabbbit-original-140.html","D:\github-backups\ron-english-toys\format-money-no-decimals-v1-20260512-150204\items\rabbbit-original-140.html"
"items\rabbit-flower-drawing-163.html","D:\github-backups\ron-english-toys\format-money-no-decimals-v1-20260512-150204\items\rabbit-flower-drawing-163.html"
"items\rabbit-of-inle-733.html","D:\github-backups\ron-english-toys\format-money-no-decimals-v1-20260512-150204\items\rabbit-of-inle-733.html"
"items\rainbow-figment-490.html","D:\github-backups\ron-english-toys\format-money-no-decimals-v1-20260512-150204\items\rainbow-figment-490.html"
"items\rainbow-forlorn-unicorn-519.html","D:\github-backups\ron-english-toys\format-money-no-decimals-v1-20260512-150204\items\rainbow-forlorn-unicorn-519.html"
"items\red-baron-mousemask-murphy-in-airplane-713.html","D:\github-backups\ron-english-toys\format-money-no-decimals-v1-20260512-150204\items\red-baron-mousemask-murphy-in-airplane-713.html"
"items\red-edition-peace-love-and-understanding-492.html","D:\github-backups\ron-english-toys\format-money-no-decimals-v1-20260512-150204\items\red-edition-peace-love-and-understanding-492.html"
"items\red-glitter-mc-supersized-grin-540.html","D:\github-backups\ron-english-toys\format-money-no-decimals-v1-20260512-150204\items\red-glitter-mc-supersized-grin-540.html"
"items\red-lucky-cat-grin-sdcc-18-447.html","D:\github-backups\ron-english-toys\format-money-no-decimals-v1-20260512-150204\items\red-lucky-cat-grin-sdcc-18-447.html"
"items\red-mad-lad-temper-tot-1053.html","D:\github-backups\ron-english-toys\format-money-no-decimals-v1-20260512-150204\items\red-mad-lad-temper-tot-1053.html"
"items\rick-and-morty-grin-819.html","D:\github-backups\ron-english-toys\format-money-no-decimals-v1-20260512-150204\items\rick-and-morty-grin-819.html"
"items\rodent-grin-og-958.html","D:\github-backups\ron-english-toys\format-money-no-decimals-v1-20260512-150204\items\rodent-grin-og-958.html"
"items\rollie-green-un1ted-edition-platinum-mogul-grin-748.html","D:\github-backups\ron-english-toys\format-money-no-decimals-v1-20260512-150204\items\rollie-green-un1ted-edition-platinum-mogul-grin-748.html"
"items\ronald-more-evil-monkeys-755.html","D:\github-backups\ron-english-toys\format-money-no-decimals-v1-20260512-150204\items\ronald-more-evil-monkeys-755.html"
"items\ronnie-rabbbit-705.html","D:\github-backups\ron-english-toys\format-money-no-decimals-v1-20260512-150204\items\ronnie-rabbbit-705.html"
"items\ronnie-rabbit-circus-sideshow-272.html","D:\github-backups\ron-english-toys\format-money-no-decimals-v1-20260512-150204\items\ronnie-rabbit-circus-sideshow-272.html"
"items\ronnnie-rabbbit-sdcc-19-246.html","D:\github-backups\ron-english-toys\format-money-no-decimals-v1-20260512-150204\items\ronnnie-rabbbit-sdcc-19-246.html"
"items\rose-gold-iron-skin-grin-974.html","D:\github-backups\ron-english-toys\format-money-no-decimals-v1-20260512-150204\items\rose-gold-iron-skin-grin-974.html"
"items\rose-gold-police-grin-bone-grin-620.html","D:\github-backups\ron-english-toys\format-money-no-decimals-v1-20260512-150204\items\rose-gold-police-grin-bone-grin-620.html"
"items\rose-gold-police-grin-gold-grin-63.html","D:\github-backups\ron-english-toys\format-money-no-decimals-v1-20260512-150204\items\rose-gold-police-grin-gold-grin-63.html"
"items\santa-flower-drawing-537.html","D:\github-backups\ron-english-toys\format-money-no-decimals-v1-20260512-150204\items\santa-flower-drawing-537.html"
"items\shocking-sunflower-3-eyed-sponge-145.html","D:\github-backups\ron-english-toys\format-money-no-decimals-v1-20260512-150204\items\shocking-sunflower-3-eyed-sponge-145.html"
"items\shocking-sunflower-grin-681.html","D:\github-backups\ron-english-toys\format-money-no-decimals-v1-20260512-150204\items\shocking-sunflower-grin-681.html"
"items\shocking-sunflower-smiley-894.html","D:\github-backups\ron-english-toys\format-money-no-decimals-v1-20260512-150204\items\shocking-sunflower-smiley-894.html"
"items\silver-d-dog-grin-black-smile-851.html","D:\github-backups\ron-english-toys\format-money-no-decimals-v1-20260512-150204\items\silver-d-dog-grin-black-smile-851.html"
"items\silver-iron-skin-grin-648.html","D:\github-backups\ron-english-toys\format-money-no-decimals-v1-20260512-150204\items\silver-iron-skin-grin-648.html"
"items\silver-kush-ganja-grin-the-compound-134.html","D:\github-backups\ron-english-toys\format-money-no-decimals-v1-20260512-150204\items\silver-kush-ganja-grin-the-compound-134.html"
"items\silver-mad-lad-temper-tot-205.html","D:\github-backups\ron-english-toys\format-money-no-decimals-v1-20260512-150204\items\silver-mad-lad-temper-tot-205.html"
"items\skulletor-deadmau5-grin-1059.html","D:\github-backups\ron-english-toys\format-money-no-decimals-v1-20260512-150204\items\skulletor-deadmau5-grin-1059.html"
"items\slo-moe-evolution-drawing-890.html","D:\github-backups\ron-english-toys\format-money-no-decimals-v1-20260512-150204\items\slo-moe-evolution-drawing-890.html"
"items\smiley-grin-pearl-edition-gold-grin-295.html","D:\github-backups\ron-english-toys\format-money-no-decimals-v1-20260512-150204\items\smiley-grin-pearl-edition-gold-grin-295.html"
"items\smiley-grin-pearl-edition-silver-grin-328.html","D:\github-backups\ron-english-toys\format-money-no-decimals-v1-20260512-150204\items\smiley-grin-pearl-edition-silver-grin-328.html"
"items\smiley-grin-pearl-edition-white-grin-778.html","D:\github-backups\ron-english-toys\format-money-no-decimals-v1-20260512-150204\items\smiley-grin-pearl-edition-white-grin-778.html"
"items\smiley-grin-piggy-bank-1007.html","D:\github-backups\ron-english-toys\format-money-no-decimals-v1-20260512-150204\items\smiley-grin-piggy-bank-1007.html"
"items\smiley-grin-piggy-bank-black-white-1043.html","D:\github-backups\ron-english-toys\format-money-no-decimals-v1-20260512-150204\items\smiley-grin-piggy-bank-black-white-1043.html"
"items\smiley-grin-piggy-bank-gentle-blue-962.html","D:\github-backups\ron-english-toys\format-money-no-decimals-v1-20260512-150204\items\smiley-grin-piggy-bank-gentle-blue-962.html"
"items\smiley-grin-piggy-bank-gold-platinum-grill-278.html","D:\github-backups\ron-english-toys\format-money-no-decimals-v1-20260512-150204\items\smiley-grin-piggy-bank-gold-platinum-grill-278.html"
"items\smiley-grin-piggy-bank-lady-pink-661.html","D:\github-backups\ron-english-toys\format-money-no-decimals-v1-20260512-150204\items\smiley-grin-piggy-bank-lady-pink-661.html"
"items\smiley-grin-piggy-bank-platinum-gold-grill-25.html","D:\github-backups\ron-english-toys\format-money-no-decimals-v1-20260512-150204\items\smiley-grin-piggy-bank-platinum-gold-grill-25.html"
"items\smiley-grin-piggy-bank-purple-331.html","D:\github-backups\ron-english-toys\format-money-no-decimals-v1-20260512-150204\items\smiley-grin-piggy-bank-purple-331.html"
"items\son-of-electric-illuminati-510.html","D:\github-backups\ron-english-toys\format-money-no-decimals-v1-20260512-150204\items\son-of-electric-illuminati-510.html"
"items\springtime-deadmau5-grin-1037.html","D:\github-backups\ron-english-toys\format-money-no-decimals-v1-20260512-150204\items\springtime-deadmau5-grin-1037.html"
"items\star-skull-frozen-culture-274.html","D:\github-backups\ron-english-toys\format-money-no-decimals-v1-20260512-150204\items\star-skull-frozen-culture-274.html"
"items\star-skull-metallic-silver-934.html","D:\github-backups\ron-english-toys\format-money-no-decimals-v1-20260512-150204\items\star-skull-metallic-silver-934.html"
"items\starskull-dj-1046.html","D:\github-backups\ron-english-toys\format-money-no-decimals-v1-20260512-150204\items\starskull-dj-1046.html"
"items\starskull-flower-87.html","D:\github-backups\ron-english-toys\format-money-no-decimals-v1-20260512-150204\items\starskull-flower-87.html"
"items\status-faction-347.html","D:\github-backups\ron-english-toys\format-money-no-decimals-v1-20260512-150204\items\status-faction-347.html"
"items\stormtrooper-grin-1084.html","D:\github-backups\ron-english-toys\format-money-no-decimals-v1-20260512-150204\items\stormtrooper-grin-1084.html"
"items\street-fighter-ryu-grin-721.html","D:\github-backups\ron-english-toys\format-money-no-decimals-v1-20260512-150204\items\street-fighter-ryu-grin-721.html"
"items\super-size-me-blue-g-i-d-808.html","D:\github-backups\ron-english-toys\format-money-no-decimals-v1-20260512-150204\items\super-size-me-blue-g-i-d-808.html"
"items\super-size-me-full-colour-100.html","D:\github-backups\ron-english-toys\format-money-no-decimals-v1-20260512-150204\items\super-size-me-full-colour-100.html"
"items\super-size-me-movie-print-489.html","D:\github-backups\ron-english-toys\format-money-no-decimals-v1-20260512-150204\items\super-size-me-movie-print-489.html"
"items\super-sized-me-s-s-f-ca-1052.html","D:\github-backups\ron-english-toys\format-money-no-decimals-v1-20260512-150204\items\super-sized-me-s-s-f-ca-1052.html"
"items\superman-badly-drawn-883.html","D:\github-backups\ron-english-toys\format-money-no-decimals-v1-20260512-150204\items\superman-badly-drawn-883.html"
"items\tasmanian-devil-grin-821.html","D:\github-backups\ron-english-toys\format-money-no-decimals-v1-20260512-150204\items\tasmanian-devil-grin-821.html"
"items\techno-kitty-character-sketches-245.html","D:\github-backups\ron-english-toys\format-money-no-decimals-v1-20260512-150204\items\techno-kitty-character-sketches-245.html"
"items\teddy-bear-grin-drawing-695.html","D:\github-backups\ron-english-toys\format-money-no-decimals-v1-20260512-150204\items\teddy-bear-grin-drawing-695.html"
"items\telegrinnies-dipsy-603.html","D:\github-backups\ron-english-toys\format-money-no-decimals-v1-20260512-150204\items\telegrinnies-dipsy-603.html"
"items\telegrinnies-po-191.html","D:\github-backups\ron-english-toys\format-money-no-decimals-v1-20260512-150204\items\telegrinnies-po-191.html"
"items\temper-tot-drawing-792.html","D:\github-backups\ron-english-toys\format-money-no-decimals-v1-20260512-150204\items\temper-tot-drawing-792.html"
"items\temper-tot-gid-801.html","D:\github-backups\ron-english-toys\format-money-no-decimals-v1-20260512-150204\items\temper-tot-gid-801.html"
"items\temper-tot-metallic-edition-710.html","D:\github-backups\ron-english-toys\format-money-no-decimals-v1-20260512-150204\items\temper-tot-metallic-edition-710.html"
"items\temper-tot-mono-308.html","D:\github-backups\ron-english-toys\format-money-no-decimals-v1-20260512-150204\items\temper-tot-mono-308.html"
"items\temper-tot-print-a-373.html","D:\github-backups\ron-english-toys\format-money-no-decimals-v1-20260512-150204\items\temper-tot-print-a-373.html"
"items\temper-tot-print-b-786.html","D:\github-backups\ron-english-toys\format-money-no-decimals-v1-20260512-150204\items\temper-tot-print-b-786.html"
"items\temper-tot-print-c-1066.html","D:\github-backups\ron-english-toys\format-money-no-decimals-v1-20260512-150204\items\temper-tot-print-c-1066.html"
"items\temper-tot-print-d-734.html","D:\github-backups\ron-english-toys\format-money-no-decimals-v1-20260512-150204\items\temper-tot-print-d-734.html"
"items\temper-tot-print-e-364.html","D:\github-backups\ron-english-toys\format-money-no-decimals-v1-20260512-150204\items\temper-tot-print-e-364.html"
"items\temper-tot-print-f-85.html","D:\github-backups\ron-english-toys\format-money-no-decimals-v1-20260512-150204\items\temper-tot-print-f-85.html"
"items\temper-tot-print-g-1035.html","D:\github-backups\ron-english-toys\format-money-no-decimals-v1-20260512-150204\items\temper-tot-print-g-1035.html"
"items\temper-tot-print-h-688.html","D:\github-backups\ron-english-toys\format-money-no-decimals-v1-20260512-150204\items\temper-tot-print-h-688.html"
"items\temper-tot-print-i-1022.html","D:\github-backups\ron-english-toys\format-money-no-decimals-v1-20260512-150204\items\temper-tot-print-i-1022.html"
"items\temper-tot-print-j-858.html","D:\github-backups\ron-english-toys\format-money-no-decimals-v1-20260512-150204\items\temper-tot-print-j-858.html"
"items\temper-tot-print-k-866.html","D:\github-backups\ron-english-toys\format-money-no-decimals-v1-20260512-150204\items\temper-tot-print-k-866.html"
"items\temper-tot-print-l-828.html","D:\github-backups\ron-english-toys\format-money-no-decimals-v1-20260512-150204\items\temper-tot-print-l-828.html"
"items\terror-demon-959.html","D:\github-backups\ron-english-toys\format-money-no-decimals-v1-20260512-150204\items\terror-demon-959.html"
"items\the-brooklyn-way-big-poppa-583.html","D:\github-backups\ron-english-toys\format-money-no-decimals-v1-20260512-150204\items\the-brooklyn-way-big-poppa-583.html"
"items\the-electric-ghosts-daniel-johnston-jack-medicine-513.html","D:\github-backups\ron-english-toys\format-money-no-decimals-v1-20260512-150204\items\the-electric-ghosts-daniel-johnston-jack-medicine-513.html"
"items\the-greatest-story-ever-sold-966.html","D:\github-backups\ron-english-toys\format-money-no-decimals-v1-20260512-150204\items\the-greatest-story-ever-sold-966.html"
"items\the-grin-frozen-culture-392.html","D:\github-backups\ron-english-toys\format-money-no-decimals-v1-20260512-150204\items\the-grin-frozen-culture-392.html"
"items\the-simpsons-tree-house-of-horror-bart-grin-1-20-gold-grin-gid-eyes-jps-exclusive-920.html","D:\github-backups\ron-english-toys\format-money-no-decimals-v1-20260512-150204\items\the-simpsons-tree-house-of-horror-bart-grin-1-20-gold-grin-gid-eyes-jps-exclusive-920.html"
"items\the-simpsons-tree-house-of-horror-bart-grin-141-400-bone-grin-gid-eyes-jps-exclusive-569.html","D:\github-backups\ron-english-toys\format-money-no-decimals-v1-20260512-150204\items\the-simpsons-tree-house-of-horror-bart-grin-141-400-bone-grin-gid-eyes-jps-exclusive-569.html"
"items\the-simpsons-tree-house-of-horror-bart-grin-21-60-platinum-grin-gid-eyes-jps-exclusive-105.html","D:\github-backups\ron-english-toys\format-money-no-decimals-v1-20260512-150204\items\the-simpsons-tree-house-of-horror-bart-grin-21-60-platinum-grin-gid-eyes-jps-exclusive-105.html"
"items\the-simpsons-tree-house-of-horror-bart-grin-61-140-gid-grin-jps-exclusive-1021.html","D:\github-backups\ron-english-toys\format-money-no-decimals-v1-20260512-150204\items\the-simpsons-tree-house-of-horror-bart-grin-61-140-gid-grin-jps-exclusive-1021.html"
"items\the-ugliest-man-in-the-universe-drawing-176.html","D:\github-backups\ron-english-toys\format-money-no-decimals-v1-20260512-150204\items\the-ugliest-man-in-the-universe-drawing-176.html"
"items\tie-dyed-fluorescent-punk-skunch-746.html","D:\github-backups\ron-english-toys\format-money-no-decimals-v1-20260512-150204\items\tie-dyed-fluorescent-punk-skunch-746.html"
"items\tiger-blood-mc-x-ray-77.html","D:\github-backups\ron-english-toys\format-money-no-decimals-v1-20260512-150204\items\tiger-blood-mc-x-ray-77.html"
"items\tiger-strip-deadmau5-grin-dcon-2022-1080.html","D:\github-backups\ron-english-toys\format-money-no-decimals-v1-20260512-150204\items\tiger-strip-deadmau5-grin-dcon-2022-1080.html"
"items\trick-or-treat-punk-skunk-1056.html","D:\github-backups\ron-english-toys\format-money-no-decimals-v1-20260512-150204\items\trick-or-treat-punk-skunk-1056.html"
"items\tricky-352.html","D:\github-backups\ron-english-toys\format-money-no-decimals-v1-20260512-150204\items\tricky-352.html"
"items\tricky-the-obese-rabbit-872.html","D:\github-backups\ron-english-toys\format-money-no-decimals-v1-20260512-150204\items\tricky-the-obese-rabbit-872.html"
"items\tricky-the-obese-rabbit-monotone-580.html","D:\github-backups\ron-english-toys\format-money-no-decimals-v1-20260512-150204\items\tricky-the-obese-rabbit-monotone-580.html"
"items\trumpty-dumpty-gold-917.html","D:\github-backups\ron-english-toys\format-money-no-decimals-v1-20260512-150204\items\trumpty-dumpty-gold-917.html"
"items\trunk-the-golden-elephant-787.html","D:\github-backups\ron-english-toys\format-money-no-decimals-v1-20260512-150204\items\trunk-the-golden-elephant-787.html"
"items\tupac-temper-tot-1018.html","D:\github-backups\ron-english-toys\format-money-no-decimals-v1-20260512-150204\items\tupac-temper-tot-1018.html"
"items\turquoise-xray-mc-528.html","D:\github-backups\ron-english-toys\format-money-no-decimals-v1-20260512-150204\items\turquoise-xray-mc-528.html"
"items\tyrannosaurus-dick-74.html","D:\github-backups\ron-english-toys\format-money-no-decimals-v1-20260512-150204\items\tyrannosaurus-dick-74.html"
"items\un1ted-edition-platinum-mogul-grin-833.html","D:\github-backups\ron-english-toys\format-money-no-decimals-v1-20260512-150204\items\un1ted-edition-platinum-mogul-grin-833.html"
"items\uncle-scam-720.html","D:\github-backups\ron-english-toys\format-money-no-decimals-v1-20260512-150204\items\uncle-scam-720.html"
"items\uncle-scam-drawing-1075.html","D:\github-backups\ron-english-toys\format-money-no-decimals-v1-20260512-150204\items\uncle-scam-drawing-1075.html"
"items\unpainted-blue-deadmau5-grin-898.html","D:\github-backups\ron-english-toys\format-money-no-decimals-v1-20260512-150204\items\unpainted-blue-deadmau5-grin-898.html"
"items\unpainted-green-deadmau5-grin-265.html","D:\github-backups\ron-english-toys\format-money-no-decimals-v1-20260512-150204\items\unpainted-green-deadmau5-grin-265.html"
"items\unpainted-pink-deadmau5-grin-991.html","D:\github-backups\ron-english-toys\format-money-no-decimals-v1-20260512-150204\items\unpainted-pink-deadmau5-grin-991.html"
"items\unpainted-white-deadmau5-grin-115.html","D:\github-backups\ron-english-toys\format-money-no-decimals-v1-20260512-150204\items\unpainted-white-deadmau5-grin-115.html"
"items\unpainted-yellow-deadmau5-grin-750.html","D:\github-backups\ron-english-toys\format-money-no-decimals-v1-20260512-150204\items\unpainted-yellow-deadmau5-grin-750.html"
"items\untitled-371.html","D:\github-backups\ron-english-toys\format-money-no-decimals-v1-20260512-150204\items\untitled-371.html"
"items\urban-big-foot-custom-a-497.html","D:\github-backups\ron-english-toys\format-money-no-decimals-v1-20260512-150204\items\urban-big-foot-custom-a-497.html"
"items\urban-big-foot-custom-b-252.html","D:\github-backups\ron-english-toys\format-money-no-decimals-v1-20260512-150204\items\urban-big-foot-custom-b-252.html"
"items\urban-big-foot-jungle-gold-patina-23.html","D:\github-backups\ron-english-toys\format-money-no-decimals-v1-20260512-150204\items\urban-big-foot-jungle-gold-patina-23.html"
"items\urban-bigfoot-jungle-gold-676.html","D:\github-backups\ron-english-toys\format-money-no-decimals-v1-20260512-150204\items\urban-bigfoot-jungle-gold-676.html"
"items\urban-bigfoot-purple-rain-902.html","D:\github-backups\ron-english-toys\format-money-no-decimals-v1-20260512-150204\items\urban-bigfoot-purple-rain-902.html"
"items\valentine-dinogrenade-pink-popaganda-exclusive-928.html","D:\github-backups\ron-english-toys\format-money-no-decimals-v1-20260512-150204\items\valentine-dinogrenade-pink-popaganda-exclusive-928.html"
"items\valentine-s-edition-peace-love-and-understanding-211.html","D:\github-backups\ron-english-toys\format-money-no-decimals-v1-20260512-150204\items\valentine-s-edition-peace-love-and-understanding-211.html"
"items\velvet-blue-jog-grin-642.html","D:\github-backups\ron-english-toys\format-money-no-decimals-v1-20260512-150204\items\velvet-blue-jog-grin-642.html"
"items\virgin-romance-614.html","D:\github-backups\ron-english-toys\format-money-no-decimals-v1-20260512-150204\items\virgin-romance-614.html"
"items\waylone-wolf-930.html","D:\github-backups\ron-english-toys\format-money-no-decimals-v1-20260512-150204\items\waylone-wolf-930.html"
"items\weed-seed-drawing-1063.html","D:\github-backups\ron-english-toys\format-money-no-decimals-v1-20260512-150204\items\weed-seed-drawing-1063.html"
"items\white-bunnny-rabbbit-183.html","D:\github-backups\ron-english-toys\format-money-no-decimals-v1-20260512-150204\items\white-bunnny-rabbbit-183.html"
"items\white-dubs-edition-boxing-brain-372.html","D:\github-backups\ron-english-toys\format-money-no-decimals-v1-20260512-150204\items\white-dubs-edition-boxing-brain-372.html"
"items\white-edition-peace-love-and-understanding-73.html","D:\github-backups\ron-english-toys\format-money-no-decimals-v1-20260512-150204\items\white-edition-peace-love-and-understanding-73.html"
"items\white-lurlorn-unicorn-564.html","D:\github-backups\ron-english-toys\format-money-no-decimals-v1-20260512-150204\items\white-lurlorn-unicorn-564.html"
"items\white-panda-grin-42.html","D:\github-backups\ron-english-toys\format-money-no-decimals-v1-20260512-150204\items\white-panda-grin-42.html"
"items\white-police-grin-212.html","D:\github-backups\ron-english-toys\format-money-no-decimals-v1-20260512-150204\items\white-police-grin-212.html"
"items\white-police-grin-action-figure-sdcc-20-60.html","D:\github-backups\ron-english-toys\format-money-no-decimals-v1-20260512-150204\items\white-police-grin-action-figure-sdcc-20-60.html"
"items\wooden-mc-supersized-dcon-19-425.html","D:\github-backups\ron-english-toys\format-money-no-decimals-v1-20260512-150204\items\wooden-mc-supersized-dcon-19-425.html"
"items\x-ray-full-color-red-lame-mcsupersized-815.html","D:\github-backups\ron-english-toys\format-money-no-decimals-v1-20260512-150204\items\x-ray-full-color-red-lame-mcsupersized-815.html"
"items\x-ray-gid-835.html","D:\github-backups\ron-english-toys\format-money-no-decimals-v1-20260512-150204\items\x-ray-gid-835.html"
"items\x-ray-mc-mega-gid-1045.html","D:\github-backups\ron-english-toys\format-money-no-decimals-v1-20260512-150204\items\x-ray-mc-mega-gid-1045.html"
"items\x-ray-mc-super-sized-blue-glitter-zero-magazine-exclusive-502.html","D:\github-backups\ron-english-toys\format-money-no-decimals-v1-20260512-150204\items\x-ray-mc-super-sized-blue-glitter-zero-magazine-exclusive-502.html"
"items\x-ray-mc-supersized-1st-edition-259.html","D:\github-backups\ron-english-toys\format-money-no-decimals-v1-20260512-150204\items\x-ray-mc-supersized-1st-edition-259.html"
"items\x-ray-mc-supersized-limited-mindstyle-color-thailand-toy-expo-2015-exclusive-848.html","D:\github-backups\ron-english-toys\format-money-no-decimals-v1-20260512-150204\items\x-ray-mc-supersized-limited-mindstyle-color-thailand-toy-expo-2015-exclusive-848.html"
"items\xmas-rabbbit-643.html","D:\github-backups\ron-english-toys\format-money-no-decimals-v1-20260512-150204\items\xmas-rabbbit-643.html"
"items\yellow-east-meets-west-671.html","D:\github-backups\ron-english-toys\format-money-no-decimals-v1-20260512-150204\items\yellow-east-meets-west-671.html"
"items\yellow-pink-lady-lips-ntwrk-exclusive-438.html","D:\github-backups\ron-english-toys\format-money-no-decimals-v1-20260512-150204\items\yellow-pink-lady-lips-ntwrk-exclusive-438.html"
"items\yil-yang-circus-sideshow-522.html","D:\github-backups\ron-english-toys\format-money-no-decimals-v1-20260512-150204\items\yil-yang-circus-sideshow-522.html"
"items\yosemite-sam-sdcc-18-314.html","D:\github-backups\ron-english-toys\format-money-no-decimals-v1-20260512-150204\items\yosemite-sam-sdcc-18-314.html"
"items\young-andy-995.html","D:\github-backups\ron-english-toys\format-money-no-decimals-v1-20260512-150204\items\young-andy-995.html"
"items\yucky-children-charmer-1041.html","D:\github-backups\ron-english-toys\format-money-no-decimals-v1-20260512-150204\items\yucky-children-charmer-1041.html"
"items\yucky-children-charmer-998.html","D:\github-backups\ron-english-toys\format-money-no-decimals-v1-20260512-150204\items\yucky-children-charmer-998.html"
"items\zarkana-ron-english-698.html","D:\github-backups\ron-english-toys\format-money-no-decimals-v1-20260512-150204\items\zarkana-ron-english-698.html"
"items\zephyr-zelephant-267.html","D:\github-backups\ron-english-toys\format-money-no-decimals-v1-20260512-150204\items\zephyr-zelephant-267.html"
