"FileName","RelativePath","SizeKB","Extension"
"4 Groovy Mc Supersized (Skull) - DESIGNER TOY-2.jpeg","images\Trampt\4 Groovy Mc Supersized (Skull) - DESIGNER TOY-2.jpeg","65.6",".jpeg"
"4.75 Boxing Brain Red (Right Hand) - DESIGNER TOY-2.jpeg","images\Trampt\4.75 Boxing Brain Red (Right Hand) - DESIGNER TOY-2.jpeg","81.5",".jpeg"
"9 Boxing Brain - DESIGNER TOY-2.jpeg","images\Trampt\9 Boxing Brain - DESIGNER TOY-2.jpeg","68.9",".jpeg"
"Abraham Obama - Black - DESIGNER TOY-2.jpeg","images\Trampt\Abraham Obama - Black - DESIGNER TOY-2.jpeg","29.1",".jpeg"
"Abraham Obama - Bronze - DESIGNER TOY-2.jpeg","images\Trampt\Abraham Obama - Bronze - DESIGNER TOY-2.jpeg","38.9",".jpeg"
"Abraham Obama - Silver - DESIGNER TOY-2.jpeg","images\Trampt\Abraham Obama - Silver - DESIGNER TOY-2.jpeg","34.8",".jpeg"
"Abraham Obama - White - DESIGNER TOY-2.jpeg","images\Trampt\Abraham Obama - White - DESIGNER TOY-2.jpeg","18.9",".jpeg"
"Action Jackson - DESIGNER TOY.jpeg","images\Trampt\Action Jackson - DESIGNER TOY.jpeg","68.2",".jpeg"
"Action Jackson - DESIGNER TOY-2.jpeg","images\Trampt\Action Jackson - DESIGNER TOY-2.jpeg","71.7",".jpeg"
"Action Jackson and Bauhaus Barbie GiclÃ©e Print - ART PRINT-2.jpeg","images\Trampt\Action Jackson and Bauhaus Barbie GiclÃ©e Print - ART PRINT-2.jpeg","54.7",".jpeg"
"Action MC - DESIGNER TOY-2.jpeg","images\Trampt\Action MC - DESIGNER TOY-2.jpeg","157.9",".jpeg"
"Action MC - DESIGNER TOY-3.jpeg","images\Trampt\Action MC - DESIGNER TOY-3.jpeg","87.9",".jpeg"
"Astrobrite Lemon - DESIGNER TOY-2.jpeg","images\Trampt\Astrobrite Lemon - DESIGNER TOY-2.jpeg","38.1",".jpeg"
"Atomic Orange Charlie Grin Sunflower (+NFT) - DESIGNER TOY-2.gif","images\Trampt\Atomic Orange Charlie Grin Sunflower (+NFT) - DESIGNER TOY-2.gif","0",".gif"
"Bangkok Star Skull - DESIGNER TOY-2.jpeg","images\Trampt\Bangkok Star Skull - DESIGNER TOY-2.jpeg","42.4",".jpeg"
"Big Boner - Diamond Dust - DESIGNER TOY-2.jpeg","images\Trampt\Big Boner - Diamond Dust - DESIGNER TOY-2.jpeg","101.6",".jpeg"
"Big Boner - GID - DESIGNER TOY-2.jpeg","images\Trampt\Big Boner - GID - DESIGNER TOY-2.jpeg","58.9",".jpeg"
"Big Boner - GID - DESIGNER TOY-3.jpeg","images\Trampt\Big Boner - GID - DESIGNER TOY-3.jpeg","40.4",".jpeg"
"Big Boner (Biggubona) - Myth Edition - DESIGNER TOY-2.jpeg","images\Trampt\Big Boner (Biggubona) - Myth Edition - DESIGNER TOY-2.jpeg","67.7",".jpeg"
"Black Mousezilla - DESIGNER TOY-2.jpeg","images\Trampt\Black Mousezilla - DESIGNER TOY-2.jpeg","50.2",".jpeg"
"Black Pearl Heart Skull - DESIGNER TOY-2.jpeg","images\Trampt\Black Pearl Heart Skull - DESIGNER TOY-2.jpeg","53.6",".jpeg"
"Black Pearl Heart Skull - DESIGNER TOY-3.jpeg","images\Trampt\Black Pearl Heart Skull - DESIGNER TOY-3.jpeg","58",".jpeg"
"Blue Deadmau5 Grin - DESIGNER TOY-2.jpeg","images\Trampt\Blue Deadmau5 Grin - DESIGNER TOY-2.jpeg","53.4",".jpeg"
"Blue Grin Rabbbit x Tower Records - DESIGNER TOY-2.jpeg","images\Trampt\Blue Grin Rabbbit x Tower Records - DESIGNER TOY-2.jpeg","41.4",".jpeg"
"Blue Ice Shocking Sunflower (Bone Grin) - DESIGNER TOY-2.jpeg","images\Trampt\Blue Ice Shocking Sunflower (Bone Grin) - DESIGNER TOY-2.jpeg","25.8",".jpeg"
"Blue Ice Shocking Sunflower (Ronnie) - DESIGNER TOY-2.jpeg","images\Trampt\Blue Ice Shocking Sunflower (Ronnie) - DESIGNER TOY-2.jpeg","41.6",".jpeg"
"Blue Ice Shocking Sunflower (Ronnie) - DESIGNER TOY-3.jpeg","images\Trampt\Blue Ice Shocking Sunflower (Ronnie) - DESIGNER TOY-3.jpeg","25.8",".jpeg"
"Camo Deer in Autumn - ART PRINT-2.jpeg","images\Trampt\Camo Deer in Autumn - ART PRINT-2.jpeg","164",".jpeg"
"Camo Peace Clown - ART PRINT-2.jpeg","images\Trampt\Camo Peace Clown - ART PRINT-2.jpeg","130",".jpeg"
"Camo Peace Clown - ART PRINT-3.jpeg","images\Trampt\Camo Peace Clown - ART PRINT-3.jpeg","145.4",".jpeg"
"Cap'n Cornstarch - DESIGNER TOY-2.jpeg","images\Trampt\Cap'n Cornstarch - DESIGNER TOY-2.jpeg","47.6",".jpeg"
"Captain Caption - ART PRINT-2.jpeg","images\Trampt\Captain Caption - ART PRINT-2.jpeg","133.4",".jpeg"
"Cassie Cowgirl Circus Sideshow - DESIGNER TOY-2.jpeg","images\Trampt\Cassie Cowgirl Circus Sideshow - DESIGNER TOY-2.jpeg","29.7",".jpeg"
"Cat fish - ART PRINT-2.jpeg","images\Trampt\Cat fish - ART PRINT-2.jpeg","94.7",".jpeg"
"Cereal Killers - Froot Looped - DESIGNER TOY-2.jpeg","images\Trampt\Cereal Killers - Froot Looped - DESIGNER TOY-2.jpeg","36.2",".jpeg"
"Cereal Killers - Yucky Children Charmer - DESIGNER TOY-2.jpeg","images\Trampt\Cereal Killers - Yucky Children Charmer - DESIGNER TOY-2.jpeg","42.7",".jpeg"
"Charlie Grin - Mono ( JPS Exclusive ) - DESIGNER TOY-2.jpeg","images\Trampt\Charlie Grin - Mono ( JPS Exclusive ) - DESIGNER TOY-2.jpeg","77.3",".jpeg"
"Charlie Grin - Mono ( JPS Exclusive ) - DESIGNER TOY-3.jpeg","images\Trampt\Charlie Grin - Mono ( JPS Exclusive ) - DESIGNER TOY-3.jpeg","31",".jpeg"
"Charlie Grin - Mono w Platinum Grill ( JPS Exclusive ) - DESIGNER TOY-2.jpeg","images\Trampt\Charlie Grin - Mono w Platinum Grill ( JPS Exclusive ) - DESIGNER TOY-2.jpeg","31.1",".jpeg"
"Charlie Grin Club Cubic - GID - DESIGNER TOY-2.jpeg","images\Trampt\Charlie Grin Club Cubic - GID - DESIGNER TOY-2.jpeg","47.5",".jpeg"
"Charlie Grin Shocking Sunflower (Bone) - DESIGNER TOY-2.jpeg","images\Trampt\Charlie Grin Shocking Sunflower (Bone) - DESIGNER TOY-2.jpeg","47.2",".jpeg"
"Clear & GID Humberger X-Ray MC Supersized - DESIGNER TOY-2.jpeg","images\Trampt\Clear & GID Humberger X-Ray MC Supersized - DESIGNER TOY-2.jpeg","43.8",".jpeg"
"Clear Glitter Temper Tot - DESIGNER TOY-2.jpeg","images\Trampt\Clear Glitter Temper Tot - DESIGNER TOY-2.jpeg","57",".jpeg"
"Clear Green Mousezilla - DESIGNER TOY-2.jpeg","images\Trampt\Clear Green Mousezilla - DESIGNER TOY-2.jpeg","40.5",".jpeg"
"Clear Neon PK Mousezilla - DESIGNER TOY-2.jpeg","images\Trampt\Clear Neon PK Mousezilla - DESIGNER TOY-2.jpeg","66.9",".jpeg"
"Club Cubic 7th Anniversary Police Grin - DESIGNER TOY-2.jpeg","images\Trampt\Club Cubic 7th Anniversary Police Grin - DESIGNER TOY-2.jpeg","38.3",".jpeg"
"Creepy Christmas Deadmau5 Grin - DESIGNER TOY-2.jpeg","images\Trampt\Creepy Christmas Deadmau5 Grin - DESIGNER TOY-2.jpeg","57.5",".jpeg"
"CUSTOM TOY.gif","images\Trampt\CUSTOM TOY.gif","0",".gif"
"CUSTOM TOY.jpeg","images\Trampt\CUSTOM TOY.jpeg","57.2",".jpeg"
"CUSTOM TOY-2.jpeg","images\Trampt\CUSTOM TOY-2.jpeg","111.5",".jpeg"
"CUSTOM TOY-3.jpeg","images\Trampt\CUSTOM TOY-3.jpeg","53.1",".jpeg"
"CUSTOM TOY-4.jpeg","images\Trampt\CUSTOM TOY-4.jpeg","56.7",".jpeg"
"CUSTOM TOY-5.jpeg","images\Trampt\CUSTOM TOY-5.jpeg","39.6",".jpeg"
"CUSTOM TOY-6.jpeg","images\Trampt\CUSTOM TOY-6.jpeg","53.5",".jpeg"
"CUSTOM TOY-7.jpeg","images\Trampt\CUSTOM TOY-7.jpeg","56.1",".jpeg"
"Dark Star Silver Grin - DESIGNER TOY-2.jpeg","images\Trampt\Dark Star Silver Grin - DESIGNER TOY-2.jpeg","47.6",".jpeg"
"Dinogrenade - Black - DESIGNER TOY-2.jpeg","images\Trampt\Dinogrenade - Black - DESIGNER TOY-2.jpeg","39.5",".jpeg"
"DINOGRENADE - HAND PAINTED - DESIGNER TOY-2.jpeg","images\Trampt\DINOGRENADE - HAND PAINTED - DESIGNER TOY-2.jpeg","66.6",".jpeg"
"Dinogrenade - Hand Painted - DESIGNER TOY-3.jpeg","images\Trampt\Dinogrenade - Hand Painted - DESIGNER TOY-3.jpeg","43.9",".jpeg"
"Dinogrenade - Hand Painted - DESIGNER TOY-4.jpeg","images\Trampt\Dinogrenade - Hand Painted - DESIGNER TOY-4.jpeg","42.8",".jpeg"
"Dinogrenade - Unpainted Blue - DESIGNER TOY-2.jpeg","images\Trampt\Dinogrenade - Unpainted Blue - DESIGNER TOY-2.jpeg","109.8",".jpeg"
"Dinogrenade - Unpainted Blue - DESIGNER TOY-3.jpeg","images\Trampt\Dinogrenade - Unpainted Blue - DESIGNER TOY-3.jpeg","42.3",".jpeg"
"Eclipse Storm Parter - DESIGNER TOY-2.jpeg","images\Trampt\Eclipse Storm Parter - DESIGNER TOY-2.jpeg","50.8",".jpeg"
"Elefanka (SDCC '19) - DESIGNER TOY-2.jpeg","images\Trampt\Elefanka (SDCC '19) - DESIGNER TOY-2.jpeg","85",".jpeg"
"Elefanka (SDCC '19) - DESIGNER TOY-3.jpeg","images\Trampt\Elefanka (SDCC '19) - DESIGNER TOY-3.jpeg","67.3",".jpeg"
"EVIL MC - Diamond Dust Edition ( Red makeup ) - DESIGNER TOY-2.jpeg","images\Trampt\EVIL MC - Diamond Dust Edition ( Red makeup ) - DESIGNER TOY-2.jpeg","94.3",".jpeg"
"Evil MC - Golden Boy - DESIGNER TOY-2.jpeg","images\Trampt\Evil MC - Golden Boy - DESIGNER TOY-2.jpeg","48.4",".jpeg"
"Evil MC - Stealth - DESIGNER TOY-2.jpeg","images\Trampt\Evil MC - Stealth - DESIGNER TOY-2.jpeg","46",".jpeg"
"Falla Sheep - BRY (Black Red Yellow) - DESIGNER TOY-2.jpeg","images\Trampt\Falla Sheep - BRY (Black Red Yellow) - DESIGNER TOY-2.jpeg","106.6",".jpeg"
"Falla Sheep - BRY (Black Red Yellow) - DESIGNER TOY-3.jpeg","images\Trampt\Falla Sheep - BRY (Black Red Yellow) - DESIGNER TOY-3.jpeg","43.8",".jpeg"
"Figment - Bronze - DESIGNER TOY-2.jpeg","images\Trampt\Figment - Bronze - DESIGNER TOY-2.jpeg","40",".jpeg"
"Fire Storm Parter - DESIGNER TOY-2.jpeg","images\Trampt\Fire Storm Parter - DESIGNER TOY-2.jpeg","48.8",".jpeg"
"Froot Looped Two Ton Sam Mini - DESIGNER TOY-2.jpeg","images\Trampt\Froot Looped Two Ton Sam Mini - DESIGNER TOY-2.jpeg","57.4",".jpeg"
"Froot Looped Two Ton Sam Mini - DESIGNER TOY-3.jpeg","images\Trampt\Froot Looped Two Ton Sam Mini - DESIGNER TOY-3.jpeg","27",".jpeg"
"Funny Sex Pack - DESIGNER TOY-2.jpeg","images\Trampt\Funny Sex Pack - DESIGNER TOY-2.jpeg","60",".jpeg"
"GID Artist Gnome - DESIGNER TOY-2.jpeg","images\Trampt\GID Artist Gnome - DESIGNER TOY-2.jpeg","48.2",".jpeg"
"GID Modzilla - DESIGNER TOY-2.jpeg","images\Trampt\GID Modzilla - DESIGNER TOY-2.jpeg","108.7",".jpeg"
"GID Modzilla - DESIGNER TOY-3.jpeg","images\Trampt\GID Modzilla - DESIGNER TOY-3.jpeg","44.4",".jpeg"
"Gold Iron Skin Grin - DESIGNER TOY-2.jpeg","images\Trampt\Gold Iron Skin Grin - DESIGNER TOY-2.jpeg","85.8",".jpeg"
"Gold Iron Skin Grin - DESIGNER TOY-3.jpeg","images\Trampt\Gold Iron Skin Grin - DESIGNER TOY-3.jpeg","46.3",".jpeg"
"Gold Mc Action Mc Supersized - DESIGNER TOY-2.jpeg","images\Trampt\Gold Mc Action Mc Supersized - DESIGNER TOY-2.jpeg","88.5",".jpeg"
"Gold Mousezilla - DESIGNER TOY-2.jpeg","images\Trampt\Gold Mousezilla - DESIGNER TOY-2.jpeg","65.8",".jpeg"
"Gold Police Grin - DESIGNER TOY-2.jpeg","images\Trampt\Gold Police Grin - DESIGNER TOY-2.jpeg","64.7",".jpeg"
"Gold Rame MC Supersized - DESIGNER TOY-2.jpeg","images\Trampt\Gold Rame MC Supersized - DESIGNER TOY-2.jpeg","73.3",".jpeg"
"Green (Pink Gun) Fella Sheep - DESIGNER TOY-2.jpeg","images\Trampt\Green (Pink Gun) Fella Sheep - DESIGNER TOY-2.jpeg","58.9",".jpeg"
"Green (Pink Gun) Fella Sheep - DESIGNER TOY-3.jpeg","images\Trampt\Green (Pink Gun) Fella Sheep - DESIGNER TOY-3.jpeg","35.8",".jpeg"
"Green Mona Lisa Grin - DESIGNER TOY-2.jpeg","images\Trampt\Green Mona Lisa Grin - DESIGNER TOY-2.jpeg","99.4",".jpeg"
"Green Orion Grin (Gold Smile) - DESIGNER TOY-2.jpeg","images\Trampt\Green Orion Grin (Gold Smile) - DESIGNER TOY-2.jpeg","40.3",".jpeg"
"Grey Orion Grin (Bone Smile) - DESIGNER TOY-2.jpeg","images\Trampt\Grey Orion Grin (Bone Smile) - DESIGNER TOY-2.jpeg","29.3",".jpeg"
"Grin Polka Dot Shocking Sunflower - DESIGNER TOY-2.jpeg","images\Trampt\Grin Polka Dot Shocking Sunflower - DESIGNER TOY-2.jpeg","46.3",".jpeg"
"Grin Polka Dot Shocking Sunflower - DESIGNER TOY-3.jpeg","images\Trampt\Grin Polka Dot Shocking Sunflower - DESIGNER TOY-3.jpeg","30.8",".jpeg"
"Grinbot Metallic - DESIGNER TOY-2.jpeg","images\Trampt\Grinbot Metallic - DESIGNER TOY-2.jpeg","50.2",".jpeg"
"Grinnin' Gaylord - DESIGNER TOY-2.jpeg","images\Trampt\Grinnin' Gaylord - DESIGNER TOY-2.jpeg","44.1",".jpeg"
"Heart Skull - Metallic Purple - DESIGNER TOY-2.jpeg","images\Trampt\Heart Skull - Metallic Purple - DESIGNER TOY-2.jpeg","44.3",".jpeg"
"Iron Skin Grin - DESIGNER TOY-2.jpeg","images\Trampt\Iron Skin Grin - DESIGNER TOY-2.jpeg","110.9",".jpeg"
"Lucy Exposed - DESIGNER TOY-2.jpeg","images\Trampt\Lucy Exposed - DESIGNER TOY-2.jpeg","30.5",".jpeg"
"Madness Krusty the Grin - DESIGNER TOY-2.jpeg","images\Trampt\Madness Krusty the Grin - DESIGNER TOY-2.jpeg","35",".jpeg"
"Magic PumpGrin (Yellow) - DESIGNER TOY-2.jpeg","images\Trampt\Magic PumpGrin (Yellow) - DESIGNER TOY-2.jpeg","39.3",".jpeg"
"MARIO GRIN - ANTIQUE EDITION - DESIGNER TOY-2.jpeg","images\Trampt\MARIO GRIN - ANTIQUE EDITION - DESIGNER TOY-2.jpeg","64",".jpeg"
"Mario Grin - Gold - DESIGNER TOY-2.jpeg","images\Trampt\Mario Grin - Gold - DESIGNER TOY-2.jpeg","49.7",".jpeg"
"Mario Grin - Gold - DESIGNER TOY-3.jpeg","images\Trampt\Mario Grin - Gold - DESIGNER TOY-3.jpeg","82.3",".jpeg"
"Mask Mouse - DESIGNER TOY-2.jpeg","images\Trampt\Mask Mouse - DESIGNER TOY-2.jpeg","96.7",".jpeg"
"Mask Mouse - DESIGNER TOY-3.jpeg","images\Trampt\Mask Mouse - DESIGNER TOY-3.jpeg","40",".jpeg"
"MC Action - DESIGNER TOY-2.jpeg","images\Trampt\MC Action - DESIGNER TOY-2.jpeg","102.1",".jpeg"
"Mc Elefanka (SDCC '19) - DESIGNER TOY-2.jpeg","images\Trampt\Mc Elefanka (SDCC '19) - DESIGNER TOY-2.jpeg","64.5",".jpeg"
"MC Lover - Clutter - DESIGNER TOY-2.jpeg","images\Trampt\MC Lover - Clutter - DESIGNER TOY-2.jpeg","38.4",".jpeg"
"MC Supersized - Black - DESIGNER TOY-2.jpeg","images\Trampt\MC Supersized - Black - DESIGNER TOY-2.jpeg","37.3",".jpeg"
"Mc Supersized - Black - DESIGNER TOY-3.jpeg","images\Trampt\Mc Supersized - Black - DESIGNER TOY-3.jpeg","38.6",".jpeg"
"MC Supersized - Green - DESIGNER TOY-2.jpeg","images\Trampt\MC Supersized - Green - DESIGNER TOY-2.jpeg","98.5",".jpeg"
"MC Supersized - Green - DESIGNER TOY-3.jpeg","images\Trampt\MC Supersized - Green - DESIGNER TOY-3.jpeg","34",".jpeg"
"MC Supersized - Green - DESIGNER TOY-4.jpeg","images\Trampt\MC Supersized - Green - DESIGNER TOY-4.jpeg","46.8",".jpeg"
"MC Supersized - Yellow - DESIGNER TOY-2.jpeg","images\Trampt\MC Supersized - Yellow - DESIGNER TOY-2.jpeg","35.3",".jpeg"
"Mc Supersized (ANDSUNS Exclusive) - DESIGNER TOY-2.jpeg","images\Trampt\Mc Supersized (ANDSUNS Exclusive) - DESIGNER TOY-2.jpeg","45.8",".jpeg"
"MC Supersized Camo - Manila - DESIGNER TOY-2.jpeg","images\Trampt\MC Supersized Camo - Manila - DESIGNER TOY-2.jpeg","53.8",".jpeg"
"MC Supersized Camo - Seoul - DESIGNER TOY-2.jpeg","images\Trampt\MC Supersized Camo - Seoul - DESIGNER TOY-2.jpeg","50.3",".jpeg"
"MC Supersized Camo - Seoul - DESIGNER TOY-3.jpeg","images\Trampt\MC Supersized Camo - Seoul - DESIGNER TOY-3.jpeg","76.4",".jpeg"
"MC Supersized China - DESIGNER TOY-2.jpeg","images\Trampt\MC Supersized China - DESIGNER TOY-2.jpeg","48",".jpeg"
"MC Supersized China (Green) - DESIGNER TOY-2.jpeg","images\Trampt\MC Supersized China (Green) - DESIGNER TOY-2.jpeg","116.2",".jpeg"
"MC Supersized China (Green) - DESIGNER TOY-3.jpeg","images\Trampt\MC Supersized China (Green) - DESIGNER TOY-3.jpeg","61",".jpeg"
"Mc Supersized Dissect (Purple Variant) - ART PRINT-2.jpeg","images\Trampt\Mc Supersized Dissect (Purple Variant) - ART PRINT-2.jpeg","64.2",".jpeg"
"Mc Supersized Dissect (Purple Variant) - ART PRINT-3.jpeg","images\Trampt\Mc Supersized Dissect (Purple Variant) - ART PRINT-3.jpeg","77",".jpeg"
"Mc Supersized Full Color (Devil's Version) - SDCC 2010 - DESIGNER TOY-2.jpeg","images\Trampt\Mc Supersized Full Color (Devil's Version) - SDCC 2010 - DESIGNER TOY-2.jpeg","38.8",".jpeg"
"Mc Supersized Gold - Porcelain - DESIGNER TOY-2.jpeg","images\Trampt\Mc Supersized Gold - Porcelain - DESIGNER TOY-2.jpeg","62.4",".jpeg"
"MC Supersized Grin - Original Grin - DESIGNER TOY-2.jpeg","images\Trampt\MC Supersized Grin - Original Grin - DESIGNER TOY-2.jpeg","79.7",".jpeg"
"MC Supersized Grin - Original Grin - DESIGNER TOY-3.jpeg","images\Trampt\MC Supersized Grin - Original Grin - DESIGNER TOY-3.jpeg","41",".jpeg"
"Mc Supersized LA - Black & Gold - DESIGNER TOY-2.jpeg","images\Trampt\Mc Supersized LA - Black & Gold - DESIGNER TOY-2.jpeg","42.3",".jpeg"
"MC Supersized Silver Glitter (LGND8 Exclusive) - DESIGNER TOY-2.jpeg","images\Trampt\MC Supersized Silver Glitter (LGND8 Exclusive) - DESIGNER TOY-2.jpeg","55.7",".jpeg"
"Mc Supersized Skull White - DESIGNER TOY-2.jpeg","images\Trampt\Mc Supersized Skull White - DESIGNER TOY-2.jpeg","29.9",".jpeg"
"Mc Supersized XRay - 6th - DESIGNER TOY-2.jpeg","images\Trampt\Mc Supersized XRay - 6th - DESIGNER TOY-2.jpeg","60.1",".jpeg"
"MC Supersized XRay - Burgers - DESIGNER TOY-2.jpeg","images\Trampt\MC Supersized XRay - Burgers - DESIGNER TOY-2.jpeg","60.3",".jpeg"
"McSuper Sized Black Light Magic Yellow - DESIGNER TOY-2.jpeg","images\Trampt\McSuper Sized Black Light Magic Yellow - DESIGNER TOY-2.jpeg","43.7",".jpeg"
"McSuper Sized Black Light Magic Yellow - DESIGNER TOY-3.jpeg","images\Trampt\McSuper Sized Black Light Magic Yellow - DESIGNER TOY-3.jpeg","46.3",".jpeg"
"McSupersized Green GID - DESIGNER TOY.jpeg","images\Trampt\McSupersized Green GID - DESIGNER TOY.jpeg","90.9",".jpeg"
"McSupersized Green GID - DESIGNER TOY-2.jpeg","images\Trampt\McSupersized Green GID - DESIGNER TOY-2.jpeg","49.9",".jpeg"
"Meaty Mousezilla (Peeled Off) - DESIGNER TOY-2.jpeg","images\Trampt\Meaty Mousezilla (Peeled Off) - DESIGNER TOY-2.jpeg","50.2",".jpeg"
"Metallic Purple & Red Lady Lips - DESIGNER TOY-2.jpeg","images\Trampt\Metallic Purple & Red Lady Lips - DESIGNER TOY-2.jpeg","81.8",".jpeg"
"Metallic Purple & Red Lady Lips - DESIGNER TOY-3.jpeg","images\Trampt\Metallic Purple & Red Lady Lips - DESIGNER TOY-3.jpeg","38.3",".jpeg"
"Metallic Purple Punk Skunk (SDCC '18) - DESIGNER TOY-2.jpeg","images\Trampt\Metallic Purple Punk Skunk (SDCC '18) - DESIGNER TOY-2.jpeg","53.9",".jpeg"
"Metallic Purple Punk Skunk (SDCC '18) - DESIGNER TOY-3.jpeg","images\Trampt\Metallic Purple Punk Skunk (SDCC '18) - DESIGNER TOY-3.jpeg","47.8",".jpeg"
"MODZILLA - unpainted green - DESIGNER TOY-2.jpeg","images\Trampt\MODZILLA - unpainted green - DESIGNER TOY-2.jpeg","56.9",".jpeg"
"Modzilla (KaijuCon '19) - DESIGNER TOY-2.jpeg","images\Trampt\Modzilla (KaijuCon '19) - DESIGNER TOY-2.jpeg","68.8",".jpeg"
"Modzilla (KaijuCon '19) - DESIGNER TOY-3.jpeg","images\Trampt\Modzilla (KaijuCon '19) - DESIGNER TOY-3.jpeg","76.8",".jpeg"
"Mono Big Poppa (I Am Retro Exclusive) - DESIGNER TOY-2.gif","images\Trampt\Mono Big Poppa (I Am Retro Exclusive) - DESIGNER TOY-2.gif","0",".gif"
"Mono Pigeon Skull Grin - DESIGNER TOY-2.jpeg","images\Trampt\Mono Pigeon Skull Grin - DESIGNER TOY-2.jpeg","34.5",".jpeg"
"Monotone Lady Lips - DESIGNER TOY-2.jpeg","images\Trampt\Monotone Lady Lips - DESIGNER TOY-2.jpeg","43.4",".jpeg"
"More Evil Monkeys (Mono Colorway) - DESIGNER TOY-2.jpeg","images\Trampt\More Evil Monkeys (Mono Colorway) - DESIGNER TOY-2.jpeg","52.1",".jpeg"
"Mousemask Murphy - Biohazard - DESIGNER TOY-2.jpeg","images\Trampt\Mousemask Murphy - Biohazard - DESIGNER TOY-2.jpeg","34.2",".jpeg"
"Mousemask Murphy - Bondage ( gold accents with black tattoo ) - DESIGNER TOY-2.jpeg","images\Trampt\Mousemask Murphy - Bondage ( gold accents with black tattoo ) - DESIGNER TOY-2.jpeg","75",".jpeg"
"MOUSEMASK MURPHY IN AIRPLANE - Black Book Toy - DESIGNER TOY-2.jpeg","images\Trampt\MOUSEMASK MURPHY IN AIRPLANE - Black Book Toy - DESIGNER TOY-2.jpeg","82.5",".jpeg"
"MOUSEMASK MURPHY IN AIRPLANE - Black Book Toy - DESIGNER TOY-3.jpeg","images\Trampt\MOUSEMASK MURPHY IN AIRPLANE - Black Book Toy - DESIGNER TOY-3.jpeg","41.3",".jpeg"
"Mousemask Murphy in Airplane - Psycho Camo edition - DESIGNER TOY-2.jpeg","images\Trampt\Mousemask Murphy in Airplane - Psycho Camo edition - DESIGNER TOY-2.jpeg","57.9",".jpeg"
"Mousemask Murphy in Airplane - Shark Teeth GY! - DESIGNER TOY-2.jpeg","images\Trampt\Mousemask Murphy in Airplane - Shark Teeth GY! - DESIGNER TOY-2.jpeg","47.6",".jpeg"
"MouseMask Murpy in Airplane - Super Black - DESIGNER TOY-2.jpeg","images\Trampt\MouseMask Murpy in Airplane - Super Black - DESIGNER TOY-2.jpeg","44.9",".jpeg"
"Mushroom Grin - Green - DESIGNER TOY-2.jpeg","images\Trampt\Mushroom Grin - Green - DESIGNER TOY-2.jpeg","50.2",".jpeg"
"Muslim Mickey - ART PRINT-2.jpeg","images\Trampt\Muslim Mickey - ART PRINT-2.jpeg","50.6",".jpeg"
"Navy MC Supersized (Whiz Exclusive) - DESIGNER TOY-2.jpeg","images\Trampt\Navy MC Supersized (Whiz Exclusive) - DESIGNER TOY-2.jpeg","169.8",".jpeg"
"Navy MC Supersized (Whiz Exclusive) - DESIGNER TOY-3.jpeg","images\Trampt\Navy MC Supersized (Whiz Exclusive) - DESIGNER TOY-3.jpeg","50.6",".jpeg"
"Neon Mc Supersized Grin - DESIGNER TOY-2.jpeg","images\Trampt\Neon Mc Supersized Grin - DESIGNER TOY-2.jpeg","66.5",".jpeg"
"Nong Toy Grin - DESIGNER TOY-2.jpeg","images\Trampt\Nong Toy Grin - DESIGNER TOY-2.jpeg","39.5",".jpeg"
"Obama Hulk - ART PRINT-2.jpeg","images\Trampt\Obama Hulk - ART PRINT-2.jpeg","52",".jpeg"
"Obese Alien - DESIGNER TOY-2.jpeg","images\Trampt\Obese Alien - DESIGNER TOY-2.jpeg","80.7",".jpeg"
"Obesie O'S Mini - DESIGNER TOY-2.jpeg","images\Trampt\Obesie O'S Mini - DESIGNER TOY-2.jpeg","152.8",".jpeg"
"Obesie O'S Mini - DESIGNER TOY-3.jpeg","images\Trampt\Obesie O'S Mini - DESIGNER TOY-3.jpeg","35.1",".jpeg"
"OG Evil MC - DESIGNER TOY-2.jpeg","images\Trampt\OG Evil MC - DESIGNER TOY-2.jpeg","59.3",".jpeg"
"OG Forlorn Unicorn - DESIGNER TOY-2.jpeg","images\Trampt\OG Forlorn Unicorn - DESIGNER TOY-2.jpeg","31.5",".jpeg"
"OG Lady Lips - DESIGNER TOY-2.jpeg","images\Trampt\OG Lady Lips - DESIGNER TOY-2.jpeg","41.8",".jpeg"
"Old Chuck - DESIGNER TOY-2.jpeg","images\Trampt\Old Chuck - DESIGNER TOY-2.jpeg","118.2",".jpeg"
"ORIGINAL ART.jpeg","images\Trampt\ORIGINAL ART.jpeg","28.7",".jpeg"
"ORIGINAL ART-2.jpeg","images\Trampt\ORIGINAL ART-2.jpeg","41.3",".jpeg"
"ORIGINAL ART-3.jpeg","images\Trampt\ORIGINAL ART-3.jpeg","30.4",".jpeg"
"ORIGINAL ART-4.jpeg","images\Trampt\ORIGINAL ART-4.jpeg","42.3",".jpeg"
"ORIGINAL ART-5.jpeg","images\Trampt\ORIGINAL ART-5.jpeg","40.2",".jpeg"
"ORIGINAL ART-6.jpeg","images\Trampt\ORIGINAL ART-6.jpeg","99.4",".jpeg"
"ORIGINAL ART-7.jpeg","images\Trampt\ORIGINAL ART-7.jpeg","53.7",".jpeg"
"Oxidation Deadmau5 Grin - DESIGNER TOY.jpeg","images\Trampt\Oxidation Deadmau5 Grin - DESIGNER TOY.jpeg","41.9",".jpeg"
"Panda Grin Black Glitter - DESIGNER TOY-2.jpeg","images\Trampt\Panda Grin Black Glitter - DESIGNER TOY-2.jpeg","79.6",".jpeg"
"Panda Grin Black Glitter - DESIGNER TOY-3.jpeg","images\Trampt\Panda Grin Black Glitter - DESIGNER TOY-3.jpeg","100",".jpeg"
"Pink & Blue GID Light Cult Crypto Bulb - DESIGNER TOY-2.jpeg","images\Trampt\Pink & Blue GID Light Cult Crypto Bulb - DESIGNER TOY-2.jpeg","62.7",".jpeg"
"Pink & Blue GID Light Cult Crypto Bulb - DESIGNER TOY-3.jpeg","images\Trampt\Pink & Blue GID Light Cult Crypto Bulb - DESIGNER TOY-3.jpeg","36.1",".jpeg"
"Pink Cheezy Shocking Sunflower (3 Eyed Sponge) - DESIGNER TOY-2.jpeg","images\Trampt\Pink Cheezy Shocking Sunflower (3 Eyed Sponge) - DESIGNER TOY-2.jpeg","33.9",".jpeg"
"Pink Glitter MC Supersized (SDCC 2017) - DESIGNER TOY-2.jpeg","images\Trampt\Pink Glitter MC Supersized (SDCC 2017) - DESIGNER TOY-2.jpeg","66.1",".jpeg"
"Pink Melty Ronnnie Rabbbit - DESIGNER TOY-2.jpeg","images\Trampt\Pink Melty Ronnnie Rabbbit - DESIGNER TOY-2.jpeg","27.6",".jpeg"
"Pink Shocking Sunflower (Bone Grin) - DESIGNER TOY-2.jpeg","images\Trampt\Pink Shocking Sunflower (Bone Grin) - DESIGNER TOY-2.jpeg","40.7",".jpeg"
"Pink Shocking Sunflower (Smile) - DESIGNER TOY-2.jpeg","images\Trampt\Pink Shocking Sunflower (Smile) - DESIGNER TOY-2.jpeg","44.5",".jpeg"
"Pink Shocking Sunflower (Smile) - DESIGNER TOY-3.jpeg","images\Trampt\Pink Shocking Sunflower (Smile) - DESIGNER TOY-3.jpeg","38.7",".jpeg"
"Popeye Grin GID - DESIGNER TOY-2.jpeg","images\Trampt\Popeye Grin GID - DESIGNER TOY-2.jpeg","38",".jpeg"
"Popeye Grin GID Version - DESIGNER TOY-2.jpeg","images\Trampt\Popeye Grin GID Version - DESIGNER TOY-2.jpeg","34.6",".jpeg"
"Poultry Rex - Painted Purple (DCon '16) - DESIGNER TOY-2.jpeg","images\Trampt\Poultry Rex - Painted Purple (DCon '16) - DESIGNER TOY-2.jpeg","43",".jpeg"
"Poultry Rex - Slime Green - DESIGNER TOY-2.jpeg","images\Trampt\Poultry Rex - Slime Green - DESIGNER TOY-2.jpeg","48.9",".jpeg"
"Purple & Green Sugar Diabetic Bear - DESIGNER TOY-2.jpeg","images\Trampt\Purple & Green Sugar Diabetic Bear - DESIGNER TOY-2.jpeg","49.2",".jpeg"
"Rabbbit Frozen Culture - DESIGNER TOY-2.jpeg","images\Trampt\Rabbbit Frozen Culture - DESIGNER TOY-2.jpeg","52.9",".jpeg"
"Rainbow Orion Grin (Gold Teeth) - DESIGNER TOY-2.jpeg","images\Trampt\Rainbow Orion Grin (Gold Teeth) - DESIGNER TOY-2.jpeg","49.2",".jpeg"
"Rebel Rebel Heart Skull (NYCC '18) - DESIGNER TOY-2.jpeg","images\Trampt\Rebel Rebel Heart Skull (NYCC '18) - DESIGNER TOY-2.jpeg","66.3",".jpeg"
"Red Edition Peace, Love and Understanding - DESIGNER TOY-2.jpeg","images\Trampt\Red Edition Peace, Love and Understanding - DESIGNER TOY-2.jpeg","27.4",".jpeg"
"Rick and Morty Grin - ART PRINT-2.jpeg","images\Trampt\Rick and Morty Grin - ART PRINT-2.jpeg","64.3",".jpeg"
"Rollie Green UN1TED Edition Platinum Mogul Grin - DESIGNER TOY-2.jpeg","images\Trampt\Rollie Green UN1TED Edition Platinum Mogul Grin - DESIGNER TOY-2.jpeg","42.6",".jpeg"
"Ron English.jpeg","images\Trampt\Ron English.jpeg","17.3",".jpeg"
"Ronnie Rabbbit - DESIGNER TOY-2.jpeg","images\Trampt\Ronnie Rabbbit - DESIGNER TOY-2.jpeg","47.6",".jpeg"
"Ronnnie Rabbbit (SDCC '19) - DESIGNER TOY-2.jpeg","images\Trampt\Ronnnie Rabbbit (SDCC '19) - DESIGNER TOY-2.jpeg","52.6",".jpeg"
"Rose Gold Iron Skin Grin - DESIGNER TOY-2.jpeg","images\Trampt\Rose Gold Iron Skin Grin - DESIGNER TOY-2.jpeg","45.7",".jpeg"
"Shop.png","images\Trampt\Shop.png","5.3",".png"
"Silver DDog Grin (Black Smile) - DESIGNER TOY-2.jpeg","images\Trampt\Silver DDog Grin (Black Smile) - DESIGNER TOY-2.jpeg","34.6",".jpeg"
"Smiley Grin Piggy Bank - Gentle Blue - DESIGNER TOY-2.gif","images\Trampt\Smiley Grin Piggy Bank - Gentle Blue - DESIGNER TOY-2.gif","0",".gif"
"Smiley Grin Piggy Bank - Gentle Blue - DESIGNER TOY-3.gif","images\Trampt\Smiley Grin Piggy Bank - Gentle Blue - DESIGNER TOY-3.gif","0",".gif"
"Smiley Grin Piggy Bank - Gold-Platinum Grill - DESIGNER TOY-2.jpeg","images\Trampt\Smiley Grin Piggy Bank - Gold-Platinum Grill - DESIGNER TOY-2.jpeg","52.8",".jpeg"
"Smiley Grin Piggy Bank - Gold-Platinum Grill - DESIGNER TOY-3.jpeg","images\Trampt\Smiley Grin Piggy Bank - Gold-Platinum Grill - DESIGNER TOY-3.jpeg","55.8",".jpeg"
"Status Faction - ART PRINT-2.jpeg","images\Trampt\Status Faction - ART PRINT-2.jpeg","83",".jpeg"
"Teal Fat Tony - DESIGNER TOY-2.jpeg","images\Trampt\Teal Fat Tony - DESIGNER TOY-2.jpeg","47.1",".jpeg"
"Telegrinnies ( JPS Edition ) secret A 10% â€“ number 1 to 20 clear chest cover , gold teeth - DESIGNER TOY-2.jpeg","images\Trampt\Telegrinnies ( JPS Edition ) secret A 10% â€“ number 1 to 20 clear chest cover , gold teeth - DESIGNER TOY-2.jpeg","40.9",".jpeg"
"Telegrinnies Pink ( JPS Edition ) Secret B 20% â€“ number 21 to 60 clear chest cover - DESIGNER TOY-2.jpeg","images\Trampt\Telegrinnies Pink ( JPS Edition ) Secret B 20% â€“ number 21 to 60 clear chest cover - DESIGNER TOY-2.jpeg","31",".jpeg"
"Telegrinnies Pink ( JPS Edition ) Special Unpainted - DESIGNER TOY-2.jpeg","images\Trampt\Telegrinnies Pink ( JPS Edition ) Special Unpainted - DESIGNER TOY-2.jpeg","35.9",".jpeg"
"Temper Tot - DESIGNER TOY-2.jpeg","images\Trampt\Temper Tot - DESIGNER TOY-2.jpeg","42.7",".jpeg"
"Temper Tot - GID - DESIGNER TOY-2.jpeg","images\Trampt\Temper Tot - GID - DESIGNER TOY-2.jpeg","114",".jpeg"
"Temper Tot - GID - DESIGNER TOY-3.jpeg","images\Trampt\Temper Tot - GID - DESIGNER TOY-3.jpeg","24.9",".jpeg"
"TEMPER TOT PRINT D - ART PRINT-2.jpeg","images\Trampt\TEMPER TOT PRINT D - ART PRINT-2.jpeg","43.3",".jpeg"
"TEMPER TOT PRINT G - ART PRINT.jpeg","images\Trampt\TEMPER TOT PRINT G - ART PRINT.jpeg","80.7",".jpeg"
"TEMPER TOT PRINT K - ART PRINT-2.jpeg","images\Trampt\TEMPER TOT PRINT K - ART PRINT-2.jpeg","68.2",".jpeg"
"TEMPER TOT PRINT K - ART PRINT-3.jpeg","images\Trampt\TEMPER TOT PRINT K - ART PRINT-3.jpeg","35.9",".jpeg"
"TEMPER TOT PRINT L - ART PRINT-2.jpeg","images\Trampt\TEMPER TOT PRINT L - ART PRINT-2.jpeg","58",".jpeg"
"TEMPER TOT PRINT L - ART PRINT-3.jpeg","images\Trampt\TEMPER TOT PRINT L - ART PRINT-3.jpeg","40",".jpeg"
"The Flinstones Bam Bam Grin (SDCC '19) - DESIGNER TOY-2.jpeg","images\Trampt\The Flinstones Bam Bam Grin (SDCC '19) - DESIGNER TOY-2.jpeg","53.6",".jpeg"
"The New Nativity - DESIGNER TOY-2.jpeg","images\Trampt\The New Nativity - DESIGNER TOY-2.jpeg","38.7",".jpeg"
"Tie-Dyed Fluorescent Punk Skunch - DESIGNER TOY-2.jpeg","images\Trampt\Tie-Dyed Fluorescent Punk Skunch - DESIGNER TOY-2.jpeg","55",".jpeg"
"Tie-Dyed Fluorescent Punk Skunch - DESIGNER TOY-3.jpeg","images\Trampt\Tie-Dyed Fluorescent Punk Skunch - DESIGNER TOY-3.jpeg","33.6",".jpeg"
"Trick or Treat Punk Skunk - DESIGNER TOY-2.jpeg","images\Trampt\Trick or Treat Punk Skunk - DESIGNER TOY-2.jpeg","112.6",".jpeg"
"Trick or Treat Punk Skunk - DESIGNER TOY-3.jpeg","images\Trampt\Trick or Treat Punk Skunk - DESIGNER TOY-3.jpeg","43.7",".jpeg"
"Untitled - DESIGNER TOY-2.jpeg","images\Trampt\Untitled - DESIGNER TOY-2.jpeg","45.1",".jpeg"
"Urban Bigfoot - Jungle Gold - DESIGNER TOY-2.jpeg","images\Trampt\Urban Bigfoot - Jungle Gold - DESIGNER TOY-2.jpeg","71.7",".jpeg"
"Valentine Dinogrenade (Pink POPaganda Exclusive) - DESIGNER TOY-2.jpeg","images\Trampt\Valentine Dinogrenade (Pink POPaganda Exclusive) - DESIGNER TOY-2.jpeg","45.2",".jpeg"
"Valentineâ€™s Edition Peace, Love and Understanding - DESIGNER TOY-2.jpeg","images\Trampt\Valentineâ€™s Edition Peace, Love and Understanding - DESIGNER TOY-2.jpeg","64.9",".jpeg"
"Valentineâ€™s Edition Peace, Love and Understanding - DESIGNER TOY-3.jpeg","images\Trampt\Valentineâ€™s Edition Peace, Love and Understanding - DESIGNER TOY-3.jpeg","28.1",".jpeg"
"Virgin Romance - ART PRINT-2.jpeg","images\Trampt\Virgin Romance - ART PRINT-2.jpeg","84.4",".jpeg"
"X-Ray Mc Supersized - Darkside (Lucky-X Bag 2011) - DESIGNER TOY-2.jpeg","images\Trampt\X-Ray Mc Supersized - Darkside (Lucky-X Bag 2011) - DESIGNER TOY-2.jpeg","47.6",".jpeg"
"X-Ray Mc Supersized - Vintage - DESIGNER TOY-2.jpeg","images\Trampt\X-Ray Mc Supersized - Vintage - DESIGNER TOY-2.jpeg","43.9",".jpeg"
"Yellow & Pink Lady Lips (NTWRK Exclusive) - DESIGNER TOY-2.jpeg","images\Trampt\Yellow & Pink Lady Lips (NTWRK Exclusive) - DESIGNER TOY-2.jpeg","48.6",".jpeg"
"Yil Yang Circus Sideshow - DESIGNER TOY-2.jpeg","images\Trampt\Yil Yang Circus Sideshow - DESIGNER TOY-2.jpeg","35.1",".jpeg"
