"Title","Section","PagePath"
"EUROPEAN CAMO STAG","sculptures","items/european-camo-stag-517.html"
"EUROPEAN CAMO DOE","sculptures","items/european-camo-doe-197.html"
"MC Supersized - Original 36""","sculptures","items/mc-supersized-original-36-415.html"
"BIGFOOT CHILD TOURIST (NFS)","sculptures","items/bigfoot-child-tourist-nfs-921.html"
"BIGFOOT FATHER TOURIST (NFS)","sculptures","items/bigfoot-father-tourist-nfs-169.html"
"BIGFOOT MOTHER TOURIST (NFS)","sculptures","items/bigfoot-mother-tourist-nfs-983.html"
"TWO TON SAM (LIMITED EDITION OF 30)","editioned","items/two-ton-sam-limited-edition-of-30-413.html"
"48"" Atomic Orange Charlie Grin (+NFT)","editioned","items/48-atomic-orange-charlie-grin-nft-762.html"
"48"" Black Charlie Grin","editioned","items/48-black-charlie-grin-486.html"
"48"" Electric Strawberry Charlie Grin (+NFT)","editioned","items/48-electric-strawberry-charlie-grin-nft-452.html"
"48"" Green Telegrinnie","editioned","items/48-green-telegrinnie-993.html"
"48"" Lightning Zest Charlie Grin (+NFT)","editioned","items/48-lightning-zest-charlie-grin-nft-35.html"
"48"" Yellow Charlie Grin","editioned","items/48-yellow-charlie-grin-421.html"
"CATHY COWGIRL - PINK (LIMITED EDITION OF 30)","editioned","items/cathy-cowgirl-pink-limited-edition-of-30-552.html"
"Charlie Grin - Garageworks Edition 48""","editioned","items/charlie-grin-garageworks-edition-48-151.html"
"Charlie Grin Zac Pac Edition - Red 48""","editioned","items/charlie-grin-zac-pac-edition-red-48-906.html"
"FAT TONY (LIMITED EDITION OF 30)","editioned","items/fat-tony-limited-edition-of-30-47.html"
"MOUSEMASK MURPHY IN AIRPLANE (LIMITED EDITION OF 30)","editioned","items/mousemask-murphy-in-airplane-limited-edition-of-30-1073.html"
"Telegrinnie 4ft Gold","editioned","items/telegrinnie-4ft-gold-549.html"
"Telegrinnie 4ft Purple","editioned","items/telegrinnie-4ft-purple-796.html"
"Telegrinnie 4ft Red","editioned","items/telegrinnie-4ft-red-21.html"
"Telegrinnie 4ft Silver","editioned","items/telegrinnie-4ft-silver-804.html"
"Telegrinnie 4ft Yellow","editioned","items/telegrinnie-4ft-yellow-118.html"
"84"" Black Starskull Walkimg Stick","editioned","items/84-black-starskull-walkimg-stick-462.html"
"48"" Pink Temper Tot","editioned","items/48-pink-temper-tot-967.html"
"Liberty Grin - 48""","editioned","items/liberty-grin-48-942.html"
"RON ENGLISH GIANT SCRATCH 1","editioned","items/ron-english-giant-scratch-1-1055.html"
"RON ENGLISH GIANT SCRATCH 2","editioned","items/ron-english-giant-scratch-2-268.html"
"RON ENGLISH GIANT TED 1","editioned","items/ron-english-giant-ted-1-241.html"
"RON ENGLISH GIANT TED 2","editioned","items/ron-english-giant-ted-2-530.html"
"Golden Little Bigfoot","editioned","items/golden-little-bigfoot-263.html"
"Green LITTLE BIGFOOT","editioned","items/green-little-bigfoot-213.html"
"Silver Little Bigfoot","editioned","items/silver-little-bigfoot-209.html"
"URBAN BIGFOOT","sculptures","items/urban-bigfoot-172.html"
"Cheezy Grin","editioned","items/cheezy-grin.html"
"Ron English x Dudebox, Giant Scratch","editioned","items/ron-english-x-dudebox-giant-scratch.html"
"Marilyn Mickeys (Green)","editioned","items/marilyn-mickeys-green.html"
"McSupersized","editioned","items/mcsupersized-48.html"
"Starskull Walking Stick","editioned","items/starskull-walking-stick.html"
"POPaganda Couch","sculptures","items/popaganda-couch.html"
