"Action","SourceRel","Status","BackupRel","Detail"
"Move to backup","data/generated/build-sculpture-pages-from-json-v1-20260512-132416","Moved","data/generated/build-sculpture-pages-from-json-v1-20260512-132416","Existing generated report/data file; not needed on live GitHub Pages site."
"Move to backup","data/generated/build-sculpture-pages-from-json-v3-20260512-133800","Moved","data/generated/build-sculpture-pages-from-json-v3-20260512-133800","Existing generated report/data file; not needed on live GitHub Pages site."
"Move to backup","data/generated/final-cleanup-sculpture-pages-and-indexes-v1-20260512-140614","Moved","data/generated/final-cleanup-sculpture-pages-and-indexes-v1-20260512-140614","Existing generated report/data file; not needed on live GitHub Pages site."
"Move to backup","data/generated/final-cleanup-sculpture-pages-and-indexes-v3-20260512-141239","Moved","data/generated/final-cleanup-sculpture-pages-and-indexes-v3-20260512-141239","Existing generated report/data file; not needed on live GitHub Pages site."
"Move to backup","data/generated/format-money-no-decimals-v1-20260512-150204","Moved","data/generated/format-money-no-decimals-v1-20260512-150204","Existing generated report/data file; not needed on live GitHub Pages site."
"Move to backup","data/generated/format-money-values-with-commas-v1-20260512-150013","Moved","data/generated/format-money-values-with-commas-v1-20260512-150013","Existing generated report/data file; not needed on live GitHub Pages site."
"Move to backup","data/generated/format-sculpture-individual-pages-v1-20260512-125054","Moved","data/generated/format-sculpture-individual-pages-v1-20260512-125054","Existing generated report/data file; not needed on live GitHub Pages site."
"Move to backup","data/generated/format-sculpture-individual-pages-v1-20260512-125235","Moved","data/generated/format-sculpture-individual-pages-v1-20260512-125235","Existing generated report/data file; not needed on live GitHub Pages site."
"Move to backup","data/generated/format-sculpture-individual-pages-v3-20260512-130131","Moved","data/generated/format-sculpture-individual-pages-v3-20260512-130131","Existing generated report/data file; not needed on live GitHub Pages site."
"Move to backup","data/generated/format-sculpture-individual-pages-v4-20260512-130444","Moved","data/generated/format-sculpture-individual-pages-v4-20260512-130444","Existing generated report/data file; not needed on live GitHub Pages site."
"Move to backup","data/generated/format-sculpture-individual-pages-v4-20260512-130558","Moved","data/generated/format-sculpture-individual-pages-v4-20260512-130558","Existing generated report/data file; not needed on live GitHub Pages site."
"Move to backup","data/generated/image-match-audit-20260512-085930","Moved","data/generated/image-match-audit-20260512-085930","Existing generated report/data file; not needed on live GitHub Pages site."
"Move to backup","data/generated/image-match-audit-20260512-090126","Moved","data/generated/image-match-audit-20260512-090126","Existing generated report/data file; not needed on live GitHub Pages site."
"Move to backup","data/generated/image-match-audit-20260512-090342","Moved","data/generated/image-match-audit-20260512-090342","Existing generated report/data file; not needed on live GitHub Pages site."
"Move to backup","data/generated/image-match-audit-20260512-091415","Moved","data/generated/image-match-audit-20260512-091415","Existing generated report/data file; not needed on live GitHub Pages site."
"Move to backup","data/generated/missing-image-fix-20260512-091004","Moved","data/generated/missing-image-fix-20260512-091004","Existing generated report/data file; not needed on live GitHub Pages site."
"Move to backup","data/generated/populate-approved-sculptures-v2-20260512-122941","Moved","data/generated/populate-approved-sculptures-v2-20260512-122941","Existing generated report/data file; not needed on live GitHub Pages site."
"Move to backup","data/generated/populate-approved-sculptures-v3-20260512-123258","Moved","data/generated/populate-approved-sculptures-v3-20260512-123258","Existing generated report/data file; not needed on live GitHub Pages site."
"Move to backup","data/generated/remove-1-to-1-from-toy-titles-v1-20260512-145702","Moved","data/generated/remove-1-to-1-from-toy-titles-v1-20260512-145702","Existing generated report/data file; not needed on live GitHub Pages site."
"Move to backup","data/generated/restyle-art-toys-custom-individual-pages-uniform-v2-20260512-143151","Moved","data/generated/restyle-art-toys-custom-individual-pages-uniform-v2-20260512-143151","Existing generated report/data file; not needed on live GitHub Pages site."
"Move to backup","data/generated/restyle-art-toys-custom-individual-pages-uniform-v3-20260512-143921","Moved","data/generated/restyle-art-toys-custom-individual-pages-uniform-v3-20260512-143921","Existing generated report/data file; not needed on live GitHub Pages site."
"Move to backup","data/generated/restyle-art-toys-custom-individual-pages-uniform-v4-20260512-144507","Moved","data/generated/restyle-art-toys-custom-individual-pages-uniform-v4-20260512-144507","Existing generated report/data file; not needed on live GitHub Pages site."
"Move to backup","data/generated/restyle-art-toys-custom-individual-pages-uniform-v6-20260512-145126","Moved","data/generated/restyle-art-toys-custom-individual-pages-uniform-v6-20260512-145126","Existing generated report/data file; not needed on live GitHub Pages site."
"Move to backup","data/generated/restyle-sculpture-pages-and-indexes-catalogue-uniform-v1-20260512-140058","Moved","data/generated/restyle-sculpture-pages-and-indexes-catalogue-uniform-v1-20260512-140058","Existing generated report/data file; not needed on live GitHub Pages site."
"Move to backup","data/generated/restyle-sculpture-pages-catalogue-uniform-v1-20260512-134546","Moved","data/generated/restyle-sculpture-pages-catalogue-uniform-v1-20260512-134546","Existing generated report/data file; not needed on live GitHub Pages site."
"Move to backup","data/generated/restyle-sculpture-pages-catalogue-uniform-v2-20260512-135140","Moved","data/generated/restyle-sculpture-pages-catalogue-uniform-v2-20260512-135140","Existing generated report/data file; not needed on live GitHub Pages site."
"Move to backup","data/generated/sculpture-candidates-20260512-112410","Moved","data/generated/sculpture-candidates-20260512-112410","Existing generated report/data file; not needed on live GitHub Pages site."
"Move to backup","data/generated/sculpture-candidates-20260512-112649","Moved","data/generated/sculpture-candidates-20260512-112649","Existing generated report/data file; not needed on live GitHub Pages site."
"Move to backup","data/generated/alphabetize-art-toys-and-editions-index-v1-report-20260513-090928.csv","Moved","data/generated/alphabetize-art-toys-and-editions-index-v1-report-20260513-090928.csv","Existing generated report/data file; not needed on live GitHub Pages site."
"Move to backup","data/generated/alphabetize-toy-index-pages-after-title-updates-v1-report-20260513-100910.csv","Moved","data/generated/alphabetize-toy-index-pages-after-title-updates-v1-report-20260513-100910.csv","Existing generated report/data file; not needed on live GitHub Pages site."
"Move to backup","data/generated/center-homepage-custom-toys-card-v1-report-20260513-122534.csv","Moved","data/generated/center-homepage-custom-toys-card-v1-report-20260513-122534.csv","Existing generated report/data file; not needed on live GitHub Pages site."
"Move to backup","data/generated/center-homepage-custom-toys-card-v2-report-20260513-122705.csv","Moved","data/generated/center-homepage-custom-toys-card-v2-report-20260513-122705.csv","Existing generated report/data file; not needed on live GitHub Pages site."
"Move to backup","data/generated/center-homepage-section-cards-v4-report-20260513-125319.csv","Moved","data/generated/center-homepage-section-cards-v4-report-20260513-125319.csv","Existing generated report/data file; not needed on live GitHub Pages site."
"Move to backup","data/generated/clean-action-figures-index-titles-v1-report-20260513-113428.csv","Moved","data/generated/clean-action-figures-index-titles-v1-report-20260513-113428.csv","Existing generated report/data file; not needed on live GitHub Pages site."
"Move to backup","data/generated/cleanup-before-push-v1-candidates-20260513-124909.csv","Moved","data/generated/cleanup-before-push-v1-candidates-20260513-124909.csv","Existing generated report/data file; not needed on live GitHub Pages site."
"Move to backup","data/generated/cleanup-before-push-v1-candidates-20260513-125348.csv","Moved","data/generated/cleanup-before-push-v1-candidates-20260513-125348.csv","Existing generated report/data file; not needed on live GitHub Pages site."
"Move to backup","data/generated/cleanup-before-push-v1-folder-sizes-20260513-124909.csv","Moved","data/generated/cleanup-before-push-v1-folder-sizes-20260513-124909.csv","Existing generated report/data file; not needed on live GitHub Pages site."
"Move to backup","data/generated/cleanup-before-push-v1-folder-sizes-20260513-125348.csv","Moved","data/generated/cleanup-before-push-v1-folder-sizes-20260513-125348.csv","Existing generated report/data file; not needed on live GitHub Pages site."
"Move to backup","data/generated/cleanup-before-push-v1-git-status-20260513-124909.txt","Moved","data/generated/cleanup-before-push-v1-git-status-20260513-124909.txt","Existing generated report/data file; not needed on live GitHub Pages site."
"Move to backup","data/generated/cleanup-before-push-v1-git-status-20260513-125348.txt","Moved","data/generated/cleanup-before-push-v1-git-status-20260513-125348.txt","Existing generated report/data file; not needed on live GitHub Pages site."
"Move to backup","data/generated/cleanup-before-push-v1-large-files-20260513-124909.csv","Moved","data/generated/cleanup-before-push-v1-large-files-20260513-124909.csv","Existing generated report/data file; not needed on live GitHub Pages site."
"Move to backup","data/generated/cleanup-before-push-v1-large-files-20260513-125348.csv","Moved","data/generated/cleanup-before-push-v1-large-files-20260513-125348.csv","Existing generated report/data file; not needed on live GitHub Pages site."
"Move to backup","data/generated/cleanup-before-push-v2-candidates-20260513-125604.csv","Moved","data/generated/cleanup-before-push-v2-candidates-20260513-125604.csv","Existing generated report/data file; not needed on live GitHub Pages site."
"Move to backup","data/generated/cleanup-before-push-v2-folder-sizes-20260513-125604.csv","Moved","data/generated/cleanup-before-push-v2-folder-sizes-20260513-125604.csv","Existing generated report/data file; not needed on live GitHub Pages site."
"Move to backup","data/generated/cleanup-before-push-v2-git-status-20260513-125604.txt","Moved","data/generated/cleanup-before-push-v2-git-status-20260513-125604.txt","Existing generated report/data file; not needed on live GitHub Pages site."
"Move to backup","data/generated/cleanup-before-push-v2-large-files-20260513-125604.csv","Moved","data/generated/cleanup-before-push-v2-large-files-20260513-125604.csv","Existing generated report/data file; not needed on live GitHub Pages site."
"Move to backup","data/generated/cleanup-before-push-v2-summary-20260513-125604.txt","Moved","data/generated/cleanup-before-push-v2-summary-20260513-125604.txt","Existing generated report/data file; not needed on live GitHub Pages site."
"Move to backup","data/generated/create-art-toy-subcategory-pages-batch-v1-category-items-20260513-101756.csv","Moved","data/generated/create-art-toy-subcategory-pages-batch-v1-category-items-20260513-101756.csv","Existing generated report/data file; not needed on live GitHub Pages site."
"Move to backup","data/generated/create-art-toy-subcategory-pages-batch-v1-overlaps-20260513-101756.csv","Moved","data/generated/create-art-toy-subcategory-pages-batch-v1-overlaps-20260513-101756.csv","Existing generated report/data file; not needed on live GitHub Pages site."
"Move to backup","data/generated/create-art-toy-subcategory-pages-batch-v1-report-20260513-101756.csv","Moved","data/generated/create-art-toy-subcategory-pages-batch-v1-report-20260513-101756.csv","Existing generated report/data file; not needed on live GitHub Pages site."
"Move to backup","data/generated/create-mc-subcategory-from-art-toys-index-v1-moved-mc-items-20260513-101326.csv","Moved","data/generated/create-mc-subcategory-from-art-toys-index-v1-moved-mc-items-20260513-101326.csv","Existing generated report/data file; not needed on live GitHub Pages site."
"Move to backup","data/generated/create-mc-subcategory-from-art-toys-index-v1-report-20260513-101326.csv","Moved","data/generated/create-mc-subcategory-from-art-toys-index-v1-report-20260513-101326.csv","Existing generated report/data file; not needed on live GitHub Pages site."
"Move to backup","data/generated/create-more-art-toy-categories-and-fix-sunflower-charlie-v2-category-items-20260513-103235.csv","Moved","data/generated/create-more-art-toy-categories-and-fix-sunflower-charlie-v2-category-items-20260513-103235.csv","Existing generated report/data file; not needed on live GitHub Pages site."
"Move to backup","data/generated/create-more-art-toy-categories-and-fix-sunflower-charlie-v2-category-items-20260513-103632.csv","Moved","data/generated/create-more-art-toy-categories-and-fix-sunflower-charlie-v2-category-items-20260513-103632.csv","Existing generated report/data file; not needed on live GitHub Pages site."
"Move to backup","data/generated/create-more-art-toy-categories-and-fix-sunflower-charlie-v2-overlaps-20260513-103235.csv","Moved","data/generated/create-more-art-toy-categories-and-fix-sunflower-charlie-v2-overlaps-20260513-103235.csv","Existing generated report/data file; not needed on live GitHub Pages site."
"Move to backup","data/generated/create-more-art-toy-categories-and-fix-sunflower-charlie-v2-overlaps-20260513-103632.csv","Moved","data/generated/create-more-art-toy-categories-and-fix-sunflower-charlie-v2-overlaps-20260513-103632.csv","Existing generated report/data file; not needed on live GitHub Pages site."
"Move to backup","data/generated/create-more-art-toy-categories-and-fix-sunflower-charlie-v2-report-20260513-103235.csv","Moved","data/generated/create-more-art-toy-categories-and-fix-sunflower-charlie-v2-report-20260513-103235.csv","Existing generated report/data file; not needed on live GitHub Pages site."
"Move to backup","data/generated/create-more-art-toy-categories-and-fix-sunflower-charlie-v2-report-20260513-103632.csv","Moved","data/generated/create-more-art-toy-categories-and-fix-sunflower-charlie-v2-report-20260513-103632.csv","Existing generated report/data file; not needed on live GitHub Pages site."
"Move to backup","data/generated/create-more-art-toy-subcategory-pages-batch-v1-category-items-20260513-101955.csv","Moved","data/generated/create-more-art-toy-subcategory-pages-batch-v1-category-items-20260513-101955.csv","Existing generated report/data file; not needed on live GitHub Pages site."
"Move to backup","data/generated/create-more-art-toy-subcategory-pages-batch-v1-overlaps-20260513-101955.csv","Moved","data/generated/create-more-art-toy-subcategory-pages-batch-v1-overlaps-20260513-101955.csv","Existing generated report/data file; not needed on live GitHub Pages site."
"Move to backup","data/generated/create-more-art-toy-subcategory-pages-batch-v1-report-20260513-101955.csv","Moved","data/generated/create-more-art-toy-subcategory-pages-batch-v1-report-20260513-101955.csv","Existing generated report/data file; not needed on live GitHub Pages site."
"Move to backup","data/generated/create-more-art-toy-subcategory-pages-batch-v2-category-items-20260513-102158.csv","Moved","data/generated/create-more-art-toy-subcategory-pages-batch-v2-category-items-20260513-102158.csv","Existing generated report/data file; not needed on live GitHub Pages site."
"Move to backup","data/generated/create-more-art-toy-subcategory-pages-batch-v2-overlaps-20260513-102158.csv","Moved","data/generated/create-more-art-toy-subcategory-pages-batch-v2-overlaps-20260513-102158.csv","Existing generated report/data file; not needed on live GitHub Pages site."
"Move to backup","data/generated/create-more-art-toy-subcategory-pages-batch-v2-report-20260513-102158.csv","Moved","data/generated/create-more-art-toy-subcategory-pages-batch-v2-report-20260513-102158.csv","Existing generated report/data file; not needed on live GitHub Pages site."
"Move to backup","data/generated/create-more-art-toy-subcategory-pages-batch-v3-category-items-20260513-102338.csv","Moved","data/generated/create-more-art-toy-subcategory-pages-batch-v3-category-items-20260513-102338.csv","Existing generated report/data file; not needed on live GitHub Pages site."
"Move to backup","data/generated/create-more-art-toy-subcategory-pages-batch-v3-overlaps-20260513-102338.csv","Moved","data/generated/create-more-art-toy-subcategory-pages-batch-v3-overlaps-20260513-102338.csv","Existing generated report/data file; not needed on live GitHub Pages site."
"Move to backup","data/generated/create-more-art-toy-subcategory-pages-batch-v3-report-20260513-102338.csv","Moved","data/generated/create-more-art-toy-subcategory-pages-batch-v3-report-20260513-102338.csv","Existing generated report/data file; not needed on live GitHub Pages site."
"Move to backup","data/generated/create-more-art-toy-subcategory-pages-batch-v4-category-items-20260513-102420.csv","Moved","data/generated/create-more-art-toy-subcategory-pages-batch-v4-category-items-20260513-102420.csv","Existing generated report/data file; not needed on live GitHub Pages site."
"Move to backup","data/generated/create-more-art-toy-subcategory-pages-batch-v4-overlaps-20260513-102420.csv","Moved","data/generated/create-more-art-toy-subcategory-pages-batch-v4-overlaps-20260513-102420.csv","Existing generated report/data file; not needed on live GitHub Pages site."
"Move to backup","data/generated/create-more-art-toy-subcategory-pages-batch-v4-report-20260513-102420.csv","Moved","data/generated/create-more-art-toy-subcategory-pages-batch-v4-report-20260513-102420.csv","Existing generated report/data file; not needed on live GitHub Pages site."
"Move to backup","data/generated/create-more-art-toy-subcategory-pages-batch-v5-category-items-20260513-102645.csv","Moved","data/generated/create-more-art-toy-subcategory-pages-batch-v5-category-items-20260513-102645.csv","Existing generated report/data file; not needed on live GitHub Pages site."
"Move to backup","data/generated/create-more-art-toy-subcategory-pages-batch-v5-overlaps-20260513-102645.csv","Moved","data/generated/create-more-art-toy-subcategory-pages-batch-v5-overlaps-20260513-102645.csv","Existing generated report/data file; not needed on live GitHub Pages site."
"Move to backup","data/generated/create-more-art-toy-subcategory-pages-batch-v5-report-20260513-102645.csv","Moved","data/generated/create-more-art-toy-subcategory-pages-batch-v5-report-20260513-102645.csv","Existing generated report/data file; not needed on live GitHub Pages site."
"Move to backup","data/generated/create-more-art-toy-subcategory-pages-batch-v6-category-items-20260513-103701.csv","Moved","data/generated/create-more-art-toy-subcategory-pages-batch-v6-category-items-20260513-103701.csv","Existing generated report/data file; not needed on live GitHub Pages site."
"Move to backup","data/generated/create-more-art-toy-subcategory-pages-batch-v6-overlaps-20260513-103701.csv","Moved","data/generated/create-more-art-toy-subcategory-pages-batch-v6-overlaps-20260513-103701.csv","Existing generated report/data file; not needed on live GitHub Pages site."
"Move to backup","data/generated/create-more-art-toy-subcategory-pages-batch-v6-report-20260513-103701.csv","Moved","data/generated/create-more-art-toy-subcategory-pages-batch-v6-report-20260513-103701.csv","Existing generated report/data file; not needed on live GitHub Pages site."
"Move to backup","data/generated/create-more-art-toy-subcategory-pages-batch-v7-category-items-20260513-104227.csv","Moved","data/generated/create-more-art-toy-subcategory-pages-batch-v7-category-items-20260513-104227.csv","Existing generated report/data file; not needed on live GitHub Pages site."
"Move to backup","data/generated/create-more-art-toy-subcategory-pages-batch-v7-overlaps-20260513-104227.csv","Moved","data/generated/create-more-art-toy-subcategory-pages-batch-v7-overlaps-20260513-104227.csv","Existing generated report/data file; not needed on live GitHub Pages site."
"Move to backup","data/generated/create-more-art-toy-subcategory-pages-batch-v7-report-20260513-104227.csv","Moved","data/generated/create-more-art-toy-subcategory-pages-batch-v7-report-20260513-104227.csv","Existing generated report/data file; not needed on live GitHub Pages site."
"Move to backup","data/generated/create-peace-panda-and-action-figure-police-grin-v1-category-items-20260513-103013.csv","Moved","data/generated/create-peace-panda-and-action-figure-police-grin-v1-category-items-20260513-103013.csv","Existing generated report/data file; not needed on live GitHub Pages site."
"Move to backup","data/generated/create-peace-panda-and-action-figure-police-grin-v1-report-20260513-103013.csv","Moved","data/generated/create-peace-panda-and-action-figure-police-grin-v1-report-20260513-103013.csv","Existing generated report/data file; not needed on live GitHub Pages site."
"Move to backup","data/generated/fix-art-toy-categories-cereal-mouse-action-and-more-v1-category-items-20260513-105653.csv","Moved","data/generated/fix-art-toy-categories-cereal-mouse-action-and-more-v1-category-items-20260513-105653.csv","Existing generated report/data file; not needed on live GitHub Pages site."
"Move to backup","data/generated/fix-art-toy-categories-cereal-mouse-action-and-more-v1-overlaps-20260513-105653.csv","Moved","data/generated/fix-art-toy-categories-cereal-mouse-action-and-more-v1-overlaps-20260513-105653.csv","Existing generated report/data file; not needed on live GitHub Pages site."
"Move to backup","data/generated/fix-art-toy-categories-cereal-mouse-action-and-more-v1-report-20260513-105653.csv","Moved","data/generated/fix-art-toy-categories-cereal-mouse-action-and-more-v1-report-20260513-105653.csv","Existing generated report/data file; not needed on live GitHub Pages site."
"Move to backup","data/generated/fix-art-toy-category-overlap-exceptions-v1-category-items-20260513-110224.csv","Moved","data/generated/fix-art-toy-category-overlap-exceptions-v1-category-items-20260513-110224.csv","Existing generated report/data file; not needed on live GitHub Pages site."
"Move to backup","data/generated/fix-art-toy-category-overlap-exceptions-v1-only-rules-20260513-110224.csv","Moved","data/generated/fix-art-toy-category-overlap-exceptions-v1-only-rules-20260513-110224.csv","Existing generated report/data file; not needed on live GitHub Pages site."
"Move to backup","data/generated/fix-art-toy-category-overlap-exceptions-v1-report-20260513-110224.csv","Moved","data/generated/fix-art-toy-category-overlap-exceptions-v1-report-20260513-110224.csv","Existing generated report/data file; not needed on live GitHub Pages site."
"Move to backup","data/generated/fix-art-toy-hero-images-and-green-star-skull-bulb-v1-category-items-20260513-110800.csv","Moved","data/generated/fix-art-toy-hero-images-and-green-star-skull-bulb-v1-category-items-20260513-110800.csv","Existing generated report/data file; not needed on live GitHub Pages site."
"Move to backup","data/generated/fix-art-toy-hero-images-and-green-star-skull-bulb-v1-report-20260513-110800.csv","Moved","data/generated/fix-art-toy-hero-images-and-green-star-skull-bulb-v1-report-20260513-110800.csv","Existing generated report/data file; not needed on live GitHub Pages site."
"Move to backup","data/generated/fix-art-toys-bart-grin-title-cleanup-and-remove-gnome-v1-report-20260513-114127.csv","Moved","data/generated/fix-art-toys-bart-grin-title-cleanup-and-remove-gnome-v1-report-20260513-114127.csv","Existing generated report/data file; not needed on live GitHub Pages site."
"Move to backup","data/generated/fix-art-toys-category-labels-and-sunflower-only-v1-report-20260513-120046.csv","Moved","data/generated/fix-art-toys-category-labels-and-sunflower-only-v1-report-20260513-120046.csv","Existing generated report/data file; not needed on live GitHub Pages site."
"Move to backup","data/generated/fix-art-toys-category-labels-and-sunflower-only-v1-sunflower-only-items-20260513-120046.csv","Moved","data/generated/fix-art-toys-category-labels-and-sunflower-only-v1-sunflower-only-items-20260513-120046.csv","Existing generated report/data file; not needed on live GitHub Pages site."
"Move to backup","data/generated/fix-art-toys-index-cleanup-v4-report-20260513-085035.csv","Moved","data/generated/fix-art-toys-index-cleanup-v4-report-20260513-085035.csv","Existing generated report/data file; not needed on live GitHub Pages site."
"Move to backup","data/generated/fix-art-toys-index-cleanup-v4-skipped-20260513-085035.csv","Moved","data/generated/fix-art-toys-index-cleanup-v4-skipped-20260513-085035.csv","Existing generated report/data file; not needed on live GitHub Pages site."
"Move to backup","data/generated/fix-art-toys-index-exact-card-edits-v1-report-20260513-085613.csv","Moved","data/generated/fix-art-toys-index-exact-card-edits-v1-report-20260513-085613.csv","Existing generated report/data file; not needed on live GitHub Pages site."
"Move to backup","data/generated/fix-art-toys-index-exact-card-edits-v1-skipped-20260513-085613.csv","Moved","data/generated/fix-art-toys-index-exact-card-edits-v1-skipped-20260513-085613.csv","Existing generated report/data file; not needed on live GitHub Pages site."
"Move to backup","data/generated/fix-cereal-killers-specific-subcategories-v1-moved-items-20260513-115216.csv","Moved","data/generated/fix-cereal-killers-specific-subcategories-v1-moved-items-20260513-115216.csv","Existing generated report/data file; not needed on live GitHub Pages site."
"Move to backup","data/generated/fix-cereal-killers-specific-subcategories-v1-report-20260513-115216.csv","Moved","data/generated/fix-cereal-killers-specific-subcategories-v1-report-20260513-115216.csv","Existing generated report/data file; not needed on live GitHub Pages site."
"Move to backup","data/generated/fix-charlie-grin-sunflower-only-and-remove-mono-v1-report-20260513-114858.csv","Moved","data/generated/fix-charlie-grin-sunflower-only-and-remove-mono-v1-report-20260513-114858.csv","Existing generated report/data file; not needed on live GitHub Pages site."
"Move to backup","data/generated/fix-charlie-grin-sunflower-only-and-remove-mono-v1-sunflower-only-items-20260513-114858.csv","Moved","data/generated/fix-charlie-grin-sunflower-only-and-remove-mono-v1-sunflower-only-items-20260513-114858.csv","Existing generated report/data file; not needed on live GitHub Pages site."
"Move to backup","data/generated/fix-mc-misfiled-items-and-remove-mc-super-hero-v1-moved-items-20260513-121231.csv","Moved","data/generated/fix-mc-misfiled-items-and-remove-mc-super-hero-v1-moved-items-20260513-121231.csv","Existing generated report/data file; not needed on live GitHub Pages site."
"Move to backup","data/generated/fix-mc-misfiled-items-and-remove-mc-super-hero-v1-report-20260513-121231.csv","Moved","data/generated/fix-mc-misfiled-items-and-remove-mc-super-hero-v1-report-20260513-121231.csv","Existing generated report/data file; not needed on live GitHub Pages site."
"Move to backup","data/generated/fix-sculptures-index-broken-images-v1-report-20260513-110931.csv","Moved","data/generated/fix-sculptures-index-broken-images-v1-report-20260513-110931.csv","Existing generated report/data file; not needed on live GitHub Pages site."
"Move to backup","data/generated/fix-sculptures-index-broken-images-v2-report-20260513-111140.csv","Moved","data/generated/fix-sculptures-index-broken-images-v2-report-20260513-111140.csv","Existing generated report/data file; not needed on live GitHub Pages site."
"Move to backup","data/generated/fix-sculptures-index-wrong-duplicate-images-v3-candidates-20260513-113133.csv","Moved","data/generated/fix-sculptures-index-wrong-duplicate-images-v3-candidates-20260513-113133.csv","Existing generated report/data file; not needed on live GitHub Pages site."
"Move to backup","data/generated/fix-sculptures-index-wrong-duplicate-images-v3-duplicate-images-20260513-113133.csv","Moved","data/generated/fix-sculptures-index-wrong-duplicate-images-v3-duplicate-images-20260513-113133.csv","Existing generated report/data file; not needed on live GitHub Pages site."
"Move to backup","data/generated/fix-sculptures-index-wrong-duplicate-images-v3-report-20260513-113133.csv","Moved","data/generated/fix-sculptures-index-wrong-duplicate-images-v3-report-20260513-113133.csv","Existing generated report/data file; not needed on live GitHub Pages site."
"Move to backup","data/generated/fix-urban-bigfoot-jungle-gold-patina-card-only-v1-report-20260513-085909.csv","Moved","data/generated/fix-urban-bigfoot-jungle-gold-patina-card-only-v1-report-20260513-085909.csv","Existing generated report/data file; not needed on live GitHub Pages site."
"Move to backup","data/generated/missing-image-matches.csv","Moved","data/generated/missing-image-matches.csv","Existing generated report/data file; not needed on live GitHub Pages site."
"Move to backup","data/generated/move-mona-lisa-grin-pink-to-mona-grin-v1-report-20260513-122059.csv","Moved","data/generated/move-mona-lisa-grin-pink-to-mona-grin-v1-report-20260513-122059.csv","Existing generated report/data file; not needed on live GitHub Pages site."
"Move to backup","data/generated/organize-cereal-killers-subcategories-v1-exceptions-20260513-114707.csv","Moved","data/generated/organize-cereal-killers-subcategories-v1-exceptions-20260513-114707.csv","Existing generated report/data file; not needed on live GitHub Pages site."
"Move to backup","data/generated/organize-cereal-killers-subcategories-v1-report-20260513-114707.csv","Moved","data/generated/organize-cereal-killers-subcategories-v1-report-20260513-114707.csv","Existing generated report/data file; not needed on live GitHub Pages site."
"Move to backup","data/generated/organize-cereal-killers-subcategories-v1-subcategory-items-20260513-114707.csv","Moved","data/generated/organize-cereal-killers-subcategories-v1-subcategory-items-20260513-114707.csv","Existing generated report/data file; not needed on live GitHub Pages site."
"Move to backup","data/generated/organize-custom-toy-categories-and-move-rodent-grin-v1-custom-category-items-20260513-121611.csv","Moved","data/generated/organize-custom-toy-categories-and-move-rodent-grin-v1-custom-category-items-20260513-121611.csv","Existing generated report/data file; not needed on live GitHub Pages site."
"Move to backup","data/generated/organize-custom-toy-categories-and-move-rodent-grin-v1-report-20260513-121611.csv","Moved","data/generated/organize-custom-toy-categories-and-move-rodent-grin-v1-report-20260513-121611.csv","Existing generated report/data file; not needed on live GitHub Pages site."
"Move to backup","data/generated/organize-custom-toy-categories-and-move-rodent-grin-v1-rodent-grin-move-20260513-121611.csv","Moved","data/generated/organize-custom-toy-categories-and-move-rodent-grin-v1-rodent-grin-move-20260513-121611.csv","Existing generated report/data file; not needed on live GitHub Pages site."
"Move to backup","data/generated/organize-mc-subcategories-and-fix-exceptions-v1-exceptions-20260513-120942.csv","Moved","data/generated/organize-mc-subcategories-and-fix-exceptions-v1-exceptions-20260513-120942.csv","Existing generated report/data file; not needed on live GitHub Pages site."
"Move to backup","data/generated/organize-mc-subcategories-and-fix-exceptions-v1-report-20260513-120942.csv","Moved","data/generated/organize-mc-subcategories-and-fix-exceptions-v1-report-20260513-120942.csv","Existing generated report/data file; not needed on live GitHub Pages site."
"Move to backup","data/generated/organize-mc-subcategories-and-fix-exceptions-v1-subcategory-items-20260513-120942.csv","Moved","data/generated/organize-mc-subcategories-and-fix-exceptions-v1-subcategory-items-20260513-120942.csv","Existing generated report/data file; not needed on live GitHub Pages site."
"Move to backup","data/generated/remove-1-1-bart-grin-og-entry-v1-report-20260513-091844.csv","Moved","data/generated/remove-1-1-bart-grin-og-entry-v1-report-20260513-091844.csv","Existing generated report/data file; not needed on live GitHub Pages site."
"Move to backup","data/generated/remove-gold-iron-skin-and-atomic-orange-charlie-v1-report-20260513-100428.csv","Moved","data/generated/remove-gold-iron-skin-and-atomic-orange-charlie-v1-report-20260513-100428.csv","Existing generated report/data file; not needed on live GitHub Pages site."
"Move to backup","data/generated/remove-poobah-entry-v1-report-20260513-090459.csv","Moved","data/generated/remove-poobah-entry-v1-report-20260513-090459.csv","Existing generated report/data file; not needed on live GitHub Pages site."
"Move to backup","data/generated/remove-selected-custom-toy-pages-v1-report-20260513-110333.csv","Moved","data/generated/remove-selected-custom-toy-pages-v1-report-20260513-110333.csv","Existing generated report/data file; not needed on live GitHub Pages site."
"Move to backup","data/generated/remove-telegrinnie-pages-and-fix-smiley-piggy-image-v1-report-20260513-094918.csv","Moved","data/generated/remove-telegrinnie-pages-and-fix-smiley-piggy-image-v1-report-20260513-094918.csv","Existing generated report/data file; not needed on live GitHub Pages site."
"Move to backup","data/generated/remove-toy-index-search-and-intro-text-v1-report-20260513-091409.csv","Moved","data/generated/remove-toy-index-search-and-intro-text-v1-report-20260513-091409.csv","Existing generated report/data file; not needed on live GitHub Pages site."
"Move to backup","data/generated/remove-two-art-toy-entries-hop-hop-and-iron-skin-v1-report-20260513-092804.csv","Moved","data/generated/remove-two-art-toy-entries-hop-hop-and-iron-skin-v1-report-20260513-092804.csv","Existing generated report/data file; not needed on live GitHub Pages site."
"Move to backup","data/generated/repair-homepage-after-hero-image-v1-and-apply-v2-report-20260513-122423.csv","Moved","data/generated/repair-homepage-after-hero-image-v1-and-apply-v2-report-20260513-122423.csv","Existing generated report/data file; not needed on live GitHub Pages site."
"Move to backup","data/generated/restore-art-toys-index-from-v4-backup-report-20260513-085241.csv","Moved","data/generated/restore-art-toys-index-from-v4-backup-report-20260513-085241.csv","Existing generated report/data file; not needed on live GitHub Pages site."
"Move to backup","data/generated/targeted-toy-cleanup-skipped-20260513-084143.csv","Moved","data/generated/targeted-toy-cleanup-skipped-20260513-084143.csv","Existing generated report/data file; not needed on live GitHub Pages site."
"Move to backup","data/generated/targeted-toy-index-cleanup-report-20260513-084143.csv","Moved","data/generated/targeted-toy-index-cleanup-report-20260513-084143.csv","Existing generated report/data file; not needed on live GitHub Pages site."
"Move to backup","data/generated/targeted-toy-page-removal-report-20260513-084143.csv","Moved","data/generated/targeted-toy-page-removal-report-20260513-084143.csv","Existing generated report/data file; not needed on live GitHub Pages site."
"Move to backup","data/generated/toy-image-update-report-20260513-070107.csv","Moved","data/generated/toy-image-update-report-20260513-070107.csv","Existing generated report/data file; not needed on live GitHub Pages site."
"Move to backup","data/generated/toy-image-update-skipped-20260513-070107.csv","Moved","data/generated/toy-image-update-skipped-20260513-070107.csv","Existing generated report/data file; not needed on live GitHub Pages site."
"Move to backup","data/generated/toy-index-grouping-audit-group-summary-20260512-151025.csv","Moved","data/generated/toy-index-grouping-audit-group-summary-20260512-151025.csv","Existing generated report/data file; not needed on live GitHub Pages site."
"Move to backup","data/generated/toy-index-grouping-audit-needs-review-20260512-151025.csv","Moved","data/generated/toy-index-grouping-audit-needs-review-20260512-151025.csv","Existing generated report/data file; not needed on live GitHub Pages site."
"Move to backup","data/generated/toy-index-grouping-audit-review-20260512-151025.csv","Moved","data/generated/toy-index-grouping-audit-review-20260512-151025.csv","Existing generated report/data file; not needed on live GitHub Pages site."
"Move to backup","data/generated/toy-index-grouping-audit-skipped-pages-20260512-151025.csv","Moved","data/generated/toy-index-grouping-audit-skipped-pages-20260512-151025.csv","Existing generated report/data file; not needed on live GitHub Pages site."
"Move to backup","data/generated/toy-index-thumbnail-repair-report-20260513-071214.csv","Moved","data/generated/toy-index-thumbnail-repair-report-20260513-071214.csv","Existing generated report/data file; not needed on live GitHub Pages site."
"Move to backup","data/generated/toy-index-thumbnail-repair-skipped-20260513-071214.csv","Moved","data/generated/toy-index-thumbnail-repair-skipped-20260513-071214.csv","Existing generated report/data file; not needed on live GitHub Pages site."
"Move to backup","data/generated/toy-index-thumbnail-restore-report-20260513-071214.csv","Moved","data/generated/toy-index-thumbnail-restore-report-20260513-071214.csv","Existing generated report/data file; not needed on live GitHub Pages site."
"Move to backup","data/generated/toy-index-thumbnail-restore-report-20260513-074213.csv","Moved","data/generated/toy-index-thumbnail-restore-report-20260513-074213.csv","Existing generated report/data file; not needed on live GitHub Pages site."
"Move to backup","data/generated/toy-index-thumbnail-update-report-20260513-070558.csv","Moved","data/generated/toy-index-thumbnail-update-report-20260513-070558.csv","Existing generated report/data file; not needed on live GitHub Pages site."
"Move to backup","data/generated/toy-index-thumbnail-update-skipped-20260513-070558.csv","Moved","data/generated/toy-index-thumbnail-update-skipped-20260513-070558.csv","Existing generated report/data file; not needed on live GitHub Pages site."
"Move to backup","data/generated/toy-removal-review-from-notes-20260513-074932.csv","Moved","data/generated/toy-removal-review-from-notes-20260513-074932.csv","Existing generated report/data file; not needed on live GitHub Pages site."
"Move to backup","data/generated/toy-visible-name-index-update-report-20260513-074932.csv","Moved","data/generated/toy-visible-name-index-update-report-20260513-074932.csv","Existing generated report/data file; not needed on live GitHub Pages site."
"Move to backup","data/generated/toy-visible-name-item-page-update-report-20260513-074932.csv","Moved","data/generated/toy-visible-name-item-page-update-report-20260513-074932.csv","Existing generated report/data file; not needed on live GitHub Pages site."
"Move to backup","data/generated/toy-visible-name-update-skipped-20260513-074932.csv","Moved","data/generated/toy-visible-name-update-skipped-20260513-074932.csv","Existing generated report/data file; not needed on live GitHub Pages site."
"Move to backup","data/generated/trampt-site-build-summary.csv","Moved","data/generated/trampt-site-build-summary.csv","Existing generated report/data file; not needed on live GitHub Pages site."
"Move to backup","data/generated/update-art-toy-title-names-from-spreadsheet-v1-report-20260513-100719.csv","Moved","data/generated/update-art-toy-title-names-from-spreadsheet-v1-report-20260513-100719.csv","Existing generated report/data file; not needed on live GitHub Pages site."
"Move to backup","data/generated/update-art-toy-title-names-from-spreadsheet-v1-skipped-20260513-100719.csv","Moved","data/generated/update-art-toy-title-names-from-spreadsheet-v1-skipped-20260513-100719.csv","Existing generated report/data file; not needed on live GitHub Pages site."
"Move to backup","data/generated/update-homepage-section-hero-images-v1-report-20260513-122203.csv","Moved","data/generated/update-homepage-section-hero-images-v1-report-20260513-122203.csv","Existing generated report/data file; not needed on live GitHub Pages site."
"Move to backup","data/source-spreadsheets/trampt_ron_english_individual_item_pages_merged.xlsx","Moved","data/source-spreadsheets/trampt_ron_english_individual_item_pages_merged.xlsx","Source spreadsheet / working document; not needed on live GitHub Pages site."
"Move to backup","review","Moved","review","Review/audit working folder; not public catalogue content."
"Move to backup","prints","Moved","prints","Prints section is not part of the public toys/sculptures site."
"Move to backup","items/action-jackson-and-bauhaus-barbie-giclee-print-233.html","Moved","items/action-jackson-and-bauhaus-barbie-giclee-print-233.html","Print item page; prints are not part of the public toys/sculptures site."
"Move to backup","items/all-american-temper-tot-print-193.html","Moved","items/all-american-temper-tot-print-193.html","Print item page; prints are not part of the public toys/sculptures site."
"Move to backup","items/american-depressed-print-842.html","Moved","items/american-depressed-print-842.html","Print item page; prints are not part of the public toys/sculptures site."
"Move to backup","items/camo-boy-lenticular-print-1047.html","Moved","items/camo-boy-lenticular-print-1047.html","Print item page; prints are not part of the public toys/sculptures site."
"Move to backup","items/little-bigfoot-screen-print-652.html","Moved","items/little-bigfoot-screen-print-652.html","Print item page; prints are not part of the public toys/sculptures site."
"Move to backup","items/money-print-1-860.html","Moved","items/money-print-1-860.html","Print item page; prints are not part of the public toys/sculptures site."
"Move to backup","items/money-print-2-32.html","Moved","items/money-print-2-32.html","Print item page; prints are not part of the public toys/sculptures site."
"Move to backup","items/super-size-me-movie-print-489.html","Moved","items/super-size-me-movie-print-489.html","Print item page; prints are not part of the public toys/sculptures site."
"Move to backup","items/temper-tot-print-a-373.html","Moved","items/temper-tot-print-a-373.html","Print item page; prints are not part of the public toys/sculptures site."
"Move to backup","items/temper-tot-print-b-786.html","Moved","items/temper-tot-print-b-786.html","Print item page; prints are not part of the public toys/sculptures site."
"Move to backup","items/temper-tot-print-c-1066.html","Moved","items/temper-tot-print-c-1066.html","Print item page; prints are not part of the public toys/sculptures site."
"Move to backup","items/temper-tot-print-d-734.html","Moved","items/temper-tot-print-d-734.html","Print item page; prints are not part of the public toys/sculptures site."
"Move to backup","items/temper-tot-print-e-364.html","Moved","items/temper-tot-print-e-364.html","Print item page; prints are not part of the public toys/sculptures site."
"Move to backup","items/temper-tot-print-f-85.html","Moved","items/temper-tot-print-f-85.html","Print item page; prints are not part of the public toys/sculptures site."
"Move to backup","items/temper-tot-print-g-1035.html","Moved","items/temper-tot-print-g-1035.html","Print item page; prints are not part of the public toys/sculptures site."
"Move to backup","items/temper-tot-print-h-688.html","Moved","items/temper-tot-print-h-688.html","Print item page; prints are not part of the public toys/sculptures site."
"Move to backup","items/temper-tot-print-i-1022.html","Moved","items/temper-tot-print-i-1022.html","Print item page; prints are not part of the public toys/sculptures site."
"Move to backup","items/temper-tot-print-j-858.html","Moved","items/temper-tot-print-j-858.html","Print item page; prints are not part of the public toys/sculptures site."
"Move to backup","items/temper-tot-print-k-866.html","Moved","items/temper-tot-print-k-866.html","Print item page; prints are not part of the public toys/sculptures site."
"Move to backup","items/temper-tot-print-l-828.html","Moved","items/temper-tot-print-l-828.html","Print item page; prints are not part of the public toys/sculptures site."
"Source image safety","images/Trampt","Not touched","","This script intentionally did not move or delete images/Trampt files."
