"Position","Title","ItemPage","ImageFile"
"1","Elefanka - MC (SDCC '19)","items/mc-elefanka-sdcc-19-939.html","Mc Elefanka (SDCC '19) - DESIGNER TOY-2.jpeg"
"2","Evil MC","items/evil-mc-773.html","Evil MC - DESIGNER TOY.jpeg"
"3","Evil MC - Camo Edition","items/evil-mc-camo-edition-970.html","EVIL MC - Camo Edition - DESIGNER TOY.jpeg"
"4","Evil MC - Camo Face","items/evil-mc-camo-edition-variant-camo-face-340.html","EVIL MC - Camo Edition ( Variant - Camo Face ) - DESIGNER TOY.jpeg"
"5","Evil MC - Diamond Dust Black","items/evil-mc-diamond-dust-edition-black-makeup-520.html","EVIL MC - Diamond Dust Edition ( Black makeup ) - DESIGNER TOY.jpeg"
"6","Evil MC - Diamond Dust Red","items/evil-mc-diamond-dust-edition-red-makeup-175.html","EVIL MC - Diamond Dust Edition ( Red makeup ) - DESIGNER TOY-2.jpeg"
"7","Evil MC - Franken","items/franken-evil-mc-685.html","Franken Evil MC - DESIGNER TOY.jpeg"
"8","EVIL MC - Golden Glitter","items/golden-glitter-evil-mc-924.html","Golden Glitter EVIL MC - DESIGNER TOY.jpeg"
"9","Evil MC - Hella Bling","items/evil-mc-hella-bling-edition-236.html","EVIL MC - Hella Bling Edition - DESIGNER TOY.jpeg"
"10","Evil MC - Hella Evil","items/evil-mc-hella-evil-edition-324.html","Evil MC - Hella Evil edition - DESIGNER TOY.jpeg"
"11","Evil MC - Pure Evil","items/evil-mc-pure-evil-edition-870.html","Evil MC - Pure Evil edition - DESIGNER TOY.jpeg"
"12","Evil MC - Stealth","items/evil-mc-stealth-855.html","Evil MC - Stealth - DESIGNER TOY-2.jpeg"
"13","Evil MC - Supervillian","items/evil-mc-supervillian-775.html","EVIL MC Supervillian - DESIGNER TOY.jpeg"
"14","Frozen Culture - Mc Supersized","items/mc-supersized-frozen-culture-483.html","Mc Supersized Frozen Culture - DESIGNER TOY.jpeg"
"15","Gold Rame MC Supersized","items/gold-rame-mc-supersized-619.html","Gold Rame MC Supersized - DESIGNER TOY-2.jpeg"
"16","MC Action Figure","items/mc-action-811.html","MC Action - DESIGNER TOY-2.jpeg"
"17","MC - Amber X-Ray","items/amber-xray-mc-453.html","Amber XRay MC - DESIGNER TOY.jpeg"
"18","MC - GID X-Ray (NTWRK Exclusive)","items/gid-x-ray-mc-ntwrk-exclusive-1033.html","GID X-Ray MC (NTWRK Exclusive) - DESIGNER TOY.jpeg"
"19","MC Lover - Clutter","items/mc-lover-clutter-419.html","MC Lover - Clutter.webp"
"20","MC Lover - Midnight Edition","items/mc-lover-midnight-edition-589.html","MC Lover - Midnight Edition - DESIGNER TOY.jpeg"
"21","Mc Lover - Patriot","items/mc-lover-patriot-323.html","Mc Lover - Patriot - DESIGNER TOY.jpeg"
"22","MC Lover - Sunshine","items/mc-lover-sunshine-1016.html","MC Lover - Sunshine - DESIGNER TOY.jpeg"
"23","MC - Marigold Xray","items/marigold-xray-mc-1040.html","Marigold XRay MC - DESIGNER TOY.jpeg"
"24","MC - Smoke Xray","items/smoke-xray-mc-1013.html","Smoke XRay MC - DESIGNER TOY.jpeg"
"25","MC Super Hero","items/mc-super-hero-439.html","Mc Super Hero - DESIGNER TOY.jpeg"
"26","MC Super Sized - X-Ray 2016 New Year Set - Yellow Lame","items/x-ray-mc-super-sized-2016-new-year-set-yellow-lame-128.html","X-RAY MC SUPER SIZED 2016 NEW YEAR SET - yellow Lame - DESIGNER TOY.jpeg"
"27","MC Super Sized - X-Ray Blue Glitter (Zero Magazine Exclusive)","items/x-ray-mc-super-sized-blue-glitter-zero-magazine-exclusive-502.html","X-RAY MC SUPER SIZED BLUE GLITTER ( Zero Magazine Exclusive ) - DESIGNER TOY.jpeg"
"28","MC Super Sized - X-Ray Pearl & White GID","items/x-ray-mc-super-sized-ltd-ver-pearl-colors-white-gid-326.html","X-RAY MC SUPER SIZED LTD. Ver. ( Pearl Colors - White GID ) - DESIGNER TOY.jpeg"
"29","MC Superhero (SDCC '19)","items/mc-superhero-sdcc-19-903.html","MC Superhero (SDCC '19) - DESIGNER TOY.jpeg"
"30","MC Supersized -","items/og-bank-mc-supersized-722.html","OG Bank Mc Supersized - DESIGNER TOY.jpeg"
"31","MC Supersized ""China""","items/mc-supersized-china-587.html","MC Supersized China - DESIGNER TOY-2.jpeg"
"32","MC Supersized (ANDSUNS Exclusive)","items/mc-supersized-andsuns-exclusive-941.html","Mc Supersized (ANDSUNS Exclusive) - DESIGNER TOY.jpeg"
"33","MC Supersized - 3rd Edition X-Ray","items/3rd-edition-x-ray-mc-supersized-662.html","3rd Edition X-Ray MC Supersized - DESIGNER TOY.jpeg"
"34","MC Supersized - 4th of July","items/4th-of-july-mc-supersized-852.html","4th of July Mc Supersized - DESIGNER TOY.jpeg"
"35","MC Supersized Action Figure","items/mc-supersized-647.html","MC Supersized - DESIGNER TOY.jpeg"
"36","MC Supersized - Black","items/mc-supersized-black-716.html","MC Supersized - Black.webp"
"37","Mc Supersized - Black","items/mc-supersized-black-912.html","MC Supersized - Black - DESIGNER TOY.jpeg"
"38","MC Supersized - Black Glitter","items/black-glitter-mc-supersized-423.html","Black Glitter MC Supersized - DESIGNER TOY.jpeg"
"39","MC Supersized - Black Light Magic Green","items/black-light-magic-green-mc-supersized-83.html","Black Light Magic Green Mc Supersized - DESIGNER TOY.jpeg"
"40","MC Supersized - Black Light Magic Purple","items/black-light-magic-purple-mc-supersized-651.html","Black Light Magic Purple MC Supersized - DESIGNER TOY.jpeg"
"41","MC Supersized - Black Light Magic Yellow","items/black-light-magic-yellow-mc-supersized-617.html","Black Light Magic Yellow MC Supersized - DESIGNER TOY.jpeg"
"42","MC Supersized - Blue","items/mc-supersized-blue-58.html","MC Supersized - Blue - DESIGNER TOY.jpeg"
"43","MC Supersized - Blue GID","items/blue-gid-mc-supersized-secret-ver-913.html","Blue GID MC Supersized (Secret Ver.) - DESIGNER TOY.jpeg"
"44","Mc Supersized - Blue GID","items/mc-supersized-blue-gid-515.html","Mc Supersized - Blue GID - DESIGNER TOY.jpeg"
"45","MC Supersized - Blue Glitter (Comic Con Exclusive)","items/mc-supersized-blue-glitter-comic-con-exclusive-374.html","MC Supersized Blue Glitter (Comic Con Exclusive) - DESIGNER TOY.jpeg"
"46","Mc Supersized - Bronze Glitter","items/mc-supersized-bronze-glitter-533.html","Mc Supersized - Bronze Glitter - DESIGNER TOY.jpeg"
"47","MC Supersized - Bronze Patina","items/mc-supersized-bronze-patina-706.html","MC Supersized Bronze Patina - DESIGNER TOY.jpeg"
"48","MC Supersized Camo - Bangkok","items/mc-supersized-camo-bangkok-456.html","MC Supersized Camo - Bangkok - DESIGNER TOY.jpeg"
"49","MC Supersized Camo - Jakarta","items/mc-supersized-camo-jakarta-424.html","MC Supersized Camo - Jakarta - DESIGNER TOY.jpeg"
"50","MC Supersized Camo - Manila","items/mc-supersized-camo-manila-301.html","MC Supersized Camo - Manila - DESIGNER TOY-2.jpeg"
"51","MC Supersized Camo - Seoul","items/mc-supersized-camo-seoul-408.html","MC Supersized Camo - Seoul - DESIGNER TOY-3.jpeg"
"52","MC Supersized Camo - Shanghai","items/mc-supersized-camo-shanghai-251.html","MC Supersized Camo - Shanghai - DESIGNER TOY.jpeg"
"53","MC Supersized - Chase","items/mc-supersized-chase-1014.html","MC Supersized Chase - DESIGNER TOY.jpeg"
"54","MC Supersized - China (Green)","items/mc-supersized-china-green-990.html","MC Supersized China (Green) - DESIGNER TOY-3.jpeg"
"55","MC Supersized - China Flag","items/mc-supersized-china-flag-690.html","MC Supersized China Flag - DESIGNER TOY.jpeg"
"56","MC Supersized - Clear & GID Hamberger X-Ray","items/clear-gid-humberger-x-ray-mc-supersized-524.html","Clear & GID Humberger X-Ray MC Supersized - DESIGNER TOY-2.jpeg"
"57","MC SUPERSIZED - clear molding / unpainted - TTF 2009","items/mc-supersized-clear-molding-unpainted-ttf-2009-633.html","MC SUPERSIZED [clear molding unpainted] TTF 2009 - DESIGNER TOY.jpeg"
"58","MC Supersized - Clear X-Ray (Toy Tokyo Exclusive)","items/clear-x-ray-mc-supersized-toy-tokyo-exclusive-1020.html","Clear X-Ray Mc Supersized (Toy Tokyo Exclusive) - DESIGNER TOY.jpeg"
"59","MC Supersized - Clear X-Ray GID (Lucky-X Bag 2010)","items/clear-x-ray-gid-mcsupersized-lucky-x-bag-2010-982.html","Clear X-Ray GID McSupersized (Lucky-X Bag 2010) - DESIGNER TOY.jpeg"
"60","Mc Supersized - Full Color (Devil's Version) - SDCC 2010","items/mc-supersized-full-color-devil-s-version-sdcc-2010-291.html","Mc Supersized Full Color (Devil's Version) - SDCC 2010.webp"
"61","Mc Supersized - Full Gold","items/mc-supersized-full-gold-1057.html","Mc Supersized FULL Gold - DESIGNER TOY.jpeg"
"62","Mc Supersized Full - Mono","items/mc-supersized-full-mono-1039.html","Mc Supersized Full - Mono.webp"
"63","Mc Supersized Full - Navy","items/mc-supersized-full-navy-570.html","Mc Supersized Full - Navy - DESIGNER TOY.jpeg"
"64","Mc Supersized Full - Pink","items/mc-supersized-full-pink-1002.html","Mc Supersized Full - Pink - DESIGNER TOY.jpeg"
"65","Mc Supersized Full - Vintage","items/mc-supersized-full-vintage-135.html","Mc Supersized Full - Vintage - DESIGNER TOY.jpeg"
"66","MC Supersized - GID Full Color","items/gid-full-color-mc-supersized-668.html","GID Full Color MC Supersized - DESIGNER TOY.jpeg"
"67","MC Supersized - Gold","items/mc-supersized-gold-1030.html","MC Supersized Gold - DESIGNER TOY.jpeg"
"68","Mc Supersized - Gold & Porcelain","items/mc-supersized-gold-porcelain-553.html","Mc Supersized Gold - Porcelain.webp"
"69","MC Supersized - Gold Edition (TTE 2015)","items/gold-edition-mc-supersized-tte-2015-41.html","Gold Edition Mc Supersized (TTE 2015) - DESIGNER TOY.jpeg"
"70","MC Supersized -Gold Glitter (SDCC : 2017)","items/gold-glitter-mc-supersized-sdcc-2017-54.html","Gold Glitter MC Supersized (SDCC 2017) - DESIGNER TOY.jpeg"
"71","Mc Supersized - Gold Mc Action","items/gold-mc-action-mc-supersized-640.html","Gold Mc Action Mc Supersized - DESIGNER TOY-2.jpeg"
"72","MC Supersized - Green","items/mc-supersized-green-1049.html","MC Supersized - Green 3.webp"
"73","MC Supersized - Green","items/mc-supersized-green-255.html","MC Supersized - Green.webp"
"74","Mc Supersized - Green & Purple","items/mc-supersized-green-purple-919.html","Mc Supersized - GreenPurple - DESIGNER TOY.jpeg"
"75","MC Supersized - Grey Flocked","items/mc-supersized-grey-flocked-638.html","MC Supersized - Grey Flocked - DESIGNER TOY.jpeg"
"76","MC Supersized - Grey GID","items/mc-supersized-grey-gid-365.html","MC Supersized - Grey GID - DESIGNER TOY.jpeg"
"77","MC Supersized Grin - GID","items/mc-supersized-grin-gid-grin-788.html","MC Supersized Grin - GID Grin - DESIGNER TOY.jpeg"
"78","MC Supersized Grin - Gold","items/mc-supersized-grin-gold-grin-571.html","MC Supersized Grin - Gold Grin - DESIGNER TOY.jpeg"
"79","MC Supersized Grin - Green Glitter","items/green-glitter-mc-supersized-grin-904.html","Green Glitter Mc Supersized Grin - DESIGNER TOY.jpeg"
"80","MC Supersized Grin - Neon","items/neon-mc-supersized-grin-403.html","Neon Mc Supersized Grin - DESIGNER TOY-2.jpeg"
"81","MC Supersized Grin - Original","items/mc-supersized-grin-original-grin-1006.html","MC Supersized Grin - Original Grin.webp"
"82","MC Supersized Grin - Platinum","items/mc-supersized-grin-platinum-grin-731.html","MC Supersized Grin - Platinum Grin - DESIGNER TOY.jpeg"
"83","MC Supersized Grin - Red Glitter","items/red-glitter-mc-supersized-grin-540.html","Red Glitter Mc Supersized Grin - DESIGNER TOY.jpeg"
"84","MC Supersized - Groovy","items/groovy-mc-supersized-40.html","Groovy Mc Supersized - DESIGNER TOY.jpeg"
"85","Mc Supersized - Hiddy Joker","items/mc-supersized-hiddy-joker-126.html","Mc Supersized Hiddy Joker - DESIGNER TOY.jpeg"
"86","MC Supersized - Joker X-Ray (NYCC '18)","items/joker-x-ray-mc-supersized-nycc-18-743.html","Joker X-Ray MC Supersized (NYCC '18) - DESIGNER TOY.jpeg"
"87","Mc Supersized LA - Black & Gold","items/mc-supersized-la-black-gold-518.html","Mc Supersized LA - Black & Gold - DESIGNER TOY-2.jpeg"
"88","MC Supersized - LA X-Ray (DCon '18)","items/la-x-ray-mc-supersized-dcon-18-294.html","LA X-Ray MC Supersized (DCon '18) - DESIGNER TOY.jpeg"
"89","MC Supersized - Monochrome","items/mc-supersized-mono-692.html","MC Supersized - Mono - DESIGNER TOY.jpeg"
"90","MC Supersized - Navy (Whiz Exclusive)","items/navy-mc-supersized-whiz-exclusive-944.html","Navy MC Supersized (Whiz Exclusive) - DESIGNER TOY-3.jpeg"
"91","MC Supersized NY - X-Ray Black & Gold","items/x-ray-mc-supersized-ny-black-gold-763.html","X-Ray Mc Supersized NY - Black & Gold - DESIGNER TOY.jpeg"
"92","MC Supersized - Orange (TTF '17)","items/orange-mc-supersized-ttf-17-575.html","Orange Mc Supersized (TTF '17) - DESIGNER TOY.jpeg"
"93","Mc Supersized - Orange GID","items/mc-supersized-orange-gid-561.html","Mc Supersized - Orange GID - DESIGNER TOY.jpeg"
"94","MC Supersized - Orange Glitter (SDCC : 2017)","items/orange-glitter-mc-supersized-sdcc-2017-343.html","Orange Glitter MC Supersized (SDCC 2017) - DESIGNER TOY.jpeg"
"95","MC Supersized - Original","items/mc-supersized-original-590.html","MC Supersized - Original - DESIGNER TOY.jpeg"
"96","MC Supersized - Philippines","items/mc-supersized-philippines-158.html","MC Supersized Philippines - DESIGNER TOY.jpeg"
"97","MC Supersized - Pink Glitter (SDCC : 2017)","items/pink-glitter-mc-supersized-sdcc-2017-719.html","Pink Glitter MC Supersized (SDCC 2017) - DESIGNER TOY-2.jpeg"
"98","MC Supersized - Platinum","items/mc-supersized-platinum-599.html","MC Supersized PLATINUM - DESIGNER TOY.jpeg"
"99","Mc Supersized - Porcelain","items/mc-supersized-porcelain-1038.html","Mc Supersized - Porcelain.webp"
"100","Mc Supersized - Porcelain Black & White","items/mc-supersized-porcelain-black-white-433.html","Mc Supersized - Porcelain BlackWhite - DESIGNER TOY.jpeg"
"101","MC Supersized - Purple & Green","items/purple-green-mc-supersized-393.html","Purple & Green MC Supersized - DESIGNER TOY.jpeg"
"102","MC Supersized - Purple Flocked","items/purple-flocked-mc-supersized-790.html","Purple Flocked MC Supersized - DESIGNER TOY.jpeg"
"103","MC Supersized - RCNSTRCT Studio (Black Sparkle)","items/mc-supersized-rcnstrct-studio-black-sparkle-969.html","MC Supersized RCNSTRCT Studio (Black Sparkle) - DESIGNER TOY.jpeg"
"104","MC Supersized - Red Glitter (Hong Kong Toysoul Exclusive)","items/mc-supersized-red-glitter-hong-kong-toysoul-exclusive-946.html","MC Supersized Red Glitter (Hong Kong Toysoul Exclusive) - DESIGNER TOY.jpeg"
"105","MC Supersized - Red Glitter (SDCC : 2017)","items/red-glitter-mc-supersized-sdcc-2017-28.html","Red Glitter MC Supersized (SDCC 2017) - DESIGNER TOY.jpeg"
"106","MC Supersized - Royalex 帝銀 Exclusive","items/mc-supersized-royalex-exclusive-249.html","MC Supersized Royalex å¸éŠ€ Exclusive - DESIGNER TOY.jpeg"
"107","Mc Supersized - Silver Glitter","items/mc-supersized-silver-glitter-563.html","Mc Supersized - Silver Glitter - DESIGNER TOY.jpeg"
"108","MC Supersized Silver Glitter (LGND8 Exclusive)","items/mc-supersized-silver-glitter-lgnd8-exclusive-891.html","MC Supersized Silver Glitter (LGND8 Exclusive) - DESIGNER TOY-2.jpeg"
"109","Mc Supersized - Skull GID","items/mc-supersized-skull-gid-886.html","Mc Supersized Skull GID - DESIGNER TOY.jpeg"
"110","MC Supersized Skull - Groovy","items/4-groovy-mc-supersized-skull-164.html","4 Groovy Mc Supersized (Skull) - DESIGNER TOY-2.jpeg"
"111","Mc Supersized Skull - White","items/mc-supersized-skull-white-986.html","Mc Supersized Skull White - DESIGNER TOY-2.jpeg"
"112","Mc Supersized Skull - Yellow","items/mc-supersized-skull-yellow-610.html","Mc Supersized Skull Yellow - DESIGNER TOY.jpeg"
"113","MC Supersized - White Flocked","items/mc-supersized-white-flocked-1028.html","MC Supersized - White Flocked - DESIGNER TOY.jpeg"
"114","MC Supersized - Wood (DCon '19)","items/wooden-mc-supersized-dcon-19-425.html","Wooden Mc Supersized (DCon '19) - DESIGNER TOY.jpeg"
"115","MC Supersized - Xmas (2007) - Green","items/mc-supersized-xmas-2007-green-598.html","MC Supersized Xmas (2007) - Green - DESIGNER TOY.jpeg"
"116","Mc Supersized - Xray","items/mc-supersized-xray-6th-679.html","Mc Supersized XRay - 6th.webp"
"117","MC Supersized -X-Ray 1st Edition","items/x-ray-mc-supersized-1st-edition-259.html","X-Ray MC Supersized - 1st Edition - DESIGNER TOY.jpeg"
"118","MC Supersized - X-RAY 2016 New Year Set - Red Lame","items/x-ray-mc-super-sized-2016-new-year-set-red-lame-199.html","X-RAY MC SUPER SIZED 2016 NEW YEAR SET - red Lame - DESIGNER TOY.jpeg"
"119","MC Supersized -X-Ray 5th Edition Vol.1","items/x-ray-mc-supersized-5th-edition-vol-1-1077.html","X-Ray Mc Supersized - 5th Edition Vol.1 - DESIGNER TOY.jpeg"
"120","MC Supersized -X-Ray 5th Edition Vol.2","items/x-ray-mc-supersized-5th-edition-vol-2-155.html","X-Ray Mc Supersized - 5th Edition Vol.2 - DESIGNER TOY.jpeg"
"121","MC Supersized XRay - Black","items/mc-supersized-xray-black-948.html","MC Supersized XRay - Black - DESIGNER TOY.jpeg"
"122","MC Supersized - X-Ray Blue Burgers","items/blue-burgers-mc-supersized-xray-885.html","Blue Burgers MC Supersized XRay - DESIGNER TOY.jpeg"
"123","MC Supersized XRay - Burgers","items/mc-supersized-xray-burgers-157.html","MC Supersized XRay - Burgers.webp"
"124","MC Supersized XRay - Burgers (Devil)","items/mc-supersized-xray-burgers-devil-1042.html","MC Supersized XRay - Burgers (Devil) - DESIGNER TOY.jpeg"
"125","MC Supersized - X-Ray CA","items/x-ray-mc-supersized-ca-616.html","X-Ray Mc Supersized CA - DESIGNER TOY.jpeg"
"126","MC Supersized XRay - Clear Orange","items/mc-supersized-xray-clear-orange-389.html","MC Supersized XRay - Clear Orange - DESIGNER TOY.jpeg"
"127","Mc Supersized - X-Ray Darkside (Lucky-X Bag 2011)","items/x-ray-mc-supersized-darkside-lucky-x-bag-2011-869.html","X-Ray Mc Supersized - Darkside (Lucky-X Bag 2011) - DESIGNER TOY-2.jpeg"
"128","MC Supersized - X-Ray Full Color","items/full-color-mc-supersized-x-ray-749.html","Full Color MC Supersized X-Ray - DESIGNER TOY.jpeg"
"129","MC Supersized - X-Ray Full Color Red Lame","items/x-ray-full-color-red-lame-mcsupersized-815.html","X-Ray Full Color Red Lame McSupersized - DESIGNER TOY.jpeg"
"130","MC Supersized - X-Ray Gold & Red","items/x-ray-mc-supersized-gold-red-600.html","X-Ray MC Supersized - GoldRed - DESIGNER TOY.jpeg"
"131","MC Supersized - X-Ray Gold Rame Full Color","items/gold-rame-full-color-mc-supersized-x-ray-287.html","Gold Rame Full Color MC Supersized X-Ray - DESIGNER TOY.jpeg"
"132","MC Supersized XRay - Halloween Orange","items/mc-supersized-xray-halloween-orange-112.html","MC Supersized XRay - Halloween Orange - DESIGNER TOY.jpeg"
"133","MC Supersized - X-Ray Halloween White","items/halloween-white-mc-supersized-x-ray-624.html","Halloween White MC Supersized X-Ray - DESIGNER TOY.jpeg"
"134","MC Supersized X-Ray - Hamberger White","items/mc-supersized-x-ray-humberger-white-596.html","MC Supersized X-Ray - Humberger White - DESIGNER TOY.jpeg"
"135","MC Supersized - X-Ray Limited MINDstyle Color (Thailand Toy Expo: 2015 Exclusive)","items/x-ray-mc-supersized-limited-mindstyle-color-thailand-toy-expo-2015-exclusive-848.html","X-RAY MC SUPERSIZED - LIMITED MINDstyle COLOR ( Thailand Toy Expo 2015 Exclusive ) - DESIGNER TOY.jpeg"
"136","MC Supersized - X-Ray Metallic","items/x-ray-mc-supersized-metallic-789.html","X-Ray Mc Supersized - Metallic.webp"
"137","MC Supersized - X-Ray Vintage","items/x-ray-mc-supersized-vintage-471.html","X-Ray Mc Supersized - Vintage.webp"
"138","MC Supersized - Yellow","items/mc-supersized-yellow-623.html","MC Supersized - Yellow - DESIGNER TOY.jpeg"
"139","MC Supersized - Yellow","items/mc-supersized-yellow-97.html","MC Supersized - Yellow - DESIGNER TOY.jpeg"
"140","MC X-Ray Mega GID","items/x-ray-mc-mega-gid-1045.html","X-Ray MC Mega GID - DESIGNER TOY.jpeg"
"141","MC X-Ray - Tiger Blood","items/tiger-blood-mc-x-ray-77.html","Tiger Blood Mc X-Ray - DESIGNER TOY.jpeg"
"142","MC X-Ray - Turquoise","items/turquoise-xray-mc-528.html","Turquoise XRay MC - DESIGNER TOY.jpeg"
"143","Mighty MC","items/mighty-mc-776.html","Mighty MC - DESIGNER TOY.jpeg"
"144","Mousezilla - MC","items/mc-mousezilla-132.html","MC Mousezilla - DESIGNER TOY.jpeg"
"145","OG Evil MC","items/og-evil-mc-535.html","OG Evil MC - DESIGNER TOY-2.jpeg"
"146","Shocking Sunflower - Charlie Grin MC","items/m-c-charlie-grin-768.html","MC Charlie Grin - DESIGNER TOY.jpeg"
"147","Young MC OG","items/og-young-mc-201.html","OG Young MC - DESIGNER TOY.jpeg"
