"Title","ItemPage","Categories"
"Shocking Sunflower - Charlie Grin Lightning Zest (+NFT)","items/lightning-zest-charlie-grin-sunflower-nft-141.html","Sunflower | Charlie Grin"
"Shocking Sunflower - Charlie Grin MC","items/m-c-charlie-grin-768.html","MC | Sunflower | Charlie Grin"
"Telegrinnie Sunflower - Red","items/po-telegrinnies-sunflowers-765.html","Telegrinnie | Sunflower"
"Telegrinnie Sunflowers - Dipsy","items/dipsy-telegrinnies-sunflowers-3.html","Telegrinnie | Sunflower"
"Shocking Sunflower - Charlie Grin (Bone)","items/charlie-grin-shocking-sunflower-bone-281.html","Sunflower | Charlie Grin"
"Telegrinnie Sunflower - Laa-Laa","items/laa-laa-telegrinnies-sunflowers-8.html","Telegrinnie | Sunflower"
"Telegrinnie Sunflower - Miami Blue","items/miami-blue-telegrinnies-sunflowers-672.html","Telegrinnie | Sunflower"
"Shocking Sunflower - Charlie Grin (Silver)","items/charlie-grin-shocking-sunflower-silver-1.html","Sunflower | Charlie Grin"
"Telegrinnie Sunflower - Miami Pink","items/miami-pink-telegrinnies-sunflowers-663.html","Telegrinnie | Sunflower"
"Telegrinnie Sunflower - Tinky Winky","items/tinky-winky-telegrinnies-sunflowers-876.html","Telegrinnie | Sunflower"
"Shocking Sunflower - Charlie Grin Electric Strawberry (+NFT)","items/electric-strawberry-charlie-grin-sunflower-nft-1009.html","Sunflower | Charlie Grin"
