"ItemNumber","Title","PageCategory","ImageFilenameText","ItemUrl"
"16","Monkey Joseph (Drawing)","ORIGINAL ART","Monkey Joseph (Drawing)-Ron English-VPwPHt4nA5lynU","https://www.trampt.com/item/monkey-joseph-drawing-ron-english-mixed-media-oB6MyKZ-WufucP"
"26","DINOGRENADE","ORIGINAL ART","DINOGRENADE-Ron English-Oil","https://www.trampt.com/item/dinogrenade-ron-english-oil-qqHJorb7qMsnA3"
"33","Brute","ORIGINAL ART","Brute-Ron English-HsrAjQOqkpnLpC","https://www.trampt.com/item/brute-ron-english-paper-drawing-74yHIW3xvi46nX"
"37","Charlie Grin Turnaround Sketches","ORIGINAL ART","Charlie Grin Turnaround Sketches-Ron English-Ink","https://www.trampt.com/item/charlie-grin-turnaround-sketches-ron-english-ink-fd3R4wpXynQYt-"
"43","Kaiju Clown (Drawing)","ORIGINAL ART","Kaiju Clown (Drawing)-Ron English-EdSegV8MuorpNJ","https://www.trampt.com/item/kaiju-clown-drawing-ron-english-mixed-media-9Nazuv1dJ3Oizm"
"45","POULTRY REX REVOLUTION","ORIGINAL ART","untitled-Ron English-Oil","https://www.trampt.com/item/poultry-rex-revolution-ron-english-oil-ergypT3SNwqet_"
"47","FAT TONY (LIMITED EDITION OF 30)","CUSTOM TOY","untitled-Ron English-Oil","https://www.trampt.com/item/fat-tony-limited-edition-of-30-ron-english-fat-tony-Wp8noNOAntuHFx"
"49","Grin Reeper Mini","ORIGINAL ART","Grin Reeper Mini-Ron English-GDsehDPjlRP3rE","https://www.trampt.com/item/grin-reeper-mini-ron-english-paper-drawing-4bKBNVYAHu-xr5"
"71","Purple Dinosaurus","ORIGINAL ART","Purple Dinosaurus-Ron English-PHNjENYNUUG9mR","https://www.trampt.com/item/purple-dinosaurus-ron-english-oil-hwoygIYDfH-VD-"
"74","Tyrannosaurus Dick","ORIGINAL ART","Tyrannosaurus Dick-Ron English-LboD0ZQrmHq5Jq","https://www.trampt.com/item/tyrannosaurus-dick-ron-english-paper-drawing-gc7jbaBF42ecsa"
"87","Starskull Flower","ORIGINAL ART","Starskull Flower-Ron English-Ink","https://www.trampt.com/item/starskull-flower-ron-english-ink-A-HUVtPlEs7KaV"
"90","Joe Cancer on Chemo","ORIGINAL ART","Joe Cancer on Chemo-Ron English-m0VfLXyKn7mhhp","https://www.trampt.com/item/joe-cancer-on-chemo-ron-english-paper-drawing-hH5eOAUcWE7GFc"
"91","COMBAT CLASSIC PORTRAIT","ORIGINAL ART","untitled-Ron English-Oil","https://www.trampt.com/item/combat-classic-portrait-ron-english-oil-FymLrNEi91LQzi"
"92","Camo deer with shark","ORIGINAL ART","Camo deer with shark-Ron English-Oil","https://www.trampt.com/item/camo-deer-with-shark-ron-english-oil-E_KafAyehWAxdA"
"94","THE CHASE: TEMPER TOT DINOGRENADE (LIMITED EDITION OF 30)","ORIGINAL ART","untitled-Ron English-Oil","https://www.trampt.com/item/the-chase-temper-tot-dinogrenade-limited-edition-of-30-ron-english-oil-BFO0uD383Vpxvo"
"101","D'oh! Boy - Heart In Hand","CUSTOM TOY","Doh Boy - Heart In Hand-Ron English-Doh Boy","https://www.trampt.com/item/doh-boy-heart-in-hand-ron-english-doh-boy-TiSjuJgClkMP8V"
"103","ADTAGGED","CUSTOM TOY","untitled-Ron English-AT-AT","https://www.trampt.com/item/adtagged-ron-english-at-at-AoSWmJYyHxv6ff"
"113","Duck Mermaid (Drawing)","ORIGINAL ART","Duck Mermaid (Drawing)-Ron English-EYauprCFyIH2oL","https://www.trampt.com/item/duck-mermaid-drawing-ron-english-mixed-media-sMgcsW0ilZ6Ej9"
"116","SOUTH AMERICAN BUTTERFLY","ORIGINAL ART","untitled-Ron English-Oil","https://www.trampt.com/item/south-american-butterfly-ron-english-oil-vG9PLc8eIOOoxM"
"129","Bad Man and Sidekick","ORIGINAL ART","Bad Man and Sidekick-Ron English-j5-R3ZH4dPaf-B","https://www.trampt.com/item/bad-man-and-sidekick-ron-english-paper-drawing-UejsFBsfDcQBw1"
"130","Little Bigfoot - Green","CUSTOM TOY","Little Bigfoot - Green-Ron English-Little Bigfoot","https://www.trampt.com/item/little-bigfoot-green-ron-english-little-bigfoot-Y5tTtc6HPkaqK0"
"156","Elefanka on her High Horse","ORIGINAL ART","Elefanka on her High Horse-Ron English-LhFWwZ6KKsnay4","https://www.trampt.com/item/elefanka-on-her-high-horse-ron-english-paper-drawing-epJ8wTHFIb5AFf"
"163","Rabbit Flower (Drawing)","ORIGINAL ART","Rabbit Flower (Drawing)-Ron English-kSpYpSAytWQ0lV","https://www.trampt.com/item/rabbit-flower-drawing-ron-english-mixed-media-rM1eis0KaHF-v4"
"167","Fat Bart","ORIGINAL ART","Fat Bart-Ron English-Ink","https://www.trampt.com/item/fat-bart-ron-english-ink-gAA6ey3ukmi0om"
"168","Little Bigfoot - Purple Rainbow","CUSTOM TOY","Little Bigfoot - Purple Rainbow-Ron English-Little Bigfoot","https://www.trampt.com/item/little-bigfoot-purple-rainbow-ron-english-little-bigfoot-_Dx0Jl11KfPyTN"
"169","BIGFOOT FATHER TOURIST (NFS)","ORIGINAL ART","untitled-Ron English-Fiberglass  Hair","https://www.trampt.com/item/bigfoot-father-tourist-nfs-ron-english-fiberglass-and-hair-QFaNFJDqIe78sm"
"171","Comic house block party","ORIGINAL ART","Comic house block party-Ron English-Oil","https://www.trampt.com/item/comic-house-block-party-ron-english-oil-7TiReiyHWUyKhM"
"174","Fauxy Fox","ORIGINAL ART","Fauxy Fox-Ron English-fFLXXw1-Qh5OcL","https://www.trampt.com/item/fauxy-fox-ron-english-paper-drawing-0fbb4hM0X174LS"
"176","The Ugliest Man in the Universe (Drawing)","ORIGINAL ART","The Ugliest Man in the Universe (Drawing)-Ron English-4pI-PseersMCke","https://www.trampt.com/item/the-ugliest-man-in-the-universe-drawing-ron-english-mixed-media-VUEvVNkulrc2KC"
"177","MONARCH ELEPHANT","ORIGINAL ART","untitled-Ron English-Oil","https://www.trampt.com/item/monarch-elephant-ron-english-oil-IE5F70P2jZADi1"
"179","Metallica Dots","ORIGINAL ART","Metallica Dots-Ron English-2AyWXRNQW4HlHl","https://www.trampt.com/item/metallica-dots-ron-english-oil-y5DKhKGG3Bndel"
"181","Montana Mouse (Drawing)","ORIGINAL ART","Montana Mouse (Drawing)-Ron English-smMPj5 6bMYoGQ","https://www.trampt.com/item/montana-mouse-drawing-ron-english-mixed-media-AZ73TaRIio4Qal"
"185","LOVE CLOUD","ORIGINAL ART","untitled-Ron English-Oil","https://www.trampt.com/item/love-cloud-ron-english-oil-M9hE01Sp998i3U"
"188","Lil Bigfoot (Drawing)","ORIGINAL ART","Lil Bigfoot (Drawing)-Ron English-m6201TMhzxceMZ","https://www.trampt.com/item/lil-bigfoot-drawing-ron-english-mixed-media-432uNzn5RqLtFo"
"196","Cartoon Guernica Sketch","ORIGINAL ART","Cartoon Guernica Sketch-Ron English-Ink","https://www.trampt.com/item/cartoon-guernica-sketch-ron-english-ink-WlwfWwJpz9gP53"
"197","EUROPEAN CAMO DOE","ORIGINAL ART","untitled-Ron English-Bronze","https://www.trampt.com/item/european-camo-doe-ron-english-bronze-SNER1ZhznRHjYs"
"209","Silver Little Bigfoot","CUSTOM TOY","Silver Little Bigfoot-Ron English-Little Bigfoot-Toy Art Gallery","https://www.trampt.com/item/silver-little-bigfoot-ron-english-little-bigfoot-JqEJtJpD9UQrUp"
"210","MODZILLA CUSTOM C","CUSTOM TOY","Modzilla Custom-Ron English-Modzilla","https://www.trampt.com/item/modzilla-custom-c-ron-english-modzilla-vJou9zTIKWxUwR"
"213","Green LITTLE BIGFOOT","CUSTOM TOY","Green LITTLE BIGFOOT-Ron English-Little Bigfoot-Toy Art Gallery","https://www.trampt.com/item/green-little-bigfoot-ron-english-little-bigfoot-lV6_LDBmwnyQb4"
"224","Jasper Johns is on the Money","ORIGINAL ART","Jasper Johns is on the Money-Ron English-86NnQMKzROdJwe","https://www.trampt.com/item/jasper-johns-is-on-the-money-ron-english-paper-ink-watercolor-pen-gzcEAC6yaNjDh1"
"227","Cereal Killer: Sugar Diabetic Bear Sketch","ORIGINAL ART","Cereal Killer Sugar Diabetic Bear Sketch-Ron English-Ink","https://www.trampt.com/item/cereal-killer-sugar-diabetic-bear-sketch-ron-english-ink-Gxu_8ZR5jQEtFC"
"234","The artist's house","ORIGINAL ART","The artists house-Ron English-Oil","https://www.trampt.com/item/the-artists-house-ron-english-oil-k0MOvJq-FSQc2_"
"237","Heart Brain - Orange Glow","CUSTOM TOY","Heart Brain - Orange Glow-Ron English-Heart Brain","https://www.trampt.com/item/heart-brain-orange-glow-ron-english-heart-brain-oigYc3-M0S2bA9"
"241","RON ENGLISH GIANT TED 1","CUSTOM TOY","RON ENGLISH GIANT TED 1-Ron English-Ted","https://www.trampt.com/item/ron-english-giant-ted-1-ron-english-ted-_iBQQ4XXnrjo6U"
"243","CLOUD DEER","ORIGINAL ART","untitled-Ron English-Oil","https://www.trampt.com/item/cloud-deer-ron-english-oil-Qh1CixaQA8uOa_"
"245","Techno Kitty Character Sketches","ORIGINAL ART","Techno Kitty Character Sketches-Ron English-Ink","https://www.trampt.com/item/techno-kitty-character-sketches-ron-english-ink-q_Nrwp-GA081Gw"
"247","Heart Skull Sketch","ORIGINAL ART","Heart Skull Sketch-Ron English-Ink","https://www.trampt.com/item/heart-skull-sketch-ron-english-ink-5EsZfqKupKFeWY"
"252","URBAN BIG FOOT CUSTOM B","CUSTOM TOY","URBAN BIG FOOT CUSTOM B-Ron English-Urban Bigfoot","https://www.trampt.com/item/urban-big-foot-custom-b-ron-english-urban-bigfoot-RrO5QFmEmDmmhE"
"253","Texas Cartoon Cowgirl","ORIGINAL ART","Texas Cartoon Cowgirl-Ron English-Mixed Media","https://www.trampt.com/item/texas-cartoon-cowgirl-ron-english-mixed-media-_lxi2mZSd1aVd5"
"254","Camo deer in spring bloom","ORIGINAL ART","Camo deer in spring bloom-Ron English-Oil","https://www.trampt.com/item/camo-deer-in-spring-bloom-ron-english-oil-JCvDzj5RIGudjq"
"256","Mona Grin 2","CUSTOM TOY","Mona Grin 2-Ron English-Mona Lisa Grin","https://www.trampt.com/item/mona-grin-2-ron-english-mona-lisa-grin-dUBpKLjtdSUEXC"
"261","Heart Skull - Transparent Blue","CUSTOM TOY","Heart Skull - Transparent Blue-Ron English-Heart Skull-Self-produced","https://www.trampt.com/item/heart-skull-transparent-blue-ron-english-heart-skull-Xm70BttajXLfBF"
"263","Golden Little Bigfoot","CUSTOM TOY","Golden Little Bigfoot-Ron English-Little Bigfoot-Toy Art Gallery","https://www.trampt.com/item/golden-little-bigfoot-ron-english-little-bigfoot-E3NfhopV_DJsAD"
"267","Zephyr Zelephant","ORIGINAL ART","Zephyr Zelephant-Ron English-gUELBzeJ21x0o0","https://www.trampt.com/item/zephyr-zelephant-ron-english-paper-drawing-dKMN-nmY2c4Y2P"
"268","RON ENGLISH GIANT SCRATCH 2","CUSTOM TOY","RON ENGLISH GIANT SCRATCH 2-Ron English-Scratch","https://www.trampt.com/item/ron-english-giant-scratch-2-ron-english-scratch-OMN3oY48fuXCkb"
"269","Godzilla Portal","ORIGINAL ART","GODZILLA PORTAL-Ron English-oil on canvas","https://www.trampt.com/item/godzilla-portal-ron-english-oil-rGzlj8AXjcicvi"
"270","Graff Mousemask (Drawing)","ORIGINAL ART","Graff Mousemask (Drawing)-Ron English-dd5C1nMww4aRBu","https://www.trampt.com/item/graff-mousemask-drawing-ron-english-mixed-media-U3fhd7QKVr3gSo"
"276","Werewool","ORIGINAL ART","Werewool-Ron English-Oil","https://www.trampt.com/item/werewool-ron-english-oil-cRzQ8DBj7KP1av"
"277","Mousemask Murphy in Airplane Turnaround Sketches","ORIGINAL ART","Mousemask Murphy in Airplane Turnaround Sketches-Ron English-Ink","https://www.trampt.com/item/mousemask-murphy-in-airplane-turnaround-sketches-ron-english-ink-ceBcnQsbfc-SLO"
"280","Crystal Telegriny","CUSTOM TOY","Crystal Telegriny-Ron English-Telegrinnies","https://www.trampt.com/item/crystal-telegriny-ron-english-telegrinnies-DpSCxsJ1dBAdND"
"284","Heart Brain - Purple Heart","CUSTOM TOY","Heart Brain - Purple Heart-Ron English-Heart Brain","https://www.trampt.com/item/heart-brain-purple-heart-ron-english-heart-brain-RUX0o0PHLlcgpG"
"290","Gridiron (Drawing)","ORIGINAL ART","Gridiron (Drawing)-Ron English--DbMa 92YdOYry","https://www.trampt.com/item/gridiron-drawing-ron-english-mixed-media-tZ661fUKaguoLy"
"292","Heart Skull - Transparent Yellow with Brain","CUSTOM TOY","Heart Skull - Transparent Yellow with Brain-Ron English-Heart Skull-Self-produced","https://www.trampt.com/item/heart-skull-transparent-yellow-with-brain-ron-english-heart-skull-CKYloLzrlfi_WS"
"300","Alfred E. Newman Skull","ORIGINAL ART","Alfred E Newman Skull-Ron English-Ink","https://www.trampt.com/item/alfred-e-newman-skull-ron-english-ink-ag067qLEdu-xEh"
"311","Cereal Killer: Coco Paunch Sketch","ORIGINAL ART","Cereal Killer Coco Paunch Sketch-Ron English-Ink","https://www.trampt.com/item/cereal-killer-coco-paunch-sketch-ron-english-ink-9iUTAIN9zuPTGC"
"312","Camo deer in early spring","ORIGINAL ART","Camo deer in early spring-Ron English-Oil","https://www.trampt.com/item/camo-deer-in-early-spring-ron-english-oil-Mtq4y76Pl2-ROG"
"337","D'oh! Boy - Neon Yellow Swirl","CUSTOM TOY","Doh Boy - Neon Yellow Swirl-Ron English-Doh Boy","https://www.trampt.com/item/doh-boy-neon-yellow-swirl-ron-english-doh-boy-uMYO3prKv30XEE"
"351","Guernica Trilogy","ORIGINAL ART","Guernica Trilogy-Ron English-Mixed Media","https://www.trampt.com/item/guernica-trilogy-ron-english-mixed-media-rJyAzY2O32Mi4m"
"352","Tricky","ORIGINAL ART","Tricky-Ron English-Ink","https://www.trampt.com/item/tricky-ron-english-ink-U-KJZUK6jl4Cu9"
"356","Cereal Killer: Cap'n Cornstarch Sketch","ORIGINAL ART","Cereal Killer Capn Cornstarch Sketch-Ron English-Ink","https://www.trampt.com/item/cereal-killer-capn-cornstarch-sketch-ron-english-ink-Ac0WMfDeJoTMEA"
"357","Cereal Killer: Fructose Peddlers Sketch","ORIGINAL ART","Cereal Killer Fructose Peddlers Sketch-Ron English-Ink","https://www.trampt.com/item/cereal-killer-fructose-peddlers-sketch-ron-english-ink-_QzIZ65Zm-J8ej"
"358","Hand Painted Modzilla","CUSTOM TOY","Hand Painted Modzilla-Ron English-Modzilla","https://www.trampt.com/item/hand-painted-modzilla-ron-english-modzilla-DBUnNtIuxa1zxB"
"359","Lady Lips Kaiju (Drawing)","ORIGINAL ART","Lady Lips Kaiju (Drawing)-Ron English-kO1NEAZ4kEXUuL","https://www.trampt.com/item/lady-lips-kaiju-drawing-ron-english-mixed-media-Gt31u4omznA4lA"
"368","THE CREATION OF APE","ORIGINAL ART","untitled-Ron English-Oil","https://www.trampt.com/item/the-creation-of-ape-ron-english-oil-gAsUoGIXRB1NbL"
"380","Grin Polka Tile Painting","ORIGINAL ART","Grin Polka Tile Painting-Ron English-Mixed Media","https://www.trampt.com/item/grin-polka-tile-painting-ron-english-mixed-media-9UTghBuwY0ZsSo"
"382","Backyard soldiers","ORIGINAL ART","Backyard soldiers-Ron English-Oil","https://www.trampt.com/item/backyard-soldiers-ron-english-oil-_TDPJP1zXgMlyJ"
"398","Grin Reeper","ORIGINAL ART","Grin Reeper-Ron English-PHOIqTrXJTmDKz","https://www.trampt.com/item/grin-reeper-ron-english-paper-drawing-tGAlFjh8bzpVBg"
"402","CHIHUAHUA REX","ORIGINAL ART","untitled-Ron English-Oil","https://www.trampt.com/item/chihuahua-rex-ron-english-oil-joUaZyggtFmmAT"
"406","Big Boner Sketch","ORIGINAL ART","Big Boner Sketch-Ron English-Ink","https://www.trampt.com/item/big-boner-sketch-ron-english-ink-YZ0rZDbufNAu9a"
"407","Little Bigfoot - Pink with Orange Face","CUSTOM TOY","Little Bigfoot - Pink with Orange Face-Ron English-Little Bigfoot","https://www.trampt.com/item/little-bigfoot-pink-with-orange-face-ron-english-little-bigfoot-91HTB2HVPbQg0-"
"412","ZELEPHANT","ORIGINAL ART","untitled-Ron English-Ink","https://www.trampt.com/item/zelephant-ron-english-oil-qrQKIs_s2GE95r"
"413","TWO TON SAM (LIMITED EDITION OF 30)","CUSTOM TOY","untitled-Ron English-Temper Tot","https://www.trampt.com/item/two-ton-sam-limited-edition-of-30-ron-english-two-ton-sam-UJkNLAXOm7X2X0"
"414","Paws Profile (Drawing)","ORIGINAL ART","Paws Profile (Drawing)-Ron English-sRpvQjaX-eIa7K","https://www.trampt.com/item/paws-profile-drawing-ron-english-mixed-media-QahSliLGjWSoxm"
"415","MC Supersized - Original 36""","ORIGINAL ART","MC Supersized - Original 36-Ron English-MC Supersized-Self-produced","https://www.trampt.com/item/mc-supersized-original-36-ron-english-fiberglass-OpByXGk-6SwuL8"
"418","Heart Skull - Purple Glitter","CUSTOM TOY","Heart Skull - Purple Glitter-Ron English-Heart Skull","https://www.trampt.com/item/heart-skull-purple-glitter-ron-english-heart-skull-6PRR09wwQABaFW"
"429","Crystal Lady Lips","CUSTOM TOY","Crystal Lady Lips-Ron English-Lady Lips-self-produced","https://www.trampt.com/item/crystal-lady-lips-ron-english-lady-lips-OCNn5Xlfm8T_9C"
"434","Mad Mickey Grin","ORIGINAL ART","Mad Mickey Grin-Ron English-99PMb3xCG9ZUUu","https://www.trampt.com/item/mad-mickey-grin-ron-english-paper-drawing-Bg1IWkNW0EXr5R"
"437","CLOWN SCHOOL","ORIGINAL ART","untitled-Eine Ben Flynn-Stenciled Spray Paint","https://www.trampt.com/item/clown-school-ron-english-oil-g4EgmT75qx1wzO"
"442","D'oh! Boy - Metallic Drip","CUSTOM TOY","Doh Boy - Metallic Drip-Ron English-Doh Boy","https://www.trampt.com/item/doh-boy-metallic-drip-ron-english-doh-boy-86w-I6wQuFhm_O"
"444","100% Bearbrick x RonEnglish DCon 2025","CUSTOM TOY","100 Bearbrick x RonEnglish DCon 2025-Scott Tolleson-Bearbrick-zOlewHVavXMjql","https://www.trampt.com/item/100-bearbrick-x-ronenglish-dcon-2025-ron-english-bearbrick-5aKs1cWTQjYYOA"
"449","Mona Grin 1","CUSTOM TOY","Mona Grin 1-Ron English-Mona Lisa Grin","https://www.trampt.com/item/mona-grin-1-ron-english-mona-lisa-grin-XkMxZqbjxB-biN"
"450","Big Eye Marilyn","ORIGINAL ART","Big Eye Marilyn-Ron English-Mixed Media","https://www.trampt.com/item/big-eye-marilyn-ron-english-mixed-media-G7dkp47UW_TiSI"
"462","84"" Black Starskull Walkimg Stick","CUSTOM TOY","84 Black Starskull Walkimg Stick-Ron English-Star Skull Walking Stick-exG5RcZ7xKUuvJ","https://www.trampt.com/item/84-black-starskull-walkimg-stick-ron-english-star-skull-walking-stick-jG6JoV1qw7c-_t"
"468","Eyeball DNA Dock (Drawing)","ORIGINAL ART","Eyeball DNA Dock (Drawing)-Ron English-U9KkS Eg5 2ymv","https://www.trampt.com/item/eyeball-dna-dock-drawing-ron-english-mixed-media-Y_MSG6Ta1YGje7"
"470","Lucy Dissect","ORIGINAL ART","Lucy Dissect-Ron English-Oil","https://www.trampt.com/item/lucy-dissect-ron-english-oil-vMalZi84T5bGwz"
"472","Plaid Tile Dead Toy Soldier Painting (Blue)","ORIGINAL ART","Plaid Tile Dead Toy Soldier Painting Blue-Ron English-Mixed Media","https://www.trampt.com/item/plaid-tile-dead-toy-soldier-painting-blue-ron-english-mixed-media-u1QvdTAV8dSk9F"
"476","Cereal Killer: Fruit Looped Sketch","ORIGINAL ART","Cereal Killer Fruit Looped Sketch-Ron English-Ink","https://www.trampt.com/item/cereal-killer-fruit-looped-sketch-ron-english-ink-3yajc15DajfavU"
"479","Demon Frankenstein Kaiju","ORIGINAL ART","Demon Frankenstein Kaiju-Ron English-Ink","https://www.trampt.com/item/demon-frankenstein-kaiju-ron-english-ink-Cgr-q2jgAIrtBR"
"491","Plaid Tile Dead Toy Soldier Painting (Green)","ORIGINAL ART","Plaid Tile Dead Toy Soldier Painting Green-Ron English-Mixed Media","https://www.trampt.com/item/plaid-tile-dead-toy-soldier-painting-green-ron-english-mixed-media-pVw2I6yHDwZEpj"
"494","Funko Grin Proto","CUSTOM TOY","Funko Grin Proto-Ron English-Funko Grin-fuTGnFxMLGwOn8","https://www.trampt.com/item/funko-grin-proto-ron-english-funko-grin-laLAl-JVo2J4DG"
"497","URBAN BIG FOOT CUSTOM A","CUSTOM TOY","URBAN BIG FOOT CUSTOM A-Ron English-URBAN BIGFOOT","https://www.trampt.com/item/urban-big-foot-custom-a-ron-english-urban-bigfoot-O6x5jQxZLHt5YX"
"498","MONARCH ELEPHANT PROFILE","ORIGINAL ART","untitled-Ron English-Oil","https://www.trampt.com/item/monarch-elephant-profile-ron-english-oil-tnBRkxLAuhjR8J"
"499","Big Yang & The Yang Bangers Turnaround Sketch","ORIGINAL ART","Big Yang  The Yang Bangers Turnaround Sketch-Ron English-Ink","https://www.trampt.com/item/big-yang-and-the-yang-bangers-turnaround-sketch-ron-english-ink-33D_IMKGgMV-17"
"517","EUROPEAN CAMO STAG","ORIGINAL ART","untitled-Ron English-Two Ton Sam","https://www.trampt.com/item/european-camo-stag-ron-english-bronze-XqKvoi4rL5tgoL"
"521","Hand Painted Modzilla","CUSTOM TOY","untitled-Ron English-Modzilla-Toy Art Gallery","https://www.trampt.com/item/hand-painted-modzilla-ron-english-modzilla-D3rdnIqYc2YO9C"
"523","Heart Skull - Camo Brain","CUSTOM TOY","Heart Skull - Camo Brain-Ron English-Heart Skull","https://www.trampt.com/item/heart-skull-camo-brain-ron-english-heart-skull-OohUopfscBAKrB"
"526","MODZILLA CUSTOM B","CUSTOM TOY","Modzilla Custom-Ron English-Modzilla","https://www.trampt.com/item/modzilla-custom-b-ron-english-modzilla-pE238rr3U_cx2E"
"530","RON ENGLISH GIANT TED 2","CUSTOM TOY","RON ENGLISH GIANT TED 2-Ron English-Ted","https://www.trampt.com/item/ron-english-giant-ted-2-ron-english-ted-VTCUVat-gEHffh"
"534","Rodent Grin - Mono & Silver","CUSTOM TOY","Rodent Grin - Mono  Silver-Ron English-Rodent Grin- MPdHMDOLl-DwV","https://www.trampt.com/item/rodent-grin-mono-and-silver-ron-english-rodent-grin-yPe9RBb7Iusd4m"
"537","Santa Flower (Drawing)","ORIGINAL ART","Santa Flower (Drawing)-Ron English- MnRALDHyefgFu","https://www.trampt.com/item/santa-flower-drawing-ron-english-mixed-media-Fr0SoENFy5HUwe"
"538","Mousemask graveyard","ORIGINAL ART","Mousemask graveyard-Ron English-Oil","https://www.trampt.com/item/mousemask-graveyard-ron-english-oil-y-4xCUauerpu7L"
"550","Classic Big Poppa","CUSTOM TOY","Classic Big Poppa-Ron English-Big Poppa-Clutter Studios","https://www.trampt.com/item/classic-big-poppa-ron-english-big-poppa-CFyE6yhtfm9d2u"
"552","CATHY COWGIRL - PINK (LIMITED EDITION OF 30)","CUSTOM TOY","untitled-Ron English-Fat Tony","https://www.trampt.com/item/cathy-cowgirl-pink-limited-edition-of-30-ron-english-cathy-cowgirl-MiYsIopAGY2UiH"
"554","Figment Bust Turnaround Sketches","ORIGINAL ART","Figment Bust Turnaround Sketches-Ron English-Ink","https://www.trampt.com/item/figment-bust-turnaround-sketches-ron-english-ink-f38Wnp6geJ8Ja6"
"558","Chrome Rabbbit","CUSTOM TOY","Chrome Rabbbit-Ron English-Rabbbit","https://www.trampt.com/item/chrome-rabbbit-ron-english-rabbbit-NIqQgc8RT9NdqW"
"559","Fruit Looped","ORIGINAL ART","Fruit Looped-Ron English-Ink","https://www.trampt.com/item/fruit-looped-ron-english-ink-U0alGyjymsIj5z"
"565","RAINBOW GIRAFFE","ORIGINAL ART","untitled-Ron English-Oil","https://www.trampt.com/item/rainbow-giraffe-ron-english-oil-yRAPs3PLD35kxw"
"577","Heart Skull - Glitter Purple","CUSTOM TOY","Heart Skull - Glitter Purple-Ron English-Heart Skull-Self-produced","https://www.trampt.com/item/heart-skull-glitter-purple-ron-english-heart-skull-NQE8iAbSkzRYBu"
"584","ALT Football","ORIGINAL ART","ALT Football-Ron English-Ink","https://www.trampt.com/item/alt-football-ron-english-ink-54eD4IyfO4xaBg"
"586","Heart Skull - Glitter Silver","CUSTOM TOY","Heart Skull - Glitter Silver-Ron English-Heart Skull-Self-produced","https://www.trampt.com/item/heart-skull-glitter-silver-ron-english-heart-skull-193QKTALYmeV5l"
"593","FLINTSTONES ORIGIN STORY","ORIGINAL ART","untitled-Ron English-Oil","https://www.trampt.com/item/flintstones-origin-story-ron-english-oil-0jowl0PBfplaai"
"594","MONARCH SHIP","ORIGINAL ART","untitled-Ron English-Oil","https://www.trampt.com/item/monarch-ship-ron-english-oil-3dV1H1Ya33qqzq"
"606","Camo deer in winter","ORIGINAL ART","Camo deer in winter-Ron English-Oil","https://www.trampt.com/item/camo-deer-in-winter-ron-english-oil-cZa49vknDrpokz"
"613","CAMO LIGHT GRENADE","ORIGINAL ART","CAMO LIGHT GRENADE-Ron English-Oil","https://www.trampt.com/item/camo-light-grenade-ron-english-oil-CCtf_zp88X1JMs"
"618","Little Bigfoot - Orange with Blue Face","CUSTOM TOY","Little Bigfoot - Orange with Blue Face-Ron English-Little Bigfoot","https://www.trampt.com/item/little-bigfoot-orange-with-blue-face-ron-english-little-bigfoot-lYVzfTJZaI2VIE"
"632","Jewsus Christ superstar","ORIGINAL ART","Jewsus Christ superstar-Ron English-Oil","https://www.trampt.com/item/jewsus-christ-superstar-ron-english-oil-8jjj9HBJi2cRUP"
"639","Flower Girl (Drawing)","ORIGINAL ART","Flower Girl (Drawing)-Ron English-UmbinnP3igqN 0","https://www.trampt.com/item/flower-girl-drawing-ron-english-mixed-media-hNXGxkgJFVWsEM"
"643","XMas Rabbbit","CUSTOM TOY","XMas Rabbbit-Ron English-Rabbbit","https://www.trampt.com/item/xmas-rabbbit-ron-english-rabbbit-_Vy_CqcXY3gT9-"
"644","Pinocchio Grin Profile","ORIGINAL ART","Pinocchio Grin Profile-Ron English-0bdvPIk-TnY9ie","https://www.trampt.com/item/pinocchio-grin-profile-ron-english-paper-drawing-MHHBG-DXioR5_q"
"645","Lil Bigfoot","ORIGINAL ART","Lil Bigfoot-Ron English-Ink","https://www.trampt.com/item/lil-bigfoot-ron-english-ink-j7ChWasgIJDTmL"
"656","Carrot Man","ORIGINAL ART","Carrot Man-Ron English-QNFJhT1qW OB r","https://www.trampt.com/item/carrot-man-ron-english-paper-drawing-kZyNVekFckzzZh"
"664","Potato Rabbbit in Delusionville","ORIGINAL ART","Potato Rabbbit in Delusionville-Ron English-Zokp GLUn2mx8U","https://www.trampt.com/item/potato-rabbbit-in-delusionville-ron-english-paper-drawing-EswlZZLshLmRj0"
"675","Astro Grin (Drawing)","ORIGINAL ART","Astro Grin (Drawing)-Ron English-XDXuMqGM6F65xZ","https://www.trampt.com/item/astro-grin-drawing-ron-english-mixed-media-eGRm_y_zaIVuQ9"
"678","Action Jackson & Bauhaus","ORIGINAL ART","Action Jackson  Bauhaus-Ron English-Oil","https://www.trampt.com/item/action-jackson-and-bauhaus-ron-english-oil-y11bNLUwpOWd5z"
"695","Teddy Bear Grin (Drawing)","ORIGINAL ART","Teddy Bear Grin (Drawing)-Ron English-vuPtCgB7CbVghD","https://www.trampt.com/item/teddy-bear-grin-drawing-ron-english-mixed-media-Tq751VOUnlkFPn"
"702","MC Supersized Sketch","ORIGINAL ART","MC Supersized Sketch-Ron English-Ink","https://www.trampt.com/item/mc-supersized-sketch-ron-english-ink-KSX2i71GHGAZbU"
"704","Flower Mermaid (Drawing)","ORIGINAL ART","Flower Mermaid (Drawing)-Ron English-POlBOMUHnlYpUj","https://www.trampt.com/item/flower-mermaid-drawing-ron-english-mixed-media-TGbbMvjuZXsDK0"
"711","Pink Mona Lisa Grin","CUSTOM TOY","Pink Mona Lisa Grin-Ron English-Mona Lisa Grin","https://www.trampt.com/item/pink-mona-lisa-grin-ron-english-mona-lisa-grin-lUq36TtT6gzfM7"
"715","D'oh! Boy - Melty Face","CUSTOM TOY","Doh Boy - Melty Face-Ron English-Doh Boy","https://www.trampt.com/item/doh-boy-melty-face-ron-english-doh-boy-UBU-bjmeouOADJ"
"718","Jeremiah Grin","ORIGINAL ART","Jeremiah Grin-Ron English-vVFZ6fUc9eJw8a","https://www.trampt.com/item/jeremiah-grin-ron-english-paper-drawing-6qcy95kEO65QI-"
"724","Turtle & hare hotrod","ORIGINAL ART","Turtle  hare hotrod-Ron English-Oil","https://www.trampt.com/item/turtle-and-hare-hotrod-ron-english-oil-oqFtizHPL6Ra_B"
"725","Heart Brain - Glitter Clear","CUSTOM TOY","Heart Brain - Glitter Clear-Ron English-Heart Brain","https://www.trampt.com/item/heart-brain-glitter-clear-ron-english-heart-brain-vnEuFfNK6XqR0b"
"726","MC Grin","ORIGINAL ART","MC Grin-Ron English-Q Ltu3oa2aqMFb","https://www.trampt.com/item/mc-grin-ron-english-paper-drawing-WJ6bzVcFhNKRRk"
"728","Cereal Killer: Sugar Pow Sketch","ORIGINAL ART","Cereal Killer Sugar Pow Sketch-Ron English-Ink","https://www.trampt.com/item/cereal-killer-sugar-pow-sketch-ron-english-ink-3Gc6VJPuxXahuU"
"733","Rabbit Of Inle","ORIGINAL ART","Rabbit Of Inle-Ron English-Mixed Media","https://www.trampt.com/item/rabbit-of-inle-ron-english-mixed-media-zHwyyZ_uzyEUxf"
"736","MODZILLA CUSTOM A","CUSTOM TOY","Modzilla - Custom Painted-Ron English-Modzilla-Toy Art Gallery","https://www.trampt.com/item/modzilla-custom-a-ron-english-modzilla-r2j9OxoOVJZYDp"
"744","Heart Skull - Transparent Pink Swirl","CUSTOM TOY","Heart Skull - Transparent Pink Swirl-Ron English-Heart Skull-Self-produced","https://www.trampt.com/item/heart-skull-transparent-pink-swirl-ron-english-heart-skull-w0-oZbg4ECY_z_"
"745","Little Bigfoot - Purple with Blue Face","CUSTOM TOY","Little Bigfoot - Purple with Blue Face-Ron English-Little Bigfoot","https://www.trampt.com/item/little-bigfoot-purple-with-blue-face-ron-english-little-bigfoot-u5VHdmPnliN6Qq"
"747","Beau Lief (Drawing)","ORIGINAL ART","Beau Lief (Drawing)-Ron English-j-b89LakcN3Cup","https://www.trampt.com/item/beau-lief-drawing-ron-english-mixed-media-tYLVoGTASKgiZw"
"751","Old Charlie Profile","ORIGINAL ART","Old Charlie Profile-Ron English-YsYhMPZpIZ-Qos","https://www.trampt.com/item/old-charlie-profile-ron-english-paper-drawing-JCbOCajKvPNMrR"
"753","Eminem Grin","ORIGINAL ART","Eminem Grin-Ron English-LW xx8nRJnI0I3","https://www.trampt.com/item/eminem-grin-ron-english-oil-acrylic--4rvPpLpvT8GT5"
"756","Little Bigfoot - Fire","CUSTOM TOY","Little Bigfoot - Fire-Ron English-Little Bigfoot","https://www.trampt.com/item/little-bigfoot-fire-ron-english-little-bigfoot-VBAlNqPNLHnrAf"
"759","Big Duck (Drawing)","ORIGINAL ART","Big Duck (Drawing)-Ron English-nsTc7Jsz1i9MpS","https://www.trampt.com/item/big-duck-drawing-ron-english-mixed-media-0ryhaFaF91OL6z"
"760","Cathy Cowgirl","ORIGINAL ART","Cathy Cowgirl-Ron English-Ink","https://www.trampt.com/item/cathy-cowgirl-ron-english-ink-iKmY3lmZjmKER8"
"791","Forlorn Unicorn","ORIGINAL ART","Forlorn Unicorn-Ron English-MGON1kNFeU1YH5","https://www.trampt.com/item/forlorn-unicorn-ron-english-paper-drawing-TPrv2rH_bQDzh5"
"792","Temper Tot (Drawing)","ORIGINAL ART","Temper Tot (Drawing)-Ron English-USs5Fy0xI8rqHR","https://www.trampt.com/item/temper-tot-drawing-ron-english-mixed-media-W7DmmYmREPXwIW"
"799","Cereal Killer: Tricks the Kids Sketch","ORIGINAL ART","Cereal Killer Tricks the Kids Sketch-Ron English-Ink","https://www.trampt.com/item/cereal-killer-tricks-the-kids-sketch-ron-english-ink-ZvWgCofPdgPpRs"
"800","Camo deer with autumn flowers","ORIGINAL ART","Camo deer with autumn flowers-Ron English-Oil","https://www.trampt.com/item/camo-deer-with-autumn-flowers-ron-english-oil-vqMr84mf03epzG"
"810","The fourth wall","ORIGINAL ART","The fourth wall-Ron English-Oil","https://www.trampt.com/item/the-fourth-wall-ron-english-oil-rryAskGQXWZTqM"
"818","Modzilla Custom","CUSTOM TOY","Modzilla Custom-Ron English-Modzilla","https://www.trampt.com/item/modzilla-custom-ron-english-modzilla-4Vho0a2GvrEeRo"
"824","RHINOCORN","ORIGINAL ART","untitled-Ron English-Oil","https://www.trampt.com/item/rhinocorn-ron-english-oil-S0WA6oUezFGnt5"
"826","Cereal Killer: Yucky Children Charmer Sketch","ORIGINAL ART","Cereal Killer Yucky Children Charmer Sketch-Ron English-Ink","https://www.trampt.com/item/cereal-killer-yucky-children-charmer-sketch-ron-english-ink-GacqkSW8tOnbQa"
"827","Hulkboy Sketch","ORIGINAL ART","Hulkboy Sketch-Ron English-Ink","https://www.trampt.com/item/hulkboy-sketch-ron-english-ink-oleDR-sjcwew4M"
"837","Star Skull","CUSTOM TOY","Star Skull -Ron English eazymaf-Star Skull-FBUIMdqlbbpHb0","https://www.trampt.com/item/star-skull-ron-english-eazymaf-star-skull-mE-q9UScRjfSa-"
"839","Ron English #3","ORIGINAL ART","Ron English 3-Ron English-Mixed Media","https://www.trampt.com/item/ron-english-3-ron-english-mixed-media-86CV3iZeJba4Zj"
"840","Graveyard Guernica Sketches","ORIGINAL ART","Graveyard Guernica Sketches-Ron English-Ink","https://www.trampt.com/item/graveyard-guernica-sketches-ron-english-ink-h_J3mEzrChunSY"
"844","Grin David (Drawing)","ORIGINAL ART","Grin David (Drawing)-Ron English-7FNeGFMVf5ddxt","https://www.trampt.com/item/grin-david-drawing-ron-english-mixed-media-RBUjZ_U0m7u_Nh"
"850","Elefanka on Her High Horse (Drawing)","ORIGINAL ART","Elefanka on Her High Horse (Drawing)-Ron English-6 qXFZkY4qDHlj","https://www.trampt.com/item/elefanka-on-her-high-horse-drawing-ron-english-mixed-media-qZx-u5Mho5KpMk"
"854","Cereal Killer: Franken Fat Sketch","ORIGINAL ART","Cereal Killer Franken Fat Sketch-Ron English-Ink","https://www.trampt.com/item/cereal-killer-franken-fat-sketch-ron-english-ink-hDZBBIX_9yjYFu"
"864","Brown acid trip","ORIGINAL ART","Brown acid trip-Ron English-Oil","https://www.trampt.com/item/brown-acid-trip-ron-english-oil-hq9HqWe4mquSOI"
"868","D'oh! Boy - Traditional","CUSTOM TOY","Doh Boy - Traditional-Ron English-Doh Boy","https://www.trampt.com/item/doh-boy-traditional-ron-english-doh-boy-Fgt7Ztx_vJYzRS"
"874","Combrat carnival","ORIGINAL ART","Combrat carnival-Ron English-Oil","https://www.trampt.com/item/combrat-carnival-ron-english-oil-3E5gdWMDBSKJ82"
"882","Fairy Snail (Drawing)","ORIGINAL ART","Fairy Snail (Drawing)-Ron English-n6 -OrPyQ9XAP8","https://www.trampt.com/item/fairy-snail-drawing-ron-english-mixed-media-fXGP5CzbvFQoGH"
"883","Superman (Badly Drawn)","ORIGINAL ART","Superman Badly Drawn-Ron English-Ink","https://www.trampt.com/item/superman-badly-drawn-ron-english-ink-qKKv-eeWqa6PVc"
"890","Slo Moe Evolution (Drawing)","ORIGINAL ART","Slo Moe Evolution (Drawing)-Ron English-l4eLow IMQaOh4","https://www.trampt.com/item/slo-moe-evolution-drawing-ron-english-mixed-media-zytFEQ7fTO_mqM"
"900","ATATIGER","CUSTOM TOY","untitled-Ron English-AT-AT","https://www.trampt.com/item/atatiger-ron-english-at-at-feDq7bbVBAvM6J"
"921","BIGFOOT CHILD TOURIST (NFS)","ORIGINAL ART","untitled-Ron English-Fiberglass  Hair","https://www.trampt.com/item/bigfoot-child-tourist-nfs-ron-english-fiberglass-and-hair-6fFsokmq713qAp"
"922","Bart English","CUSTOM TOY","Bart English-Ron English-Bart Qee","https://www.trampt.com/item/bart-english-ron-english-bart-qee-Gckxh4vTHd05a5"
"927","MouseMask Murphy - Red","CUSTOM TOY","MouseMask Murphy - Red-Ron English Scott Wilkowski-Mousemask Murphy in Airplane","https://www.trampt.com/item/mousemask-murphy-red-ron-english-scott-wilkowski-mousemask-murphy-in-airplane-1N-tJDS3bmTHAG"
"938","Ron English #1","ORIGINAL ART","Ron English 1-Ron English-Mixed Media","https://www.trampt.com/item/ron-english-1-ron-english-mixed-media-dzJ1-zWlVhkyxL"
"940","Mc Supersized Camo","CUSTOM TOY","untitled-Breakbones-Anatoy","https://www.trampt.com/item/mc-supersized-camo-ron-english-mc-supersized-hI6rGu20BIYsAx"
"942","Liberty Grin - 48""","CUSTOM TOY","Liberty Grin - 48-Ron English-Liberty Grin","https://www.trampt.com/item/liberty-grin-48-ron-english-lady-liberty-grin-UAFMgnYHAD8Jw2"
"943","GIRAFFASAURUS","ORIGINAL ART","untitled-Ron English-Oil","https://www.trampt.com/item/giraffasaurus-ron-english-oil-KcwfKohcjUrTc4"
"956","Crystal-Embellished Gold & Black Big Poppa","CUSTOM TOY","Crystal-Embellished Gold  Black Big Poppa-Ron English-Big Poppa-Clutter Studios","https://www.trampt.com/item/crystal-embellished-gold-and-black-big-poppa-ron-english-big-poppa-ab6jSPbvC1P31O"
"960","Dog Face Shell (Drawing)","ORIGINAL ART","yH5BAEAAAAALAAAAAABAAEAAAIBRAA7","https://www.trampt.com/item/dog-face-shell-drawing-ron-english-mixed-media-MqD0jWggQPX9mg"
"964","SuperFink","CUSTOM TOY","yH5BAEAAAAALAAAAAABAAEAAAIBRAA7","https://www.trampt.com/item/superfink-ron-english-rat-fink-pc-DUO6yd5mz7f"
"966","THE GREATEST STORY EVER SOLD","ORIGINAL ART","untitled-BUMBLEBEELOVESYOU Mikael B-Acrylic and Spraypaint","https://www.trampt.com/item/the-greatest-story-ever-sold-ron-english-mixed-media-yEepmc26RN2owm"
"967","48"" Pink Temper Tot","CUSTOM TOY","30 Pink Temper Tot-Ron English-Temper Tot","https://www.trampt.com/item/48-pink-temper-tot-ron-english-temper-tot-4ZEesuQdSIhe1s"
"973","UNION JACK TIGER","ORIGINAL ART","untitled-Ron English-Oil","https://www.trampt.com/item/union-jack-tiger-ron-english-oil--cFftosX5in5RE"
"983","BIGFOOT MOTHER TOURIST (NFS)","ORIGINAL ART","untitled-Ron English-Bronze","https://www.trampt.com/item/bigfoot-mother-tourist-nfs-ron-english-fiberglass-and-hair-Jw_YUsW92ccKfK"
"985","Batman and the Boy Blunder (Badly Drawn)","ORIGINAL ART","Batman and the Boy Blunder Badly Drawn-Ron English-Ink","https://www.trampt.com/item/batman-and-the-boy-blunder-badly-drawn-ron-english-ink-Ioh4Na443Jly61"
"988","Cowgirl hotrod","ORIGINAL ART","Cowgirl hotrod-Ron English-Oil","https://www.trampt.com/item/cowgirl-hotrod-ron-english-oil-qRlCLQPFPDYl0u"
"989","GRIN GOD","ORIGINAL ART","untitled-Ron English-Oil","https://www.trampt.com/item/grin-god-ron-english-oil-rQ0tTZPQS6hi-L"
"995","Young Andy","ORIGINAL ART","Young Andy-Ron English-gU6PCMnWA4NuDD","https://www.trampt.com/item/young-andy-ron-english-paper-drawing-dswqtic8kw5RNi"
"1003","Heart Skull - Transparent Green & Purple","CUSTOM TOY","yH5BAEAAAAALAAAAAABAAEAAAIBRAA7","https://www.trampt.com/item/heart-skull-transparent-green-and-purple-ron-english-heart-skull-y-0keWdBb9zTq3"
"1004","Capt'n Cornstarch","ORIGINAL ART","Captn Cornstarch-Ron English-Ink","https://www.trampt.com/item/captn-cornstarch-ron-english-ink-j6jbrTbrpiJ3jP"
"1005","Ron English #2","ORIGINAL ART","Ron English 2-Ron English-Mixed Media","https://www.trampt.com/item/ron-english-2-ron-english-mixed-media-cdZ9Y9Z6UI8YM_"
"1018","Tupac Temper Tot","ORIGINAL ART","Tupac Temper Tot-Ron English-Ink","https://www.trampt.com/item/tupac-temper-tot-ron-english-ink-LHIv0fGTeVm8m_"
"1024","MC Snowglobe Eyes (Drawing)","ORIGINAL ART","MC Snowglobe Eyes (Drawing)-Ron English-tsX-FKZ q2pssF","https://www.trampt.com/item/mc-snowglobe-eyes-drawing-ron-english-mixed-media-ju0dMYv073mf3O"
"1026","Heart Brain - Bleeding Gold","CUSTOM TOY","Heart Brain - Bleeding Gold-Ron English-Heart Brain","https://www.trampt.com/item/heart-brain-bleeding-gold-ron-english-heart-brain-rxajtQ5BLiKXj9"
"1034","There goes the neighborhood","ORIGINAL ART","There goes the neighborhood-Ron English-Oil","https://www.trampt.com/item/there-goes-the-neighborhood-ron-english-oil-9V6gPgbjxTnHwa"
"1054","Batman Brain Dream","ORIGINAL ART","Batman Brain Dream-Ron English-dhDLmsecGYqKtI","https://www.trampt.com/item/batman-brain-dream-ron-english-oil-ggOTtKrEn4HPbH"
"1055","RON ENGLISH GIANT SCRATCH 1","CUSTOM TOY","RON ENGLISH GIANT SCRATCH 1-Ron English-Scratch","https://www.trampt.com/item/ron-english-giant-scratch-1-ron-english-scratch-qL4SvlqzP0jsfM"
"1061","Plaid Tile Dead Toy Soldier Painting (Purple)","ORIGINAL ART","Plaid Tile Dead Toy Soldier Painting Purple-Ron English-Mixed Media","https://www.trampt.com/item/plaid-tile-dead-toy-soldier-painting-purple-ron-english-mixed-media-qcSrzVoqKH6j6R"
"1063","Weed Seed (Drawing)","ORIGINAL ART","Weed Seed (Drawing)-Ron English-sgs8rg54EkP3ZQ","https://www.trampt.com/item/weed-seed-drawing-ron-english-mixed-media-WrL62N_khybOic"
"1069","Heart Skull - Sherbet Drip","CUSTOM TOY","Heart Skull - Sherbet Drip-Ron English-Heart Skull","https://www.trampt.com/item/heart-skull-sherbet-drip-ron-english-heart-skull-cmrObe3qDU0vJ4"
"1072","Heart Brain - Transparent Green","CUSTOM TOY","Heart Brain - Transparent Green-Ron English-Heart Brain","https://www.trampt.com/item/heart-brain-transparent-green-ron-english-heart-brain-wrWL4gZRL3e5ot"
"1073","MOUSEMASK MURPHY IN AIRPLANE (LIMITED EDITION OF 30)","CUSTOM TOY","untitled-Ron English-Cathy Cowgirl","https://www.trampt.com/item/mousemask-murphy-in-airplane-limited-edition-of-30-ron-english-mousemask-murphy-in-airplane-2mpgPF3DGjhx6a"
"1074","Plaid Tile Dead Toy Soldier Painting (Red)","ORIGINAL ART","Plaid Tile Dead Toy Soldier Painting Red-Ron English-Mixed Media","https://www.trampt.com/item/plaid-tile-dead-toy-soldier-painting-red-ron-english-mixed-media-5JrUBiJcMv1-bX"
"1075","Uncle Scam (Drawing)","ORIGINAL ART","Uncle Scam (Drawing)-Ron English-OhMM2K6ohVfxeM","https://www.trampt.com/item/uncle-scam-drawing-ron-english-mixed-media-rlX87L1dIxy0h3"
