"File","Status"
"index.html","Updated"
"items\100-400-have-a-grin-day-be-rbrick-set-809.html","Updated"
"items\100-400-ron-english-bearbrick-set-7.html","Updated"
"items\100-bearbrick-x-ronenglish-dcon-2025-444.html","Updated"
"items\3-grin-dunny-6.html","Updated"
"items\3-the-simpsons-bart-grin-81.html","Updated"
"items\3-the-simpsons-homer-grin-59.html","Updated"
"items\3rd-edition-x-ray-mc-supersized-662.html","Updated"
"items\4-75-boxing-brain-clear-left-hand-288.html","Updated"
"items\4-75-boxing-brain-clear-right-hand-650.html","Updated"
"items\4-75-boxing-brain-gold-right-hand-798.html","Updated"
"items\4-75-boxing-brain-red-left-hand-229.html","Updated"
"items\4-75-boxing-brain-red-right-hand-712.html","Updated"
"items\4-75-boxing-brain-silver-left-hand-741.html","Updated"
"items\4-groovy-mc-supersized-skull-164.html","Updated"
"items\48-black-charlie-grin-486.html","Updated"
"items\48-electric-strawberry-charlie-grin-nft-452.html","Updated"
"items\48-lightning-zest-charlie-grin-nft-35.html","Updated"
"items\48-pink-temper-tot-967.html","Updated"
"items\48-yellow-charlie-grin-421.html","Updated"
"items\4th-of-july-mc-supersized-852.html","Updated"
"items\8-grin-dunny-691.html","Updated"
"items\8-grin-dunny-chase-9.html","Updated"
"items\8th-anniversary-club-cubic-darkstar-grin-89.html","Updated"
"items\9-boxing-brain-17.html","Updated"
"items\9-boxing-brain-black-gold-219.html","Updated"
"items\9-qhrist-22.html","Updated"
"items\abraham-obama-black-435.html","Updated"
"items\abraham-obama-bronze-703.html","Updated"
"items\abraham-obama-gold-929.html","Updated"
"items\abraham-obama-green-932.html","Updated"
"items\abraham-obama-inauguration-67.html","Updated"
"items\abraham-obama-original-colors-286.html","Updated"
"items\abraham-obama-silver-264.html","Updated"
"items\abraham-obama-white-293.html","Updated"
"items\adtagged-103.html","Updated"
"items\amber-xray-mc-453.html","Updated"
"items\american-depress-682.html","Updated"
"items\artist-gnome-gid-sdcc-16-601.html","Updated"
"items\artist-gnome-golden-hair-complexcon-16-329.html","Updated"
"items\artist-gnome-og-edition-684.html","Updated"
"items\astro-boy-grin-501.html","Updated"
"items\astro-boy-grin-bronze-patina-154.html","Updated"
"items\astro-boy-grin-metallic-1048.html","Updated"
"items\astrobrite-lemon-182.html","Updated"
"items\atatiger-900.html","Updated"
"items\atomic-orange-charlie-grin-sunflower-nft-1001.html","Updated"
"items\bangkok-star-skull-754.html","Updated"
"items\barney-grin-grayscale-493.html","Updated"
"items\barney-grin-jps-bubble-b-rex-grin-player-1-jps-edition-gid-grin-388.html","Updated"
"items\barney-grin-jps-bubble-b-rex-grin-player-1-jps-edition-gold-grin-vip-nfs-317.html","Updated"
"items\barney-grin-jps-bubble-b-rex-grin-player-1-jps-edition-normal-grin-954.html","Updated"
"items\barney-grin-jps-bubble-b-rex-grin-player-1-jps-edition-platinum-grin-206.html","Updated"
"items\barney-grin-original-592.html","Updated"
"items\barney-grin-rex-pistol-889.html","Updated"
"items\bart-english-922.html","Updated"
"items\bart-grin-76.html","Updated"
"items\bart-grin-og-562.html","Updated"
"items\bart-grin-toy-tokyo-2013-296.html","Updated"
"items\bartman-grin-1008.html","Updated"
"items\batman-vs-joker-boxing-brain-set-579.html","Updated"
"items\ben-banger-142.html","Updated"
"items\big-boner-all-seeing-eye-edition-859.html","Updated"
"items\big-boner-biggubona-myth-edition-44.html","Updated"
"items\big-boner-blackout-207.html","Updated"
"items\big-boner-camo-487.html","Updated"
"items\big-boner-diamond-dust-50.html","Updated"
"items\big-boner-gid-923.html","Updated"
"items\big-boner-hella-bling-908.html","Updated"
"items\big-boner-og-428.html","Updated"
"items\big-boner-polkaganda-dots-edition-304.html","Updated"
"items\big-boner-popaganda-pink-150.html","Updated"
"items\big-boner-stealth-edition-208.html","Updated"
"items\big-yang-the-yang-bangers-orange-339.html","Updated"
"items\big-yang-the-yang-bangers-original-221.html","Updated"
"items\big-yang-the-yang-bangers-showroom-exclusive-36.html","Updated"
"items\big-yang-the-yang-bangers-yellow-273.html","Updated"
"items\bigfoot-child-tourist-nfs-921.html","Updated"
"items\bigfoot-father-tourist-nfs-169.html","Updated"
"items\bigfoot-mother-tourist-nfs-983.html","Updated"
"items\bk-marbledzilla-543.html","Updated"
"items\black-big-poppa-dcon-19-597.html","Updated"
"items\black-glitter-mc-supersized-423.html","Updated"
"items\black-gold-big-poppa-tenacious-toys-exclusive-283.html","Updated"
"items\black-gold-deadmau5-grin-602.html","Updated"
"items\black-gold-glass-jaw-147.html","Updated"
"items\black-gold-lady-lips-kidrobot-exclusive-573.html","Updated"
"items\black-gold-mousezilla-125.html","Updated"
"items\black-light-magic-green-mc-supersized-83.html","Updated"
"items\black-light-magic-purple-mc-supersized-651.html","Updated"
"items\black-light-magic-yellow-mc-supersized-617.html","Updated"
"items\black-light-smack-crack-and-pot-813.html","Updated"
"items\black-mousemask-murphy-693.html","Updated"
"items\black-mousemask-murphy-in-airplane-738.html","Updated"
"items\black-mousezilla-957.html","Updated"
"items\black-pearl-heart-skull-560.html","Updated"
"items\black-pink-deadmau5-grin-627.html","Updated"
"items\black-rainbow-star-skull-341.html","Updated"
"items\black-shocking-sunflower-3-eyed-sponge-204.html","Updated"
"items\black-shocking-sunflower-bone-grin-107.html","Updated"
"items\black-shocking-sunflower-gold-grin-109.html","Updated"
"items\black-sugar-diabetic-bear-148.html","Updated"
"items\black-white-gid-light-cult-crypto-bulb-591.html","Updated"
"items\blanka-street-fighter-grin-836.html","Updated"
"items\blue-burgers-mc-supersized-xray-885.html","Updated"
"items\blue-deadmau5-grin-566.html","Updated"
"items\blue-dubs-edition-boxing-brain-260.html","Updated"
"items\blue-elefanka-nycc-19-512.html","Updated"
"items\blue-gid-mc-supersized-secret-ver-913.html","Updated"
"items\blue-grin-rabbbit-x-tower-records-75.html","Updated"
"items\blue-ice-shocking-sunflower-bone-grin-1027.html","Updated"
"items\blue-ice-shocking-sunflower-gold-grin-887.html","Updated"
"items\blue-ice-shocking-sunflower-ronnie-968.html","Updated"
"items\blue-melty-ronnnie-rabbbit-19.html","Updated"
"items\bronze-lady-liberty-grin-24.html","Updated"
"items\bronze-mousemask-murphy-316.html","Updated"
"items\buddha-grin-virdigris-sdcc-16-230.html","Updated"
"items\bunnny-rabbbit-1083.html","Updated"
"items\bunnny-rabbbit-gid-120.html","Updated"
"items\bunnny-rabbbit-purple-895.html","Updated"
"items\cap-n-cornstarch-696.html","Updated"
"items\cap-n-cornstarch-end-of-days-edition-608.html","Updated"
"items\cap-n-cornstarch-gid-66.html","Updated"
"items\cap-n-cornstarch-metallic-507.html","Updated"
"items\cap-n-cornstarch-mini-14.html","Updated"
"items\cassie-cowgirl-401.html","Updated"
"items\cathy-cowgirl-brown-911.html","Updated"
"items\cathy-cowgirl-gold-481.html","Updated"
"items\cathy-cowgirl-original-488.html","Updated"
"items\ceramic-donald-t-rich-grin-68.html","Updated"
"items\cereal-killers-cap-n-corn-starch-1058.html","Updated"
"items\cereal-killers-coco-puffed-paunch-697.html","Updated"
"items\cereal-killers-count-calorie-122.html","Updated"
"items\cereal-killers-franken-fat-1065.html","Updated"
"items\cereal-killers-franken-fat-gray-1051.html","Updated"
"items\cereal-killers-froot-looped-657.html","Updated"
"items\cereal-killers-mini-figures-12-pack-w-display-case-10.html","Updated"
"items\cereal-killers-obesie-o-s-70.html","Updated"
"items\cereal-killers-qhrist-342.html","Updated"
"items\cereal-killers-sugar-diabetic-bear-847.html","Updated"
"items\cereal-killers-sugar-frosted-fat-873.html","Updated"
"items\cereal-killers-sugar-smack-641.html","Updated"
"items\cereal-killers-tricks-897.html","Updated"
"items\cereal-killers-white-yucky-children-charmer-i-am-retro-exclusive-436.html","Updated"
"items\charlie-grin-black-gold-572.html","Updated"
"items\charlie-grin-black-platinum-909.html","Updated"
"items\charlie-grin-blue-31.html","Updated"
"items\charlie-grin-chapel-of-dawn-edition-1023.html","Updated"
"items\charlie-grin-club-cubic-gid-383.html","Updated"
"items\charlie-grin-garageworks-edition-48-151.html","Updated"
"items\charlie-grin-highsnobiety-gold-edition-466.html","Updated"
"items\charlie-grin-l-a-lakers-239.html","Updated"
"items\charlie-grin-mono-ap-edition-jps-exclusive-879.html","Updated"
"items\charlie-grin-mono-w-gold-grill-jps-exclusive-65.html","Updated"
"items\charlie-grin-mono-w-platinum-grill-jps-exclusive-34.html","Updated"
"items\charlie-grin-og-pink-454.html","Updated"
"items\charlie-grin-og-pink-rose-gold-grey-grin-567.html","Updated"
"items\charlie-grin-orange-396.html","Updated"
"items\charlie-grin-shocking-sunflower-bone-281.html","Updated"
"items\charlie-grin-shocking-sunflower-silver-1.html","Updated"
"items\charlie-grin-the-contemporary-fix-edition-1044.html","Updated"
"items\charlie-grin-touma-version-892.html","Updated"
"items\charlie-grin-zac-pac-edition-red-48-906.html","Updated"
"items\cheezy-grin-patrick-1068.html","Updated"
"items\cheezy-grin-spongebob-345.html","Updated"
"items\cheezy-grin.html","Updated"
"items\chinese-new-year-smiley-grin-gold-smile-867.html","Updated"
"items\chinese-new-year-smiley-grin-silver-smile-127.html","Updated"
"items\chrome-rabbbit-558.html","Updated"
"items\classic-big-poppa-550.html","Updated"
"items\clear-big-poppa-fpf-20-166.html","Updated"
"items\clear-big-poppa-with-burgers-ntwrk-exclusive-769.html","Updated"
"items\clear-boxing-brain-left-hand-133.html","Updated"
"items\clear-gid-humberger-x-ray-mc-supersized-524.html","Updated"
"items\clear-glitter-temper-tot-665.html","Updated"
"items\clear-green-mousezilla-980.html","Updated"
"items\clear-neon-pk-mousezilla-984.html","Updated"
"items\clear-x-ray-gid-mcsupersized-lucky-x-bag-2010-982.html","Updated"
"items\clear-x-ray-mc-supersized-toy-tokyo-exclusive-1020.html","Updated"
"items\club-cubic-7th-anniversary-police-grin-875.html","Updated"
"items\coco-puffed-paunch-mini-315.html","Updated"
"items\combrat-nycc-16-803.html","Updated"
"items\copper-lucky-cat-grin-79.html","Updated"
"items\count-calorie-653.html","Updated"
"items\count-calorie-gid-582.html","Updated"
"items\count-calorie-mini-730.html","Updated"
"items\count-calorie-purple-green-195.html","Updated"
"items\creepy-christmas-deadmau5-grin-473.html","Updated"
"items\crystal-classic-big-poppa-785.html","Updated"
"items\crystal-embellished-gold-black-big-poppa-956.html","Updated"
"items\crystal-lady-lips-429.html","Updated"
"items\crystal-telegriny-280.html","Updated"
"items\d-oh-boy-heart-in-hand-101.html","Updated"
"items\d-oh-boy-melty-face-715.html","Updated"
"items\d-oh-boy-metallic-drip-442.html","Updated"
"items\d-oh-boy-neon-yellow-swirl-337.html","Updated"
"items\d-oh-boy-traditional-868.html","Updated"
"items\dark-star-black-grin-952.html","Updated"
"items\dark-star-gold-grin-916.html","Updated"
"items\dark-star-grin-390.html","Updated"
"items\dark-star-silver-grin-463.html","Updated"
"items\darth-black-police-grin-bone-grin-405.html","Updated"
"items\daytona-gray-police-grin-465.html","Updated"
"items\dinogrenade-black-335.html","Updated"
"items\dinogrenade-clear-glitter-green-1017.html","Updated"
"items\dinogrenade-green-955.html","Updated"
"items\dinogrenade-hand-painted-717.html","Updated"
"items\dinogrenade-unpainted-blue-178.html","Updated"
"items\dipsy-telegrinnies-sunflowers-3.html","Updated"
"items\disguisedzilla-541.html","Updated"
"items\disguisedzilla.html","Updated"
"items\donald-t-grin-771.html","Updated"
"items\double-devil-dog-gold-version-568.html","Updated"
"items\dripping-grin-936.html","Updated"
"items\drug-em-killfrog-794.html","Updated"
"items\dum-english-astronaut-skull-star-black-226.html","Updated"
"items\dum-english-astronaut-skull-star-gold-441.html","Updated"
"items\dum-english-astronaut-skull-star-necklace-black-674.html","Updated"
"items\dum-english-astronaut-skull-star-necklace-gold-110.html","Updated"
"items\dum-english-astronaut-skull-star-necklace-pink-637.html","Updated"
"items\dum-english-astronaut-skull-star-necklace-turquoise-378.html","Updated"
"items\dum-english-astronaut-skull-star-pink-136.html","Updated"
"items\dum-english-astronaut-skull-star-turquoise-455.html","Updated"
"items\eclipse-storm-parter-225.html","Updated"
"items\electric-strawberry-charlie-grin-sunflower-nft-1009.html","Updated"
"items\elefanka-sdcc-19-93.html","Updated"
"items\embarrassed-in-love-lavender-and-hot-pink-330.html","Updated"
"items\european-camo-doe-197.html","Updated"
"items\european-camo-stag-517.html","Updated"
"items\everlast-ronquiat-111.html","Updated"
"items\evil-mc-773.html","Updated"
"items\evil-mc-camo-edition-970.html","Updated"
"items\evil-mc-camo-edition-variant-camo-face-340.html","Updated"
"items\evil-mc-diamond-dust-edition-black-makeup-520.html","Updated"
"items\evil-mc-diamond-dust-edition-red-makeup-175.html","Updated"
"items\evil-mc-golden-boy-871.html","Updated"
"items\evil-mc-hella-bling-edition-236.html","Updated"
"items\evil-mc-hella-evil-edition-324.html","Updated"
"items\evil-mc-pure-evil-edition-870.html","Updated"
"items\evil-mc-stealth-855.html","Updated"
"items\evil-mc-supervillian-775.html","Updated"
"items\falla-sheep-black-chase-223.html","Updated"
"items\falla-sheep-bry-black-red-yellow-170.html","Updated"
"items\fat-tony-antique-905.html","Updated"
"items\fat-tony-fluorescent-361.html","Updated"
"items\fat-tony-frozen-culture-124.html","Updated"
"items\fat-tony-original-529.html","Updated"
"items\figment-bronze-757.html","Updated"
"items\figment-bust-blue-red-137.html","Updated"
"items\figment-bust-blue-yellow-654.html","Updated"
"items\figment-bust-green-144.html","Updated"
"items\figment-bust-green-violet-888.html","Updated"
"items\figment-bust-pink-547.html","Updated"
"items\figment-white-bronze-250.html","Updated"
"items\fire-lady-liberty-grin-black-light-1032.html","Updated"
"items\fire-storm-parter-901.html","Updated"
"items\fluorescent-king-monkeyshiner-grin-160.html","Updated"
"items\franken-evil-mc-685.html","Updated"
"items\franken-fat-700.html","Updated"
"items\franken-fat-mini-275.html","Updated"
"items\freddy-funko-grin-nycc-19-659.html","Updated"
"items\freddy-funko-grin-white-683.html","Updated"
"items\freddy-funko-love-combrat-457.html","Updated"
"items\froot-looped-two-ton-sam-mini-271.html","Updated"
"items\frosted-fat-tony-mini-98.html","Updated"
"items\full-color-mc-supersized-x-ray-749.html","Updated"
"items\funko-grin-proto-494.html","Updated"
"items\funny-sex-pack-399.html","Updated"
"items\galaxy-7-mousemask-murphy-779.html","Updated"
"items\gas-mask-mouse-frozen-culture-581.html","Updated"
"items\gay-empire-police-grin-303.html","Updated"
"items\gid-full-color-mc-supersized-668.html","Updated"
"items\gid-glassjaw-ntwrk-exclusive-669.html","Updated"
"items\gid-green-star-skull-bulb-370.html","Updated"
"items\gid-grinbot-78.html","Updated"
"items\gid-modzilla-198.html","Updated"
"items\gid-more-evil-monkeys-set-363.html","Updated"
"items\gid-musart-boutique-mousezilla-556.html","Updated"
"items\gid-ok-doomer-old-chuck-625.html","Updated"
"items\gid-star-skull-kickstarter-exclusive-240.html","Updated"
"items\gid-x-ray-mc-ntwrk-exclusive-1033.html","Updated"
"items\gimmie-the-loot-big-poppa-1078.html","Updated"
"items\glitter-blue-melty-ronnnie-rabbbit-20.html","Updated"
"items\glitter-lady-lips-production-sample-950.html","Updated"
"items\gold-black-big-poppa-i-am-retro-exclusive-482.html","Updated"
"items\gold-cheezy-grin-spongebob-707.html","Updated"
"items\gold-dark-star-grin-987.html","Updated"
"items\gold-donald-t-rich-grin-417.html","Updated"
"items\gold-edition-mc-supersized-tte-2015-41.html","Updated"
"items\gold-fat-tony-772.html","Updated"
"items\gold-glitter-donald-t-rich-grin-781.html","Updated"
"items\gold-glitter-mc-supersized-sdcc-2017-54.html","Updated"
"items\gold-iron-skin-grin-689.html","Updated"
"items\gold-mc-action-mc-supersized-640.html","Updated"
"items\gold-mona-lisa-grin-764.html","Updated"
"items\gold-mousezilla-214.html","Updated"
"items\gold-old-chuck-ok-doomer-422.html","Updated"
"items\gold-police-grin-604.html","Updated"
"items\gold-police-grin-834.html","Updated"
"items\gold-rame-full-color-mc-supersized-x-ray-287.html","Updated"
"items\gold-rame-mc-supersized-619.html","Updated"
"items\gold-silver-shocking-sunflower-gold-grin-1011.html","Updated"
"items\gold-silver-shocking-sunflower-silver-grin-774.html","Updated"
"items\gold-yogi-bear-grin-sdcc-19-161.html","Updated"
"items\golden-glitter-evil-mc-924.html","Updated"
"items\golden-little-bigfoot-263.html","Updated"
"items\goth-forlorn-unicorn-153.html","Updated"
"items\green-blacklight-magic-green-mad-happy-monk-grin-806.html","Updated"
"items\green-fever-poultry-rex-305.html","Updated"
"items\green-glitter-mc-supersized-grin-904.html","Updated"
"items\green-grey-gun-falla-sheep-880.html","Updated"
"items\green-little-bigfoot-213.html","Updated"
"items\green-mad-lad-temper-tot-184.html","Updated"
"items\green-mona-lisa-grin-838.html","Updated"
"items\green-orion-grin-bone-smile-431.html","Updated"
"items\green-orion-grin-gid-smile-630.html","Updated"
"items\green-orion-grin-gold-smile-531.html","Updated"
"items\green-orion-grin-silver-smile-972.html","Updated"
"items\green-pink-gun-fella-sheep-761.html","Updated"
"items\grey-falla-sheep-376.html","Updated"
"items\grey-orion-grin-bone-smile-48.html","Updated"
"items\grey-orion-grin-gid-smile-975.html","Updated"
"items\grey-orion-grin-gold-smile-474.html","Updated"
"items\grey-orion-grin-silver-smile-231.html","Updated"
"items\grin-bear-it-be-rbrick-509.html","Updated"
"items\grin-polka-dot-shocking-sunflower-727.html","Updated"
"items\grinbot-516.html","Updated"
"items\grinbot-metallic-1062.html","Updated"
"items\grinnie-sdcc-19-631.html","Updated"
"items\grinnin-gaylord-244.html","Updated"
"items\groovy-mc-supersized-40.html","Updated"
"items\growing-grin-sunflower-ron-english-191-57.html","Updated"
"items\guile-street-fighter-grin-739.html","Updated"
"items\halloween-white-mc-supersized-x-ray-624.html","Updated"
"items\hand-painted-modzilla-358.html","Updated"
"items\hand-painted-modzilla-521.html","Updated"
"items\happy-boy-194.html","Updated"
"items\haze-bob-ganja-gin-the-compound-458.html","Updated"
"items\heart-brain-bleeding-gold-1026.html","Updated"
"items\heart-brain-glitter-clear-725.html","Updated"
"items\heart-brain-orange-glow-237.html","Updated"
"items\heart-brain-purple-heart-284.html","Updated"
"items\heart-brain-transparent-green-1072.html","Updated"
"items\heart-skull-camo-brain-523.html","Updated"
"items\heart-skull-glitter-purple-577.html","Updated"
"items\heart-skull-glitter-silver-586.html","Updated"
"items\heart-skull-metallic-purple-1000.html","Updated"
"items\heart-skull-metallic-purple-1064.html","Updated"
"items\heart-skull-mint-333.html","Updated"
"items\heart-skull-purple-glitter-418.html","Updated"
"items\heart-skull-sdcc-16-508.html","Updated"
"items\heart-skull-sherbet-drip-1069.html","Updated"
"items\heart-skull-transparent-blue-261.html","Updated"
"items\heart-skull-transparent-green-purple-1003.html","Updated"
"items\heart-skull-transparent-pink-swirl-744.html","Updated"
"items\heart-skull-transparent-yellow-with-brain-292.html","Updated"
"items\hiphop-trooper-police-grin-202.html","Updated"
"items\hologramzilla-307.html","Updated"
"items\hologramzilla.html","Updated"
"items\homer-grin-the-end-is-near-629.html","Updated"
"items\honey-butt-the-obese-bee-831.html","Updated"
"items\hot-pink-deadmau5-grin-770.html","Updated"
"items\hustle-big-poppa-i-am-retro-exclusive-349.html","Updated"
"items\ice-storm-parter-1010.html","Updated"
"items\iron-skin-boba-fett-grin-992.html","Updated"
"items\iron-skin-grin-635.html","Updated"
"items\j-balvin-ron-english-mcsupersized-complexcon-17-4.html","Updated"
"items\jewsus-143.html","Updated"
"items\joker-x-ray-mc-supersized-nycc-18-743.html","Updated"
"items\king-monster-187.html","Updated"
"items\krusty-the-grin-395.html","Updated"
"items\krusty-the-grin-ronald-1081.html","Updated"
"items\la-x-ray-mc-supersized-dcon-18-294.html","Updated"
"items\laa-laa-telegrinnies-sunflowers-8.html","Updated"
"items\lady-liberty-grin-green-black-light-823.html","Updated"
"items\lady-liberty-grin-nycc-16-420.html","Updated"
"items\lady-liberty-grin-x-bait-694.html","Updated"
"items\lady-lips-magenta-cyan-edition-80.html","Updated"
"items\liberty-grin-48-942.html","Updated"
"items\light-cult-crypto-bulb-gid-820.html","Updated"
"items\lightbulb-lightning-thinker-460.html","Updated"
"items\lightning-zest-charlie-grin-sunflower-nft-141.html","Updated"
"items\little-bigfoot-fire-756.html","Updated"
"items\little-bigfoot-green-130.html","Updated"
"items\little-bigfoot-orange-with-blue-face-618.html","Updated"
"items\little-bigfoot-pink-with-orange-face-407.html","Updated"
"items\little-bigfoot-purple-rainbow-168.html","Updated"
"items\little-bigfoot-purple-with-blue-face-745.html","Updated"
"items\lucky-cat-grin-1031.html","Updated"
"items\lucy-exposed-1019.html","Updated"
"items\lucy-exposed-zacpac-edition-780.html","Updated"
"items\m-c-charlie-grin-768.html","Updated"
"items\mad-glad-boy-609.html","Updated"
"items\mad-hatter-figure-black-485.html","Updated"
"items\madness-krusty-the-grin-88.html","Updated"
"items\magic-pumpgrin-purple-511.html","Updated"
"items\magic-pumpgrin-yellow-238.html","Updated"
"items\magma-mousezilla-wf-17-588.html","Updated"
"items\marigold-xray-mc-1040.html","Updated"
"items\marilyn-mickeys-green.html","Updated"
"items\mario-grin-64.html","Updated"
"items\mario-grin-antique-edition-527.html","Updated"
"items\mario-grin-gold-360.html","Updated"
"items\mario-grin-metallic-edition-735.html","Updated"
"items\mario-grin-white-947.html","Updated"
"items\maroon-falla-sheep-557.html","Updated"
"items\mars-red-marvin-the-martian-220.html","Updated"
"items\marvin-the-martian-298.html","Updated"
"items\mask-charlie-grin-ntwrk-exclusive-12.html","Updated"
"items\mask-mouse-841.html","Updated"
"items\mask-mouse-gray-432.html","Updated"
"items\maskmouth-murphy-in-airplane-black-121.html","Updated"
"items\mc-action-811.html","Updated"
"items\mc-elefanka-sdcc-19-939.html","Updated"
"items\mc-lover-clutter-419.html","Updated"
"items\mc-lover-midnight-edition-589.html","Updated"
"items\mc-lover-patriot-323.html","Updated"
"items\mc-lover-sunshine-1016.html","Updated"
"items\mc-mousezilla-132.html","Updated"
"items\mc-superhero-sdcc-19-903.html","Updated"
"items\mc-supersized-647.html","Updated"
"items\mc-supersized-andsuns-exclusive-941.html","Updated"
"items\mc-supersized-black-716.html","Updated"
"items\mc-supersized-black-912.html","Updated"
"items\mc-supersized-blue-58.html","Updated"
"items\mc-supersized-blue-gid-515.html","Updated"
"items\mc-supersized-blue-glitter-comic-con-exclusive-374.html","Updated"
"items\mc-supersized-bronze-glitter-533.html","Updated"
"items\mc-supersized-bronze-patina-706.html","Updated"
"items\mc-supersized-camo-940.html","Updated"
"items\mc-supersized-camo-bangkok-456.html","Updated"
"items\mc-supersized-camo-jakarta-424.html","Updated"
"items\mc-supersized-camo-manila-301.html","Updated"
"items\mc-supersized-camo-seoul-408.html","Updated"
"items\mc-supersized-camo-shanghai-251.html","Updated"
"items\mc-supersized-chase-1014.html","Updated"
"items\mc-supersized-china-587.html","Updated"
"items\mc-supersized-china-flag-690.html","Updated"
"items\mc-supersized-china-green-990.html","Updated"
"items\mc-supersized-clear-molding-unpainted-ttf-2009-633.html","Updated"
"items\mc-supersized-frozen-culture-483.html","Updated"
"items\mc-supersized-full-color-devil-s-version-sdcc-2010-291.html","Updated"
"items\mc-supersized-full-gold-1057.html","Updated"
"items\mc-supersized-full-mono-1039.html","Updated"
"items\mc-supersized-full-navy-570.html","Updated"
"items\mc-supersized-full-pink-1002.html","Updated"
"items\mc-supersized-full-vintage-135.html","Updated"
"items\mc-supersized-gold-1030.html","Updated"
"items\mc-supersized-gold-porcelain-553.html","Updated"
"items\mc-supersized-green-1049.html","Updated"
"items\mc-supersized-green-255.html","Updated"
"items\mc-supersized-green-purple-919.html","Updated"
"items\mc-supersized-grey-flocked-638.html","Updated"
"items\mc-supersized-grey-gid-365.html","Updated"
"items\mc-supersized-grin-gid-grin-788.html","Updated"
"items\mc-supersized-grin-gold-grin-571.html","Updated"
"items\mc-supersized-grin-original-grin-1006.html","Updated"
"items\mc-supersized-grin-platinum-grin-731.html","Updated"
"items\mc-supersized-hiddy-joker-126.html","Updated"
"items\mc-supersized-la-black-gold-518.html","Updated"
"items\mc-supersized-mono-692.html","Updated"
"items\mc-supersized-orange-gid-561.html","Updated"
"items\mc-supersized-original-36-415.html","Updated"
"items\mc-supersized-original-590.html","Updated"
"items\mc-supersized-philippines-158.html","Updated"
"items\mc-supersized-platinum-599.html","Updated"
"items\mc-supersized-porcelain-1038.html","Updated"
"items\mc-supersized-porcelain-black-white-433.html","Updated"
"items\mc-supersized-rcnstrct-studio-black-sparkle-969.html","Updated"
"items\mc-supersized-red-glitter-hong-kong-toysoul-exclusive-946.html","Updated"
"items\mc-supersized-royalex-exclusive-249.html","Updated"
"items\mc-supersized-silver-glitter-563.html","Updated"
"items\mc-supersized-silver-glitter-lgnd8-exclusive-891.html","Updated"
"items\mc-supersized-skull-gid-886.html","Updated"
"items\mc-supersized-skull-white-986.html","Updated"
"items\mc-supersized-skull-yellow-610.html","Updated"
"items\mc-supersized-white-flocked-1028.html","Updated"
"items\mc-supersized-x-ray-humberger-white-596.html","Updated"
"items\mc-supersized-xmas-2007-green-598.html","Updated"
"items\mc-supersized-xray-6th-679.html","Updated"
"items\mc-supersized-xray-black-948.html","Updated"
"items\mc-supersized-xray-burgers-157.html","Updated"
"items\mc-supersized-xray-burgers-devil-1042.html","Updated"
"items\mc-supersized-xray-clear-orange-389.html","Updated"
"items\mc-supersized-xray-halloween-orange-112.html","Updated"
"items\mc-supersized-yellow-623.html","Updated"
"items\mc-supersized-yellow-97.html","Updated"
"items\mcgrin-orion-2.html","Updated"
"items\mcjoker-758.html","Updated"
"items\mcsuper-sized-black-light-magic-yellow-416.html","Updated"
"items\mcsupersized-48.html","Updated"
"items\mcsupersized-bronze-862.html","Updated"
"items\mcsupersized-chrome-935.html","Updated"
"items\mcsupersized-clear-gold-glitter-299.html","Updated"
"items\mcsupersized-copper-448.html","Updated"
"items\mcsupersized-green-gid-545.html","Updated"
"items\mcsupersized-green-gid-607.html","Updated"
"items\mcsupersized-grey-18.html","Updated"
"items\mcsupersized-new-year-s-double-pack-gold-glitter-toy-tokyo-exclusive-427.html","Updated"
"items\mcsupersized-new-year-s-double-pack-silver-glitter-toy-tokyo-exclusive-978.html","Updated"
"items\mcsupersized-og-61.html","Updated"
"items\mcsupersized-pink-gid-701.html","Updated"
"items\mcsupersized-red-gid-146.html","Updated"
"items\mcsupersized-ssf-861.html","Updated"
"items\mcsupersized-white-gid-354.html","Updated"
"items\mcsupersized-x-ray-hamburger-346.html","Updated"
"items\mcsupersized-x-ray-joker-159.html","Updated"
"items\mcsupersized-x-ray-og-542.html","Updated"
"items\mcsupersized-x-ray-ssf-907.html","Updated"
"items\mcsupersized-x-ray-ssf-secret-blood-splattered-218.html","Updated"
"items\mcsupersized-yellow-gid-812.html","Updated"
"items\meaty-mousezilla-peeled-off-262.html","Updated"
"items\megaman-grin-sdcc-19-13.html","Updated"
"items\menace-hulk-sdcc-19-426.html","Updated"
"items\metallic-purple-punk-skunk-sdcc-18-131.html","Updated"
"items\metallic-purple-red-lady-lips-1076.html","Updated"
"items\miami-blue-telegrinnies-sunflowers-672.html","Updated"
"items\miami-mad-lad-temper-tot-203.html","Updated"
"items\miami-pink-telegrinnies-sunflowers-663.html","Updated"
"items\miami-temper-tot-636.html","Updated"
"items\mighty-mc-776.html","Updated"
"items\militia-mousemask-murphy-467.html","Updated"
"items\modzilla-blues-berry-931.html","Updated"
"items\modzilla-custom-818.html","Updated"
"items\modzilla-custom-a-736.html","Updated"
"items\modzilla-custom-b-526.html","Updated"
"items\modzilla-custom-c-210.html","Updated"
"items\modzilla-kaijucon-19-793.html","Updated"
"items\modzilla-rainbow-375.html","Updated"
"items\modzilla-springtime-edition-475.html","Updated"
"items\modzilla-unpainted-green-189.html","Updated"
"items\mogul-grin-bone-1050.html","Updated"
"items\mona-grin-1-449.html","Updated"
"items\mona-grin-2-256.html","Updated"
"items\mono-big-poppa-i-am-retro-exclusive-999.html","Updated"
"items\mono-mad-lad-temper-tot-622.html","Updated"
"items\mono-pigeon-skull-grin-667.html","Updated"
"items\monotone-count-calorie-162.html","Updated"
"items\monotone-lady-lips-38.html","Updated"
"items\monotone-marvin-the-martian-282.html","Updated"
"items\more-evil-monkeys-black-1079.html","Updated"
"items\more-evil-monkeys-mono-colorway-228.html","Updated"
"items\mousemask-murphy-biohazard-585.html","Updated"
"items\mousemask-murphy-bondage-gold-accents-with-black-tattoo-729.html","Updated"
"items\mousemask-murphy-bondage-rusty-silver-accents-with-red-tattoo-832.html","Updated"
"items\mousemask-murphy-bondage-silver-edition-with-no-tattoo-461.html","Updated"
"items\mousemask-murphy-cubic-colorway-edition-306.html","Updated"
"items\mousemask-murphy-gid-660.html","Updated"
"items\mousemask-murphy-gold-795.html","Updated"
"items\mousemask-murphy-in-airplane-black-book-toy-500.html","Updated"
"items\mousemask-murphy-in-airplane-night-raid-edition-165.html","Updated"
"items\mousemask-murphy-in-airplane-popaganda-army-971.html","Updated"
"items\mousemask-murphy-in-airplane-psycho-camo-edition-469.html","Updated"
"items\mousemask-murphy-in-airplane-shark-teeth-gy-825.html","Updated"
"items\mousemask-murphy-in-airplane-stealth-99.html","Updated"
"items\mousemask-murphy-in-airplane-supervillain-802.html","Updated"
"items\mousemask-murphy-in-airplane-the-boy-s-alter-ego-699.html","Updated"
"items\mousemask-murphy-japan-zacpac-graytone-edition-933.html","Updated"
"items\mousemask-murphy-opera-gallery-exclusive-658.html","Updated"
"items\mousemask-murphy-red-927.html","Updated"
"items\mousemask-murphy-sakura-bomber-279.html","Updated"
"items\mousemask-murpy-in-airplane-autumn-camo-548.html","Updated"
"items\mousemask-murpy-in-airplane-bankok-gold-15.html","Updated"
"items\mousemask-murpy-in-airplane-camo-edition-863.html","Updated"
"items\mousemask-murpy-in-airplane-super-black-72.html","Updated"
"items\mousezilla-1029.html","Updated"
"items\mushroom-grin-green-477.html","Updated"
"items\mushroom-grin-red-783.html","Updated"
"items\mystic-blue-deadmau5-grin-708.html","Updated"
"items\mystical-magenta-heart-skull-ntwrk-exclusive-1036.html","Updated"
"items\navy-mc-supersized-whiz-exclusive-944.html","Updated"
"items\nelk-boys-grin-310.html","Updated"
"items\neon-mc-supersized-grin-403.html","Updated"
"items\ninja-mousezilla-318.html","Updated"
"items\nong-toy-grin-285.html","Updated"
"items\not-in-paris-charlie-grin-857.html","Updated"
"items\obese-alien-336.html","Updated"
"items\obesie-o-s-mini-595.html","Updated"
"items\obesios-smack-crack-and-pot-385.html","Updated"
"items\odb-grin-canbot-896.html","Updated"
"items\og-bank-mc-supersized-722.html","Updated"
"items\og-big-poppa-1060.html","Updated"
"items\og-evil-mc-535.html","Updated"
"items\og-forlorn-unicorn-117.html","Updated"
"items\og-lady-lips-445.html","Updated"
"items\og-more-evil-monkeys-set-344.html","Updated"
"items\og-pink-rose-gold-grin-charlie-grin-138.html","Updated"
"items\og-yellow-grinbot-297.html","Updated"
"items\og-young-mc-201.html","Updated"
"items\orange-black-basketball-grin-84.html","Updated"
"items\orange-blacklight-magic-green-mad-happy-monk-grin-400.html","Updated"
"items\orange-burst-poultry-rex-dcon-2022-686.html","Updated"
"items\orange-east-meets-west-829.html","Updated"
"items\orange-falla-sheep-320.html","Updated"
"items\orange-forlorn-unicorn-893.html","Updated"
"items\orange-glitter-mc-supersized-sdcc-2017-343.html","Updated"
"items\orange-lady-liberty-grin-black-light-503.html","Updated"
"items\orange-mc-supersized-ttf-17-575.html","Updated"
"items\oxidation-deadmau5-grin-965.html","Updated"
"items\panda-grin-black-53.html","Updated"
"items\panda-grin-black-glitter-451.html","Updated"
"items\panda-grin-copper-536.html","Updated"
"items\patina-lady-liberty-grin-963.html","Updated"
"items\pearl-star-skull-386.html","Updated"
"items\pigeon-skull-grin-322.html","Updated"
"items\pink-blue-gid-light-cult-crypto-bulb-646.html","Updated"
"items\pink-bunnny-rabbbit-302.html","Updated"
"items\pink-cheezy-shocking-sunflower-3-eyed-sponge-845.html","Updated"
"items\pink-fat-tony-289.html","Updated"
"items\pink-glitter-mc-supersized-sdcc-2017-719.html","Updated"
"items\pink-grin-rabbbit-x-tower-records-949.html","Updated"
"items\pink-lucky-cat-grin-937.html","Updated"
"items\pink-melty-ronnnie-rabbbit-996.html","Updated"
"items\pink-mona-lisa-grin-711.html","Updated"
"items\pink-painted-deadmau5-grin-628.html","Updated"
"items\pink-shocking-sunflower-3-eyed-sponge-945.html","Updated"
"items\pink-shocking-sunflower-bone-grin-114.html","Updated"
"items\pink-shocking-sunflower-silver-grin-355.html","Updated"
"items\pink-shocking-sunflower-smile-353.html","Updated"
"items\platinum-lucky-cat-grin-grey-687.html","Updated"
"items\po-telegrinnies-sunflowers-765.html","Updated"
"items\poohbag-dog-circus-sideshow-446.html","Updated"
"items\pop-swirl-heart-skull-149.html","Updated"
"items\popaganda-couch.html","Updated"
"items\popeye-grin-black-hong-kong-toy-festival-17-782.html","Updated"
"items\popeye-grin-gid-180.html","Updated"
"items\popeye-grin-nycc-16-742.html","Updated"
"items\pot-of-gold-ganja-grin-the-compound-504.html","Updated"
"items\poultry-rex-unpainted-pink-321.html","Updated"
"items\poultry-rex-unpainted-purple-dcon-16-805.html","Updated"
"items\poultry-rex-unpainted-yellow-215.html","Updated"
"items\pride-of-usa-lady-liberty-grin-96.html","Updated"
"items\protoman-grin-sdcc-19-217.html","Updated"
"items\psycho-camo-big-boner-846.html","Updated"
"items\punk-skunk-649.html","Updated"
"items\purple-flocked-mc-supersized-790.html","Updated"
"items\purple-green-mc-supersized-393.html","Updated"
"items\purple-green-sugar-diabetic-bear-555.html","Updated"
"items\qhrist-mini-830.html","Updated"
"items\rabbbit-918.html","Updated"
"items\rabbbit-blue-gid-881.html","Updated"
"items\rabbbit-frozen-culture-235.html","Updated"
"items\rabbbit-gid-edition-1067.html","Updated"
"items\rabbbit-original-140.html","Updated"
"items\rainbow-forlorn-unicorn-519.html","Updated"
"items\rainbow-orion-grin-gold-teeth-46.html","Updated"
"items\rainbow-orion-grin-silver-teeth-926.html","Updated"
"items\rainbow-orion-grin-white-teeth-953.html","Updated"
"items\rainbow-orion-grin-yellow-teeth-612.html","Updated"
"items\rebel-rebel-heart-skull-nycc-18-369.html","Updated"
"items\red-baron-mousemask-murphy-in-airplane-713.html","Updated"
"items\red-devil-mousezilla-190.html","Updated"
"items\red-edition-peace-love-and-understanding-492.html","Updated"
"items\red-glitter-donald-t-rich-grin-994.html","Updated"
"items\red-glitter-glow-shocking-sunflower-878.html","Updated"
"items\red-glitter-mc-supersized-grin-540.html","Updated"
"items\red-glitter-mc-supersized-sdcc-2017-28.html","Updated"
"items\red-lucky-cat-grin-sdcc-18-447.html","Updated"
"items\red-mad-lad-temper-tot-1053.html","Updated"
"items\red-police-grin-bone-grin-350.html","Updated"
"items\red-police-grin-gold-grin-332.html","Updated"
"items\red-police-grin-white-grin-915.html","Updated"
"items\rita-rocket-reindeer-544.html","Updated"
"items\rodent-grin-black-white-843.html","Updated"
"items\rodent-grin-mono-silver-534.html","Updated"
"items\rodent-grin-og-958.html","Updated"
"items\rodent-grin-og-gid-853.html","Updated"
"items\rodent-grin-prototype-626.html","Updated"
"items\rollie-green-un1ted-edition-platinum-mogul-grin-748.html","Updated"
"items\ron-english-smiley-grin-silver-pearl-ap-version-899.html","Updated"
"items\ron-english-x-dudebox-giant-scratch.html","Updated"
"items\ronald-more-evil-monkeys-755.html","Updated"
"items\ronnie-rabbit-circus-sideshow-272.html","Updated"
"items\ronnnie-rabbbit-polka-dot-shocking-sunflower-1015.html","Updated"
"items\ronnnie-rabbbit-sdcc-19-246.html","Updated"
"items\ronnnie-rabbbit-sunflower-ron-english-192-459.html","Updated"
"items\rose-gold-iron-skin-grin-974.html","Updated"
"items\rose-gold-police-grin-bone-grin-620.html","Updated"
"items\rose-gold-police-grin-gold-grin-63.html","Updated"
"items\screamin-seaman-856.html","Updated"
"items\screaming-clown-ron-english-sugar-circus-172-797.html","Updated"
"items\shocking-sunflower-3-eyed-sponge-145.html","Updated"
"items\shocking-sunflower-grin-681.html","Updated"
"items\shocking-sunflower-smiley-894.html","Updated"
"items\silver-ap-police-grin-384.html","Updated"
"items\silver-cheezy-grin-spongebob-1071.html","Updated"
"items\silver-d-dog-grin-black-smile-851.html","Updated"
"items\silver-iron-skin-grin-648.html","Updated"
"items\silver-kush-ganja-grin-the-compound-134.html","Updated"
"items\silver-little-bigfoot-209.html","Updated"
"items\silver-mad-lad-temper-tot-205.html","Updated"
"items\skulletor-deadmau5-grin-1059.html","Updated"
"items\slash-bust-222.html","Updated"
"items\smack-crack-and-pot-39.html","Updated"
"items\smiley-grin-pearl-edition-gold-grin-295.html","Updated"
"items\smiley-grin-pearl-edition-silver-grin-328.html","Updated"
"items\smiley-grin-pearl-edition-white-grin-778.html","Updated"
"items\smiley-grin-piggy-bank-1007.html","Updated"
"items\smiley-grin-piggy-bank-black-white-1043.html","Updated"
"items\smiley-grin-piggy-bank-gentle-blue-962.html","Updated"
"items\smiley-grin-piggy-bank-gold-platinum-grill-278.html","Updated"
"items\smiley-grin-piggy-bank-lady-pink-661.html","Updated"
"items\smiley-grin-piggy-bank-platinum-gold-grill-25.html","Updated"
"items\smiley-grin-piggy-bank-purple-331.html","Updated"
"items\smoke-xray-mc-1013.html","Updated"
"items\speedy-gonzales-sdcc-18-576.html","Updated"
"items\springtime-deadmau5-grin-1037.html","Updated"
"items\star-skull-837.html","Updated"
"items\star-skull-bone-56.html","Updated"
"items\star-skull-frozen-culture-274.html","Updated"
"items\star-skull-metallic-silver-934.html","Updated"
"items\starskull-walking-stick.html","Updated"
"items\stealth-mousezilla-478.html","Updated"
"items\street-fighter-ryu-grin-721.html","Updated"
"items\sugar-diabetic-bear-mini-391.html","Updated"
"items\sugar-diabetic-bear-sdcc-17-377.html","Updated"
"items\sugar-smack-killfrog-mini-11.html","Updated"
"items\summer-clear-mousezilla-green-266.html","Updated"
"items\sunflower-grin-258.html","Updated"
"items\sunflower-grin-metallic-5.html","Updated"
"items\super-size-me-blue-g-i-d-808.html","Updated"
"items\super-size-me-full-colour-100.html","Updated"
"items\super-sized-me-s-s-f-ca-1052.html","Updated"
"items\super-sized-me-s-s-f-g-i-d-62.html","Updated"
"items\super-sized-me-ssf-joker-976.html","Updated"
"items\superfink-964.html","Updated"
"items\tasmanian-devil-grin-821.html","Updated"
"items\teal-fat-tony-242.html","Updated"
"items\teal-yellow-lady-lips-849.html","Updated"
"items\telegrinnie-4ft-purple-796.html","Updated"
"items\telegrinnie-4ft-silver-804.html","Updated"
"items\telegrinnies-club-cubic-gold-106.html","Updated"
"items\telegrinnies-club-cubic-silver-914.html","Updated"
"items\telegrinnies-dipsy-603.html","Updated"
"items\telegrinnies-jps-edition-normal-edt-number-61-200-red-chest-cover-777.html","Updated"
"items\telegrinnies-jps-edition-secret-a-10-number-1-to-20-clear-chest-cover-gold-teeth-257.html","Updated"
"items\telegrinnies-jps-edition-secret-b-20-number-21-to-60-clear-chest-cover-29.html","Updated"
"items\telegrinnies-jps-edition-vip-nfs-997.html","Updated"
"items\telegrinnies-laa-laa-51.html","Updated"
"items\telegrinnies-pink-clear-chest-cover-gold-teeth-jps-edition.html","Updated"
"items\telegrinnies-pink-jps-edition-normal-edt-number-61-200-red-chest-cover-817.html","Updated"
"items\telegrinnies-pink-jps-edition-secret-a-10-number-1-to-20-clear-chest-cover-gold-teeth-981.html","Updated"
"items\telegrinnies-pink-jps-edition-secret-b-20-number-21-to-60-clear-chest-cover-737.html","Updated"
"items\telegrinnies-pink-jps-edition-special-unpainted-104.html","Updated"
"items\telegrinnies-pink-jps-edition-vip-367.html","Updated"
"items\telegrinnies-platinum-and-gold-574.html","Updated"
"items\telegrinnies-po-191.html","Updated"
"items\telegrinnies-tinky-winky-309.html","Updated"
"items\temper-tot-1070.html","Updated"
"items\temper-tot-gid-801.html","Updated"
"items\temper-tot-metallic-edition-710.html","Updated"
"items\temper-tot-mono-308.html","Updated"
"items\temper-tot-pink-turquoise-1012.html","Updated"
"items\the-brooklyn-way-big-poppa-583.html","Updated"
"items\the-flinstones-bam-bam-grin-sdcc-19-767.html","Updated"
"items\the-flinstones-dino-grin-sdcc-19-506.html","Updated"
"items\the-grin-frozen-culture-392.html","Updated"
"items\the-incredulous-hulkboy-655.html","Updated"
"items\the-new-nativity-248.html","Updated"
"items\the-simpsons-tree-house-of-horror-bart-grin-1-20-gold-grin-gid-eyes-jps-exclusive-920.html","Updated"
"items\the-simpsons-tree-house-of-horror-bart-grin-141-400-bone-grin-gid-eyes-jps-exclusive-569.html","Updated"
"items\the-simpsons-tree-house-of-horror-bart-grin-21-60-platinum-grin-gid-eyes-jps-exclusive-105.html","Updated"
"items\the-simpsons-tree-house-of-horror-bart-grin-61-140-gid-grin-jps-exclusive-1021.html","Updated"
"items\the-simpsons-tree-house-of-horror-bart-grin-gid-prototype-edition-jps-exclusive-348.html","Updated"
"items\tie-dyed-fluorescent-punk-skunch-746.html","Updated"
"items\tiger-blood-mc-x-ray-77.html","Updated"
"items\tiger-strip-deadmau5-grin-dcon-2022-1080.html","Updated"
"items\tinky-winky-telegrinnies-sunflowers-876.html","Updated"
"items\toqo-grins-86.html","Updated"
"items\trick-or-treat-punk-skunk-1056.html","Updated"
"items\tricks-mini-464.html","Updated"
"items\tricky-the-obese-rabbit-872.html","Updated"
"items\tricky-the-obese-rabbit-monotone-580.html","Updated"
"items\trumpty-dumpty-gold-917.html","Updated"
"items\trunk-the-gid-elephant-484.html","Updated"
"items\trunk-the-golden-elephant-787.html","Updated"
"items\trunk-the-orange-elephant-496.html","Updated"
"items\trunk-the-purple-elephant-404.html","Updated"
"items\turquoise-xray-mc-528.html","Updated"
"items\two-ton-sam-814.html","Updated"
"items\un1ted-edition-platinum-mogul-grin-833.html","Updated"
"items\uncle-scam-720.html","Updated"
"items\uncle-scam-black-gold-kidrobot-exclusive-216.html","Updated"
"items\unpainted-blue-deadmau5-grin-898.html","Updated"
"items\unpainted-green-deadmau5-grin-265.html","Updated"
"items\unpainted-orange-deadmau5-grin-822.html","Updated"
"items\unpainted-pink-deadmau5-grin-991.html","Updated"
"items\unpainted-red-deadmau5-grin-397.html","Updated"
"items\unpainted-white-deadmau5-grin-115.html","Updated"
"items\unpainted-yellow-deadmau5-grin-750.html","Updated"
"items\untitled-371.html","Updated"
"items\untitled-670.html","Updated"
"items\urban-big-foot-custom-a-497.html","Updated"
"items\urban-big-foot-custom-b-252.html","Updated"
"items\urban-big-foot-jungle-gold-patina-23.html","Updated"
"items\urban-bigfoot-172.html","Updated"
"items\urban-bigfoot-192.html","Updated"
"items\urban-bigfoot-halloween-marbled-200.html","Updated"
"items\urban-bigfoot-jungle-gold-676.html","Updated"
"items\urban-bigfoot-purple-rain-902.html","Updated"
"items\valentine-dinogrenade-pink-popaganda-exclusive-928.html","Updated"
"items\valentine-s-edition-peace-love-and-understanding-211.html","Updated"
"items\velvet-blue-jog-grin-642.html","Updated"
"items\waylone-wolf-930.html","Updated"
"items\white-bunnny-rabbbit-183.html","Updated"
"items\white-deadmau5-grin-410.html","Updated"
"items\white-dubs-edition-boxing-brain-372.html","Updated"
"items\white-edition-peace-love-and-understanding-73.html","Updated"
"items\white-lucky-cat-grin-366.html","Updated"
"items\white-lurlorn-unicorn-564.html","Updated"
"items\white-panda-grin-42.html","Updated"
"items\white-police-grin-212.html","Updated"
"items\white-police-grin-action-figure-sdcc-20-60.html","Updated"
"items\white-police-grin-bone-grin-634.html","Updated"
"items\white-police-grin-gold-grin-152.html","Updated"
"items\white-storm-parter-387.html","Updated"
"items\wooden-mc-supersized-dcon-19-425.html","Updated"
"items\x-ray-full-color-red-lame-mcsupersized-815.html","Updated"
"items\x-ray-gid-835.html","Updated"
"items\x-ray-mc-mega-gid-1045.html","Updated"
"items\x-ray-mc-super-sized-2016-new-year-set-red-lame-199.html","Updated"
"items\x-ray-mc-super-sized-2016-new-year-set-yellow-lame-128.html","Updated"
"items\x-ray-mc-super-sized-blue-glitter-zero-magazine-exclusive-502.html","Updated"
"items\x-ray-mc-super-sized-ltd-ver-pearl-colors-white-gid-326.html","Updated"
"items\x-ray-mc-supersized-1st-edition-259.html","Updated"
"items\x-ray-mc-supersized-5th-edition-vol-1-1077.html","Updated"
"items\x-ray-mc-supersized-5th-edition-vol-2-155.html","Updated"
"items\x-ray-mc-supersized-ca-616.html","Updated"
"items\x-ray-mc-supersized-darkside-lucky-x-bag-2011-869.html","Updated"
"items\x-ray-mc-supersized-gold-red-600.html","Updated"
"items\x-ray-mc-supersized-limited-mindstyle-color-thailand-toy-expo-2015-exclusive-848.html","Updated"
"items\x-ray-mc-supersized-metallic-789.html","Updated"
"items\x-ray-mc-supersized-ny-black-gold-763.html","Updated"
"items\x-ray-mc-supersized-vintage-471.html","Updated"
"items\xmas-rabbbit-643.html","Updated"
"items\yellow-east-meets-west-671.html","Updated"
"items\yellow-pink-lady-lips-ntwrk-exclusive-438.html","Updated"
"items\yil-yang-709.html","Updated"
"items\yosemite-sam-sdcc-18-314.html","Updated"
"items\yucky-children-charmer-1041.html","Updated"
"items\yucky-children-charmer-mini-525.html","Updated"
"items\zero-grin-379.html","Updated"
"objects\index.html","Updated"
"sculptures\index.html","Updated"
"sculptures\editioned-sculptures\index.html","Updated"
"toys\index.html","Updated"
"toys\art-toys-and-editions\index.html","Updated"
"toys\art-toys-and-editions\action-figure\index.html","Updated"
"toys\art-toys-and-editions\action-figure\police-grin\index.html","Updated"
"toys\art-toys-and-editions\artist-gnome\index.html","Updated"
"toys\art-toys-and-editions\astro-boy\index.html","Updated"
"toys\art-toys-and-editions\barney\index.html","Updated"
"toys\art-toys-and-editions\bart-grin\index.html","Updated"
"toys\art-toys-and-editions\bearbrick\index.html","Updated"
"toys\art-toys-and-editions\big-boner\index.html","Updated"
"toys\art-toys-and-editions\big-poppa\index.html","Updated"
"toys\art-toys-and-editions\big-yang\index.html","Updated"
"toys\art-toys-and-editions\boxing-brain\index.html","Updated"
"toys\art-toys-and-editions\bunnny-bunnnie\index.html","Updated"
"toys\art-toys-and-editions\cathy-cowgirl\index.html","Updated"
"toys\art-toys-and-editions\cereal-killers\index.html","Updated"
"toys\art-toys-and-editions\cereal-killers\capn-cornstarch\index.html","Updated"
"toys\art-toys-and-editions\cereal-killers\coco-puffed-paunch\index.html","Updated"
"toys\art-toys-and-editions\cereal-killers\count-calorie\index.html","Updated"
"toys\art-toys-and-editions\cereal-killers\fat-tony\index.html","Updated"
"toys\art-toys-and-editions\cereal-killers\franken-fat\index.html","Updated"
"toys\art-toys-and-editions\cereal-killers\honey-butt\index.html","Updated"
"toys\art-toys-and-editions\cereal-killers\qhrist\index.html","Updated"
"toys\art-toys-and-editions\cereal-killers\smack-crack-and-pot\index.html","Updated"
"toys\art-toys-and-editions\cereal-killers\sugar-diabetic-bear\index.html","Updated"
"toys\art-toys-and-editions\cereal-killers\sugar-smack-killfrog\index.html","Updated"
"toys\art-toys-and-editions\cereal-killers\tricky-the-obese-rabbit\index.html","Updated"
"toys\art-toys-and-editions\cereal-killers\two-ton-sam\index.html","Updated"
"toys\art-toys-and-editions\cereal-killers\yucky-children-charmer\index.html","Updated"
"toys\art-toys-and-editions\charlie-grin\index.html","Updated"
"toys\art-toys-and-editions\dark-star-grin\index.html","Updated"
"toys\art-toys-and-editions\deadmau5\index.html","Updated"
"toys\art-toys-and-editions\dinogrenade\index.html","Updated"
"toys\art-toys-and-editions\donald\index.html","Updated"
"toys\art-toys-and-editions\dum-english\index.html","Updated"
"toys\art-toys-and-editions\dunny\index.html","Updated"
"toys\art-toys-and-editions\east-meets-west\index.html","Updated"
"toys\art-toys-and-editions\elefanka\index.html","Updated"
"toys\art-toys-and-editions\falla-sheep\index.html","Updated"
"toys\art-toys-and-editions\figment\index.html","Updated"
"toys\art-toys-and-editions\forlorn-unicorn\index.html","Updated"
"toys\art-toys-and-editions\freddy-funko\index.html","Updated"
"toys\art-toys-and-editions\frozen-culture\index.html","Updated"
"toys\art-toys-and-editions\grin-rabbbit-x-tower-records\index.html","Updated"
"toys\art-toys-and-editions\grinbot\index.html","Updated"
"toys\art-toys-and-editions\heart-skull\index.html","Updated"
"toys\art-toys-and-editions\homer\index.html","Updated"
"toys\art-toys-and-editions\iron-skin\index.html","Updated"
"toys\art-toys-and-editions\krusty\index.html","Updated"
"toys\art-toys-and-editions\lady-liberty\index.html","Updated"
"toys\art-toys-and-editions\lady-lips\index.html","Updated"
"toys\art-toys-and-editions\light-cult\index.html","Updated"
"toys\art-toys-and-editions\lucky-cat\index.html","Updated"
"toys\art-toys-and-editions\lucy\index.html","Updated"
"toys\art-toys-and-editions\mad-happy-monk\index.html","Updated"
"toys\art-toys-and-editions\magic-pumpgrin\index.html","Updated"
"toys\art-toys-and-editions\mario\index.html","Updated"
"toys\art-toys-and-editions\marvin-the-martian\index.html","Updated"
"toys\art-toys-and-editions\mc\index.html","Updated"
"toys\art-toys-and-editions\mc\evil-mc\index.html","Updated"
"toys\art-toys-and-editions\mc\mc-lover\index.html","Updated"
"toys\art-toys-and-editions\mc\mc-supersized\index.html","Updated"
"toys\art-toys-and-editions\mc\mc-supersized-grin\index.html","Updated"
"toys\art-toys-and-editions\mc\mc-x-ray\index.html","Updated"
"toys\art-toys-and-editions\mc\super-size-me\index.html","Updated"
"toys\art-toys-and-editions\modzilla\index.html","Updated"
"toys\art-toys-and-editions\mogul-grin\index.html","Updated"
"toys\art-toys-and-editions\mona-lisa\index.html","Updated"
"toys\art-toys-and-editions\more-evil-monkeys\index.html","Updated"
"toys\art-toys-and-editions\mousemask\index.html","Updated"
"toys\art-toys-and-editions\mousemask-murphy\index.html","Updated"
"toys\art-toys-and-editions\mousezilla\index.html","Updated"
"toys\art-toys-and-editions\mushroom-grin\index.html","Updated"
"toys\art-toys-and-editions\obama\index.html","Updated"
"toys\art-toys-and-editions\orion-grin\index.html","Updated"
"toys\art-toys-and-editions\panda-grin\index.html","Updated"
"toys\art-toys-and-editions\patrick\index.html","Updated"
"toys\art-toys-and-editions\peace-love-and-understanding\index.html","Updated"
"toys\art-toys-and-editions\pigeon-skull\index.html","Updated"
"toys\art-toys-and-editions\piggy-bank\index.html","Updated"
"toys\art-toys-and-editions\police-grin\index.html","Updated"
"toys\art-toys-and-editions\popeye-grin\index.html","Updated"
"toys\art-toys-and-editions\poultry-rex\index.html","Updated"
"toys\art-toys-and-editions\punk-skunk\index.html","Updated"
"toys\art-toys-and-editions\rodent-grin\index.html","Updated"
"toys\art-toys-and-editions\ronnnie-rabbbit\index.html","Updated"
"toys\art-toys-and-editions\spongebob\index.html","Updated"
"toys\art-toys-and-editions\star-skull\index.html","Updated"
"toys\art-toys-and-editions\star-skull-walking-stick\index.html","Updated"
"toys\art-toys-and-editions\storm-parter\index.html","Updated"
"toys\art-toys-and-editions\sunflower\index.html","Updated"
"toys\art-toys-and-editions\telegrinnie\index.html","Updated"
"toys\art-toys-and-editions\temper-tot\index.html","Updated"
"toys\art-toys-and-editions\trunk\index.html","Updated"
"toys\art-toys-and-editions\uncle-scam\index.html","Updated"
"toys\art-toys-and-editions\urban-bigfoot\index.html","Updated"
"toys\custom-toys\index.html","Updated"
"toys\custom-toys\big-poppa\index.html","Updated"
"toys\custom-toys\doh-boy\index.html","Updated"
"toys\custom-toys\heart-brain\index.html","Updated"
"toys\custom-toys\heart-skull\index.html","Updated"
"toys\custom-toys\little-bigfoot\index.html","Updated"
"toys\custom-toys\modzilla\index.html","Updated"
"toys\custom-toys\mona-grin\index.html","Updated"
"toys\custom-toys\ronnnie-rabbbit\index.html","Updated"
"toys\custom-toys\urban-bigfoot\index.html","Updated"
"toys\designer-toys\index.html","Updated"
