"PagePath","Status","BackupPath","Detail"
"items/action-jackson-480.html","Removed","D:\github-backups\ron-english-toys\targeted-toy-index-cleanup-and-moves-v1-20260513-084143\items\action-jackson-480.html","HTML page removed after backup. Source images were not touched."
"items/action-mc-173.html","Removed","D:\github-backups\ron-english-toys\targeted-toy-index-cleanup-and-moves-v1-20260513-084143\items\action-mc-173.html","HTML page removed after backup. Source images were not touched."
"items/blanka-15-figure-82.html","Removed","D:\github-backups\ron-english-toys\targeted-toy-index-cleanup-and-moves-v1-20260513-084143\items\blanka-15-figure-82.html","HTML page removed after backup. Source images were not touched."
"items/cassie-cowgirl-circus-sideshow-27.html","Removed","D:\github-backups\ron-english-toys\targeted-toy-index-cleanup-and-moves-v1-20260513-084143\items\cassie-cowgirl-circus-sideshow-27.html","HTML page removed after backup. Source images were not touched."
"items/cereal-killers-yucky-children-charmer-752.html","Removed","D:\github-backups\ron-english-toys\targeted-toy-index-cleanup-and-moves-v1-20260513-084143\items\cereal-killers-yucky-children-charmer-752.html","HTML page removed after backup. Source images were not touched."
"items/dinogrenade-hand-painted-409.html","Removed","D:\github-backups\ron-english-toys\targeted-toy-index-cleanup-and-moves-v1-20260513-084143\items\dinogrenade-hand-painted-409.html","HTML page removed after backup. Source images were not touched."
"items/dinogrenade-hand-painted-69.html","Removed","D:\github-backups\ron-english-toys\targeted-toy-index-cleanup-and-moves-v1-20260513-084143\items\dinogrenade-hand-painted-69.html","HTML page removed after backup. Source images were not touched."
"items/dinogrenade-hand-painted-740.html","Removed","D:\github-backups\ron-english-toys\targeted-toy-index-cleanup-and-moves-v1-20260513-084143\items\dinogrenade-hand-painted-740.html","HTML page removed after backup. Source images were not touched."
"items/evil-mc-golden-boy-680.html","Removed","D:\github-backups\ron-english-toys\targeted-toy-index-cleanup-and-moves-v1-20260513-084143\items\evil-mc-golden-boy-680.html","HTML page removed after backup. Source images were not touched."
"items/flesh-colored-blank-mousezilla-514.html","Removed","D:\github-backups\ron-english-toys\targeted-toy-index-cleanup-and-moves-v1-20260513-084143\items\flesh-colored-blank-mousezilla-514.html","HTML page removed after backup. Source images were not touched."
"items/heart-brain-pink-621.html","Removed","D:\github-backups\ron-english-toys\targeted-toy-index-cleanup-and-moves-v1-20260513-084143\items\heart-brain-pink-621.html","HTML page removed after backup. Source images were not touched."
"items/jewsus-circus-sideshow-327.html","Removed","D:\github-backups\ron-english-toys\targeted-toy-index-cleanup-and-moves-v1-20260513-084143\items\jewsus-circus-sideshow-327.html","HTML page removed after backup. Source images were not touched."
"items/Mousezilla - Green & Yellow-1029.html","Not found","","No HTML page existed at this path."
"items/popeye-grin-gid-version-186.html","Removed","D:\github-backups\ron-english-toys\targeted-toy-index-cleanup-and-moves-v1-20260513-084143\items\popeye-grin-gid-version-186.html","HTML page removed after backup. Source images were not touched."
"items/poultry-rex-painted-purple-dcon-16-95.html","Removed","D:\github-backups\ron-english-toys\targeted-toy-index-cleanup-and-moves-v1-20260513-084143\items\poultry-rex-painted-purple-dcon-16-95.html","HTML page removed after backup. Source images were not touched."
"items/poultry-rex-slime-green-443.html","Removed","D:\github-backups\ron-english-toys\targeted-toy-index-cleanup-and-moves-v1-20260513-084143\items\poultry-rex-slime-green-443.html","HTML page removed after backup. Source images were not touched."
"items/ronnie-rabbbit-705.html","Removed","D:\github-backups\ron-english-toys\targeted-toy-index-cleanup-and-moves-v1-20260513-084143\items\ronnie-rabbbit-705.html","HTML page removed after backup. Source images were not touched."
"items/ronnnie-rabbbit-108.html","Removed","D:\github-backups\ron-english-toys\targeted-toy-index-cleanup-and-moves-v1-20260513-084143\items\ronnnie-rabbbit-108.html","HTML page removed after backup. Source images were not touched."
"items/terror-demon-959.html","Removed","D:\github-backups\ron-english-toys\targeted-toy-index-cleanup-and-moves-v1-20260513-084143\items\terror-demon-959.html","HTML page removed after backup. Source images were not touched."
"items/yil-yang-circus-sideshow-522.html","Removed","D:\github-backups\ron-english-toys\targeted-toy-index-cleanup-and-moves-v1-20260513-084143\items\yil-yang-circus-sideshow-522.html","HTML page removed after backup. Source images were not touched."
