"CurrentTitle","PagePath","ImageIssue","CorrectImageFilename","CorrectImagePathUsed","OldImagePath","Status","Note","BackupPath"
"Abraham Obama - Black","items/abraham-obama-black-435.html","wrong image","Abraham Obama - Black - DESIGNER TOY-2.jpeg","../images/Trampt/Abraham Obama - Black - DESIGNER TOY-2.jpeg","../images/Trampt/Abraham%20Obama%20-%20Black%20-%20DESIGNER%20TOY.jpeg","Updated","Updated first matching item image. Exact filename found.","D:\github-backups\ron-english-toys\update-toy-item-images-from-review-csv-v1-20260513-070107\items\abraham-obama-black-435.html"
"Abraham Obama - Bronze","items/abraham-obama-bronze-703.html","wrong image","Abraham Obama - Bronze - DESIGNER TOY-2.jpeg","../images/Trampt/Abraham Obama - Bronze - DESIGNER TOY-2.jpeg","../images/Trampt/Abraham%20Obama%20-%20Bronze%20-%20DESIGNER%20TOY.jpeg","Updated","Updated first matching item image. Exact filename found.","D:\github-backups\ron-english-toys\update-toy-item-images-from-review-csv-v1-20260513-070107\items\abraham-obama-bronze-703.html"
"Abraham Obama - Silver","items/abraham-obama-silver-264.html","wrong image","Abraham Obama - Silver - DESIGNER TOY-2.jpeg","../images/Trampt/Abraham Obama - Silver - DESIGNER TOY-2.jpeg","../images/Trampt/Abraham%20Obama%20-%20Silver%20-%20DESIGNER%20TOY.jpeg","Updated","Updated first matching item image. Exact filename found.","D:\github-backups\ron-english-toys\update-toy-item-images-from-review-csv-v1-20260513-070107\items\abraham-obama-silver-264.html"
"Abraham Obama - White","items/abraham-obama-white-293.html","wrong image","Abraham Obama - White - DESIGNER TOY-2.jpeg","../images/Trampt/Abraham Obama - White - DESIGNER TOY-2.jpeg","../images/Trampt/Abraham%20Obama%20-%20White%20-%20DESIGNER%20TOY.jpeg","Updated","Updated first matching item image. Exact filename found.","D:\github-backups\ron-english-toys\update-toy-item-images-from-review-csv-v1-20260513-070107\items\abraham-obama-white-293.html"
"Cereal Killers - Froot Looped","items/cereal-killers-froot-looped-657.html","wrong image","Cereal Killers - Froot Looped - DESIGNER TOY-2.jpeg","../images/Trampt/Cereal Killers - Froot Looped - DESIGNER TOY-2.jpeg","../images/Trampt/Cereal%20Killers%20-%20Froot%20Looped%20-%20DESIGNER%20TOY.jpeg","Updated","Updated first matching item image. Exact filename found.","D:\github-backups\ron-english-toys\update-toy-item-images-from-review-csv-v1-20260513-070107\items\cereal-killers-froot-looped-657.html"
"Funny Sex Pack","items/funny-sex-pack-399.html","wrong image","Funny Sex Pack - DESIGNER TOY-2.jpeg","../images/Trampt/Funny Sex Pack - DESIGNER TOY-2.jpeg","../images/Trampt/Funny%20Sex%20Pack%20-%20DESIGNER%20TOY.jpeg","Updated","Updated first matching item image. Exact filename found.","D:\github-backups\ron-english-toys\update-toy-item-images-from-review-csv-v1-20260513-070107\items\funny-sex-pack-399.html"
"Atomic Orange Charlie Grin Sunflower (+NFT)","items/atomic-orange-charlie-grin-sunflower-nft-1001.html","wrong image","48 Atomic Orange Charlie Grin (+NFT) - DESIGNER TOY.jpeg","../images/Trampt/48 Atomic Orange Charlie Grin (+NFT) - DESIGNER TOY.jpeg","../images/Trampt/Atomic%20Orange%20Charlie%20Grin%20Sunflower%20(%2BNFT)%20-%20DESIGNER%20TOY.gif","Updated","Updated first matching item image. Exact filename found.","D:\github-backups\ron-english-toys\update-toy-item-images-from-review-csv-v1-20260513-070107\items\atomic-orange-charlie-grin-sunflower-nft-1001.html"
"Charlie Grin - Mono w/ Platinum Grill ( JPS Exclusive )","items/charlie-grin-mono-w-platinum-grill-jps-exclusive-34.html","wrong image","Charlie Grin - Mono w Platinum Grill ( JPS Exclusive ) - DESIGNER TOY-2.jpeg","../images/Trampt/Charlie Grin - Mono w Platinum Grill ( JPS Exclusive ) - DESIGNER TOY-2.jpeg","../images/Trampt/Charlie%20Grin%20-%20Mono%20w%20Platinum%20Grill%20(%20JPS%20Exclusive%20)%20-%20DESIGNER%20TOY.jpeg","Updated","Updated first matching item image. Exact filename found.","D:\github-backups\ron-english-toys\update-toy-item-images-from-review-csv-v1-20260513-070107\items\charlie-grin-mono-w-platinum-grill-jps-exclusive-34.html"
"Charlie Grin Club Cubic - GID","items/charlie-grin-club-cubic-gid-383.html","wrong image","Charlie Grin Club Cubic - GID - DESIGNER TOY-2.jpeg","../images/Trampt/Charlie Grin Club Cubic - GID - DESIGNER TOY-2.jpeg","../images/Trampt/Charlie%20Grin%20Club%20Cubic%20-%20GID%20-%20DESIGNER%20TOY.jpeg","Updated","Updated first matching item image. Exact filename found.","D:\github-backups\ron-english-toys\update-toy-item-images-from-review-csv-v1-20260513-070107\items\charlie-grin-club-cubic-gid-383.html"
"Charlie Grin Shocking Sunflower (Bone)","items/charlie-grin-shocking-sunflower-bone-281.html","wrong image","Charlie Grin Shocking Sunflower (Bone) - DESIGNER TOY-2.jpeg","../images/Trampt/Charlie Grin Shocking Sunflower (Bone) - DESIGNER TOY-2.jpeg","../images/Trampt/Charlie%20Grin%20Shocking%20Sunflower%20(Bone)%20-%20DESIGNER%20TOY.jpeg","Updated","Updated first matching item image. Exact filename found.","D:\github-backups\ron-english-toys\update-toy-item-images-from-review-csv-v1-20260513-070107\items\charlie-grin-shocking-sunflower-bone-281.html"
"Teal Fat Tony","items/teal-fat-tony-242.html","wrong image","Teal Fat Tony - DESIGNER TOY-2.jpeg","../images/Trampt/Teal Fat Tony - DESIGNER TOY-2.jpeg","../images/Trampt/Teal%20Fat%20Tony%20-%20DESIGNER%20TOY.jpeg","Updated","Updated first matching item image. Exact filename found.","D:\github-backups\ron-english-toys\update-toy-item-images-from-review-csv-v1-20260513-070107\items\teal-fat-tony-242.html"
"Blue Deadmau5 Grin","items/blue-deadmau5-grin-566.html","wrong image","Blue Deadmau5 Grin - DESIGNER TOY-2.jpeg","../images/Trampt/Blue Deadmau5 Grin - DESIGNER TOY-2.jpeg","../images/Trampt/Blue%20Deadmau5%20Grin%20-%20DESIGNER%20TOY.jpeg","Updated","Updated first matching item image. Exact filename found.","D:\github-backups\ron-english-toys\update-toy-item-images-from-review-csv-v1-20260513-070107\items\blue-deadmau5-grin-566.html"
"Blue Ice Shocking Sunflower (Bone Grin)","items/blue-ice-shocking-sunflower-bone-grin-1027.html","wrong image","Blue Ice Shocking Sunflower (Bone Grin) - DESIGNER TOY-2.jpeg","../images/Trampt/Blue Ice Shocking Sunflower (Bone Grin) - DESIGNER TOY-2.jpeg","../images/Trampt/Blue%20Ice%20Shocking%20Sunflower%20(Bone%20Grin)%20-%20DESIGNER%20TOY.jpeg","Updated","Updated first matching item image. Exact filename found.","D:\github-backups\ron-english-toys\update-toy-item-images-from-review-csv-v1-20260513-070107\items\blue-ice-shocking-sunflower-bone-grin-1027.html"
"Club Cubic 7th Anniversary Police Grin","items/club-cubic-7th-anniversary-police-grin-875.html","wrong image","Club Cubic 7th Anniversary Police Grin - DESIGNER TOY-2.jpeg","../images/Trampt/Club Cubic 7th Anniversary Police Grin - DESIGNER TOY-2.jpeg","../images/Trampt/Club%20Cubic%207th%20Anniversary%20Police%20Grin%20-%20DESIGNER%20TOY.jpeg","Updated","Updated first matching item image. Exact filename found.","D:\github-backups\ron-english-toys\update-toy-item-images-from-review-csv-v1-20260513-070107\items\club-cubic-7th-anniversary-police-grin-875.html"
"Creepy Christmas Deadmau5 Grin","items/creepy-christmas-deadmau5-grin-473.html","wrong image","Creepy Christmas Deadmau5 Grin - DESIGNER TOY-2.jpeg","../images/Trampt/Creepy Christmas Deadmau5 Grin - DESIGNER TOY-2.jpeg","../images/Trampt/Creepy%20Christmas%20Deadmau5%20Grin%20-%20DESIGNER%20TOY.jpeg","Updated","Updated first matching item image. Exact filename found.","D:\github-backups\ron-english-toys\update-toy-item-images-from-review-csv-v1-20260513-070107\items\creepy-christmas-deadmau5-grin-473.html"
"Dark Star Silver Grin","items/dark-star-silver-grin-463.html","wrong image","Dark Star Silver Grin - DESIGNER TOY-2.jpeg","../images/Trampt/Dark Star Silver Grin - DESIGNER TOY-2.jpeg","../images/Trampt/Dark%20Star%20Silver%20Grin%20-%20DESIGNER%20TOY.jpeg","Updated","Updated first matching item image. Exact filename found.","D:\github-backups\ron-english-toys\update-toy-item-images-from-review-csv-v1-20260513-070107\items\dark-star-silver-grin-463.html"
"Gold Iron Skin Grin","items/gold-iron-skin-grin-689.html","wrong image","Gold Iron Skin Grin - DESIGNER TOY-2.jpeg","../images/Trampt/Gold Iron Skin Grin - DESIGNER TOY-2.jpeg","../images/Trampt/Gold%20Iron%20Skin%20Grin%20-%20DESIGNER%20TOY.jpeg","Updated","Updated first matching item image. Exact filename found.","D:\github-backups\ron-english-toys\update-toy-item-images-from-review-csv-v1-20260513-070107\items\gold-iron-skin-grin-689.html"
"Green Mona Lisa Grin","items/green-mona-lisa-grin-838.html","wrong image","Green Mona Lisa Grin - DESIGNER TOY-2.jpeg","../images/Trampt/Green Mona Lisa Grin - DESIGNER TOY-2.jpeg","../images/Trampt/Green%20Mona%20Lisa%20Grin%20-%20DESIGNER%20TOY.jpeg","Updated","Updated first matching item image. Exact filename found.","D:\github-backups\ron-english-toys\update-toy-item-images-from-review-csv-v1-20260513-070107\items\green-mona-lisa-grin-838.html"
"Green Orion Grin (Gold Smile)","items/green-orion-grin-gold-smile-531.html","wrong image","Green Orion Grin (Gold Smile) - DESIGNER TOY-2.jpeg","../images/Trampt/Green Orion Grin (Gold Smile) - DESIGNER TOY-2.jpeg","../images/Trampt/Green%20Orion%20Grin%20(Gold%20Smile)%20-%20DESIGNER%20TOY.jpeg","Updated","Updated first matching item image. Exact filename found.","D:\github-backups\ron-english-toys\update-toy-item-images-from-review-csv-v1-20260513-070107\items\green-orion-grin-gold-smile-531.html"
"Grey Orion Grin (Bone Smile)","items/grey-orion-grin-bone-smile-48.html","wrong image","Grey Orion Grin (Bone Smile) - DESIGNER TOY-2.jpeg","../images/Trampt/Grey Orion Grin (Bone Smile) - DESIGNER TOY-2.jpeg","../images/Trampt/Grey%20Orion%20Grin%20(Bone%20Smile)%20-%20DESIGNER%20TOY.jpeg","Updated","Updated first matching item image. Exact filename found.","D:\github-backups\ron-english-toys\update-toy-item-images-from-review-csv-v1-20260513-070107\items\grey-orion-grin-bone-smile-48.html"
"Grin Polka Dot Shocking Sunflower","items/grin-polka-dot-shocking-sunflower-727.html","wrong image","Grin Polka Dot Shocking Sunflower - DESIGNER TOY-3.jpeg","../images/Trampt/Grin Polka Dot Shocking Sunflower - DESIGNER TOY-3.jpeg","../images/Trampt/Grin%20Polka%20Dot%20Shocking%20Sunflower%20-%20DESIGNER%20TOY.jpeg","Updated","Updated first matching item image. Exact filename found.","D:\github-backups\ron-english-toys\update-toy-item-images-from-review-csv-v1-20260513-070107\items\grin-polka-dot-shocking-sunflower-727.html"
"Madness Krusty the Grin","items/madness-krusty-the-grin-88.html","wrong image","Madness Krusty the Grin - DESIGNER TOY-2.jpeg","../images/Trampt/Madness Krusty the Grin - DESIGNER TOY-2.jpeg","../images/Trampt/Madness%20Krusty%20the%20Grin%20-%20DESIGNER%20TOY.jpeg","Updated","Updated first matching item image. Exact filename found.","D:\github-backups\ron-english-toys\update-toy-item-images-from-review-csv-v1-20260513-070107\items\madness-krusty-the-grin-88.html"
"MARIO GRIN - ANTIQUE EDITION","items/mario-grin-antique-edition-527.html","wrong image","MARIO GRIN - ANTIQUE EDITION - DESIGNER TOY-2.jpeg","../images/Trampt/MARIO GRIN - ANTIQUE EDITION - DESIGNER TOY-2.jpeg","../images/Trampt/MARIO%20GRIN%20-%20ANTIQUE%20EDITION%20-%20DESIGNER%20TOY.jpeg","Updated","Updated first matching item image. Exact filename found.","D:\github-backups\ron-english-toys\update-toy-item-images-from-review-csv-v1-20260513-070107\items\mario-grin-antique-edition-527.html"
"Mario Grin - Gold","items/mario-grin-gold-360.html","wrong image","Mario Grin - Gold - DESIGNER TOY-3.jpeg","../images/Trampt/Mario Grin - Gold - DESIGNER TOY-3.jpeg","../images/Trampt/Mario%20Grin%20-%20Gold%20-%20DESIGNER%20TOY.jpeg","Updated","Updated first matching item image. Exact filename found.","D:\github-backups\ron-english-toys\update-toy-item-images-from-review-csv-v1-20260513-070107\items\mario-grin-gold-360.html"
"Mono Pigeon Skull Grin","items/mono-pigeon-skull-grin-667.html","wrong image","Mono Pigeon Skull Grin - DESIGNER TOY-2.jpeg","../images/Trampt/Mono Pigeon Skull Grin - DESIGNER TOY-2.jpeg","../images/Trampt/Mono%20Pigeon%20Skull%20Grin%20-%20DESIGNER%20TOY.jpeg","Updated","Updated first matching item image. Exact filename found.","D:\github-backups\ron-english-toys\update-toy-item-images-from-review-csv-v1-20260513-070107\items\mono-pigeon-skull-grin-667.html"
"Mushroom Grin - Green","items/mushroom-grin-green-477.html","wrong image","Mushroom Grin - Green - DESIGNER TOY-2.jpeg","../images/Trampt/Mushroom Grin - Green - DESIGNER TOY-2.jpeg","../images/Trampt/Mushroom%20Grin%20-%20Green%20-%20DESIGNER%20TOY.jpeg","Updated","Updated first matching item image. Exact filename found.","D:\github-backups\ron-english-toys\update-toy-item-images-from-review-csv-v1-20260513-070107\items\mushroom-grin-green-477.html"
"Nong Toy Grin","items/nong-toy-grin-285.html","wrong image","Nong Toy Grin - DESIGNER TOY-2.jpeg","../images/Trampt/Nong Toy Grin - DESIGNER TOY-2.jpeg","../images/Trampt/Nong%20Toy%20Grin%20-%20DESIGNER%20TOY.jpeg","Updated","Updated first matching item image. Exact filename found.","D:\github-backups\ron-english-toys\update-toy-item-images-from-review-csv-v1-20260513-070107\items\nong-toy-grin-285.html"
"Oxidation Deadmau5 Grin","items/oxidation-deadmau5-grin-965.html","wrong image","Oxidation Deadmau5 Grin - DESIGNER TOY.jpeg","../images/Trampt/Oxidation Deadmau5 Grin - DESIGNER TOY.jpeg","../images/Trampt/Oxidation%20Deadmau5%20Grin%20-%20DESIGNER%20TOY.gif","Updated","Updated first matching item image. Exact filename found.","D:\github-backups\ron-english-toys\update-toy-item-images-from-review-csv-v1-20260513-070107\items\oxidation-deadmau5-grin-965.html"
"Panda Grin Black Glitter","items/panda-grin-black-glitter-451.html","wrong image","Panda Grin Black Glitter - DESIGNER TOY-3.jpeg","../images/Trampt/Panda Grin Black Glitter - DESIGNER TOY-3.jpeg","../images/Trampt/Panda%20Grin%20Black%20Glitter%20-%20DESIGNER%20TOY.jpeg","Updated","Updated first matching item image. Exact filename found.","D:\github-backups\ron-english-toys\update-toy-item-images-from-review-csv-v1-20260513-070107\items\panda-grin-black-glitter-451.html"
"Pink Shocking Sunflower (Bone Grin)","items/pink-shocking-sunflower-bone-grin-114.html","wrong image","Pink Shocking Sunflower (Bone Grin) - DESIGNER TOY-2.jpeg","../images/Trampt/Pink Shocking Sunflower (Bone Grin) - DESIGNER TOY-2.jpeg","../images/Trampt/Pink%20Shocking%20Sunflower%20(Bone%20Grin)%20-%20DESIGNER%20TOY.jpeg","Updated","Updated first matching item image. Exact filename found.","D:\github-backups\ron-english-toys\update-toy-item-images-from-review-csv-v1-20260513-070107\items\pink-shocking-sunflower-bone-grin-114.html"
"Popeye Grin GID","items/popeye-grin-gid-180.html","wrong image","Popeye Grin GID Version - DESIGNER TOY-2.jpeg","../images/Trampt/Popeye Grin GID Version - DESIGNER TOY-2.jpeg","../images/Trampt/Popeye%20Grin%20GID%20-%20DESIGNER%20TOY.jpeg","Updated","Updated first matching item image. Exact filename found.","D:\github-backups\ron-english-toys\update-toy-item-images-from-review-csv-v1-20260513-070107\items\popeye-grin-gid-180.html"
"Rainbow Orion Grin (Gold Teeth)","items/rainbow-orion-grin-gold-teeth-46.html","w","Rainbow Orion Grin (Gold Teeth) - DESIGNER TOY-2.jpeg","../images/Trampt/Rainbow Orion Grin (Gold Teeth) - DESIGNER TOY-2.jpeg","../images/Trampt/Rainbow%20Orion%20Grin%20(Gold%20Teeth)%20-%20DESIGNER%20TOY.jpeg","Updated","Updated first matching item image. Exact filename found.","D:\github-backups\ron-english-toys\update-toy-item-images-from-review-csv-v1-20260513-070107\items\rainbow-orion-grin-gold-teeth-46.html"
"Rollie Green UN1TED Edition Platinum Mogul Grin","items/rollie-green-un1ted-edition-platinum-mogul-grin-748.html","wrong image","Rollie Green UN1TED Edition Platinum Mogul Grin - DESIGNER TOY-2.jpeg","../images/Trampt/Rollie Green UN1TED Edition Platinum Mogul Grin - DESIGNER TOY-2.jpeg","../images/Trampt/Rollie%20Green%20UN1TED%20Edition%20Platinum%20Mogul%20Grin%20-%20DESIGNER%20TOY.jpeg","Updated","Updated first matching item image. Exact filename found.","D:\github-backups\ron-english-toys\update-toy-item-images-from-review-csv-v1-20260513-070107\items\rollie-green-un1ted-edition-platinum-mogul-grin-748.html"
"Rose Gold Iron Skin Grin","items/rose-gold-iron-skin-grin-974.html","wrong image","Rose Gold Iron Skin Grin - DESIGNER TOY-2.jpeg","../images/Trampt/Rose Gold Iron Skin Grin - DESIGNER TOY-2.jpeg","../images/Trampt/Rose%20Gold%20Iron%20Skin%20Grin%20-%20DESIGNER%20TOY.jpeg","Updated","Updated first matching item image. Exact filename found.","D:\github-backups\ron-english-toys\update-toy-item-images-from-review-csv-v1-20260513-070107\items\rose-gold-iron-skin-grin-974.html"
"Silver D*Dog Grin (Black Smile)","items/silver-d-dog-grin-black-smile-851.html","wrong image","Silver DDog Grin (Black Smile) - DESIGNER TOY-2.jpeg","../images/Trampt/Silver DDog Grin (Black Smile) - DESIGNER TOY-2.jpeg","../images/Trampt/Silver%20DDog%20Grin%20(Black%20Smile)%20-%20DESIGNER%20TOY.jpeg","Updated","Updated first matching item image. Exact filename found.","D:\github-backups\ron-english-toys\update-toy-item-images-from-review-csv-v1-20260513-070107\items\silver-d-dog-grin-black-smile-851.html"
"Smiley Grin Piggy Bank - Gentle Blue","items/smiley-grin-piggy-bank-gentle-blue-962.html","wrong image","Smiley_Grin_Piggy_Bank-blue.webp","../images/Trampt/Smiley_Grin_Piggy_Bank-blue.webp","../images/Trampt/Smiley%20Grin%20Piggy%20Bank%20-%20Gentle%20Blue%20-%20DESIGNER%20TOY.gif","Updated","Updated first matching item image. Exact filename found.","D:\github-backups\ron-english-toys\update-toy-item-images-from-review-csv-v1-20260513-070107\items\smiley-grin-piggy-bank-gentle-blue-962.html"
"Springtime Deadmau5 Grin","items/springtime-deadmau5-grin-1037.html","wrong image","Springtime Deadmau5 Grin.webp","../images/Trampt/Springtime Deadmau5 Grin.webp","../images/Trampt/Springtime%20Deadmau5%20Grin%20-%20DESIGNER%20TOY.gif","Updated","Updated first matching item image. Exact filename found.","D:\github-backups\ron-english-toys\update-toy-item-images-from-review-csv-v1-20260513-070107\items\springtime-deadmau5-grin-1037.html"
"The Flinstones : Bam Bam Grin (SDCC '19)","items/the-flinstones-bam-bam-grin-sdcc-19-767.html","wrong image","The Flinstones Bam Bam Grin (SDCC '19) - DESIGNER TOY-2.jpeg","../images/Trampt/The Flinstones Bam Bam Grin (SDCC '19) - DESIGNER TOY-2.jpeg","../images/Trampt/The%20Flinstones%20Bam%20Bam%20Grin%20(SDCC%20'19)%20-%20DESIGNER%20TOY.jpeg","Updated","Updated first matching item image. Exact filename found.","D:\github-backups\ron-english-toys\update-toy-item-images-from-review-csv-v1-20260513-070107\items\the-flinstones-bam-bam-grin-sdcc-19-767.html"
"Black Pearl Heart Skull","items/black-pearl-heart-skull-560.html","wrong image","Black Pearl Heart Skull - DESIGNER TOY-3.jpeg","../images/Trampt/Black Pearl Heart Skull - DESIGNER TOY-3.jpeg","../images/Trampt/Black%20Pearl%20Heart%20Skull%20-%20DESIGNER%20TOY.jpeg","Updated","Updated first matching item image. Exact filename found.","D:\github-backups\ron-english-toys\update-toy-item-images-from-review-csv-v1-20260513-070107\items\black-pearl-heart-skull-560.html"
"Heart Skull - Metallic Purple","items/heart-skull-metallic-purple-1064.html","wrong image","Heart Skull - Metallic Purple - DESIGNER TOY-2.jpeg","../images/Trampt/Heart Skull - Metallic Purple - DESIGNER TOY-2.jpeg","../images/Trampt/Heart%20Skull%20-%20Metallic%20Purple%20-%20DESIGNER%20TOY.jpeg","Updated","Updated first matching item image. Exact filename found.","D:\github-backups\ron-english-toys\update-toy-item-images-from-review-csv-v1-20260513-070107\items\heart-skull-metallic-purple-1064.html"
"Mystical Magenta Heart Skull (NTWRK Exclusive)","items/mystical-magenta-heart-skull-ntwrk-exclusive-1036.html","wrong image","Mystical Magenta Heart Skull (NTWRK Exclusive).webp","../images/Trampt/Mystical Magenta Heart Skull (NTWRK Exclusive).webp","../images/Trampt/Mystical%20Magenta%20Heart%20Skull%20(NTWRK%20Exclusive)%20-%20DESIGNER%20TOY.gif","Updated","Updated first matching item image. Exact filename found.","D:\github-backups\ron-english-toys\update-toy-item-images-from-review-csv-v1-20260513-070107\items\mystical-magenta-heart-skull-ntwrk-exclusive-1036.html"
"Rebel Rebel Heart Skull (NYCC '18)","items/rebel-rebel-heart-skull-nycc-18-369.html","wrong image","Rebel Rebel Heart Skull (NYCC '18) - DESIGNER TOY-2.jpeg","../images/Trampt/Rebel Rebel Heart Skull (NYCC '18) - DESIGNER TOY-2.jpeg","../images/Trampt/Rebel%20Rebel%20Heart%20Skull%20(NYCC%20'18)%20-%20DESIGNER%20TOY.jpeg","Updated","Updated first matching item image. Exact filename found.","D:\github-backups\ron-english-toys\update-toy-item-images-from-review-csv-v1-20260513-070107\items\rebel-rebel-heart-skull-nycc-18-369.html"
"Liberty Grin - 48","items/liberty-grin-48-942.html","wrong image","Liberty Grin - 48 - Custom Toy - Trampt item 942.jpg","../images/Trampt/Liberty Grin - 48 - Custom Toy - Trampt item 942.jpg","../images/Trampt/Liberty Grin - 48 - Custom Toy - Trampt item 942.jpg","No change","Page already uses this image path. Exact filename found.",""
"Patina Lady Liberty Grin","items/patina-lady-liberty-grin-963.html","wrong image","Patina Lady Liberty Grin.webp","../images/Trampt/Patina Lady Liberty Grin.webp","../images/Trampt/Patina%20Lady%20Liberty%20Grin%20-%20DESIGNER%20TOY.gif","Updated","Updated first matching item image. Exact filename found.","D:\github-backups\ron-english-toys\update-toy-item-images-from-review-csv-v1-20260513-070107\items\patina-lady-liberty-grin-963.html"
"Black & White GID Light Cult Crypto Bulb","items/black-white-gid-light-cult-crypto-bulb-591.html","wrong image","Black & White GID Light Cult Crypto Bulb - DESIGNER TOY.jpeg","../images/Trampt/Black & White GID Light Cult Crypto Bulb - DESIGNER TOY.jpeg","../images/Trampt/Black%20%26%20White%20GID%20Light%20Cult%20Crypto%20Bulb%20-%20DESIGNER%20TOY.jpeg","Updated","Updated first matching item image. Exact filename found.","D:\github-backups\ron-english-toys\update-toy-item-images-from-review-csv-v1-20260513-070107\items\black-white-gid-light-cult-crypto-bulb-591.html"
"Pink & Blue GID Light Cult Crypto Bulb","items/pink-blue-gid-light-cult-crypto-bulb-646.html","wrong image","Pink & Blue GID Light Cult Crypto Bulb - DESIGNER TOY-3.jpeg","../images/Trampt/Pink & Blue GID Light Cult Crypto Bulb - DESIGNER TOY-3.jpeg","../images/Trampt/Pink%20%26%20Blue%20GID%20Light%20Cult%20Crypto%20Bulb%20-%20DESIGNER%20TOY.jpeg","Updated","Updated first matching item image. Exact filename found.","D:\github-backups\ron-english-toys\update-toy-item-images-from-review-csv-v1-20260513-070107\items\pink-blue-gid-light-cult-crypto-bulb-646.html"
"Golden Little Bigfoot","items/golden-little-bigfoot-263.html","","Golden Little Bigfoot - Custom Toy - Trampt item 263.jpg","../images/Trampt/Golden Little Bigfoot - Custom Toy - Trampt item 263.jpg","../images/Trampt/Golden Little Bigfoot - Custom Toy - Trampt item 263.jpg","No change","Page already uses this image path. Exact filename found.",""
"Green LITTLE BIGFOOT","items/green-little-bigfoot-213.html","","Green LITTLE BIGFOOT - Custom Toy - Trampt item 213.jpg","../images/Trampt/Green LITTLE BIGFOOT - Custom Toy - Trampt item 213.jpg","../images/Trampt/Green LITTLE BIGFOOT - Custom Toy - Trampt item 213.jpg","No change","Page already uses this image path. Exact filename found.",""
"Urban Bigfoot - Jungle Gold","items/urban-bigfoot-jungle-gold-676.html","wrong image","Urban Bigfoot - Jungle Gold - DESIGNER TOY-2.jpeg","../images/Trampt/Urban Bigfoot - Jungle Gold - DESIGNER TOY-2.jpeg","../images/Trampt/Urban%20Bigfoot%20-%20Jungle%20Gold%20-%20DESIGNER%20TOY.jpeg","Updated","Updated first matching item image. Exact filename found.","D:\github-backups\ron-english-toys\update-toy-item-images-from-review-csv-v1-20260513-070107\items\urban-bigfoot-jungle-gold-676.html"
"4"" Groovy Mc Supersized (Skull)","items/4-groovy-mc-supersized-skull-164.html","wrong image","4 Groovy Mc Supersized (Skull) - DESIGNER TOY-2.jpeg","../images/Trampt/4 Groovy Mc Supersized (Skull) - DESIGNER TOY-2.jpeg","../images/Trampt/4%20Groovy%20Mc%20Supersized%20(Skull)%20-%20DESIGNER%20TOY.jpeg","Updated","Updated first matching item image. Exact filename found.","D:\github-backups\ron-english-toys\update-toy-item-images-from-review-csv-v1-20260513-070107\items\4-groovy-mc-supersized-skull-164.html"
"Clear & GID Humberger X-Ray MC Supersized","items/clear-gid-humberger-x-ray-mc-supersized-524.html","wrong image","Clear & GID Humberger X-Ray MC Supersized - DESIGNER TOY-2.jpeg","../images/Trampt/Clear & GID Humberger X-Ray MC Supersized - DESIGNER TOY-2.jpeg","../images/Trampt/Clear%20%26%20GID%20Humberger%20X-Ray%20MC%20Supersized%20-%20DESIGNER%20TOY.jpeg","Updated","Updated first matching item image. Exact filename found.","D:\github-backups\ron-english-toys\update-toy-item-images-from-review-csv-v1-20260513-070107\items\clear-gid-humberger-x-ray-mc-supersized-524.html"
"Gold Mc Action : Mc Supersized","items/gold-mc-action-mc-supersized-640.html","wrong image","Gold Mc Action Mc Supersized - DESIGNER TOY-2.jpeg","../images/Trampt/Gold Mc Action Mc Supersized - DESIGNER TOY-2.jpeg","../images/Trampt/Gold%20Mc%20Action%20Mc%20Supersized%20-%20DESIGNER%20TOY.jpeg","Updated","Updated first matching item image. Exact filename found.","D:\github-backups\ron-english-toys\update-toy-item-images-from-review-csv-v1-20260513-070107\items\gold-mc-action-mc-supersized-640.html"
"Gold Rame MC Supersized","items/gold-rame-mc-supersized-619.html","wrong image","Gold Rame MC Supersized - DESIGNER TOY-2.jpeg","../images/Trampt/Gold Rame MC Supersized - DESIGNER TOY-2.jpeg","../images/Trampt/Gold%20Rame%20MC%20Supersized%20-%20DESIGNER%20TOY.jpeg","Updated","Updated first matching item image. Exact filename found.","D:\github-backups\ron-english-toys\update-toy-item-images-from-review-csv-v1-20260513-070107\items\gold-rame-mc-supersized-619.html"
"MC Supersized - Black","items/mc-supersized-black-716.html","wrong image","MC Supersized - Black.webp","../images/Trampt/MC Supersized - Black.webp","../images/Trampt/MC%20Supersized%20-%20Black%20-%20DESIGNER%20TOY.jpeg","Updated","Updated first matching item image. Exact filename found.","D:\github-backups\ron-english-toys\update-toy-item-images-from-review-csv-v1-20260513-070107\items\mc-supersized-black-716.html"
"MC Supersized - Green","items/mc-supersized-green-1049.html","wrong image","MC Supersized - Green 3.webp","../images/Trampt/MC Supersized - Green 3.webp","../images/Trampt/MC%20Supersized%20-%20Green%20-%20DESIGNER%20TOY.jpeg","Updated","Updated first matching item image. Exact filename found.","D:\github-backups\ron-english-toys\update-toy-item-images-from-review-csv-v1-20260513-070107\items\mc-supersized-green-1049.html"
"MC Supersized - Green","items/mc-supersized-green-255.html","wrong image","MC Supersized - Green.webp","../images/Trampt/MC Supersized - Green.webp","../images/Trampt/MC%20Supersized%20-%20Green%20-%20DESIGNER%20TOY.jpeg","Updated","Updated first matching item image. Exact filename found.","D:\github-backups\ron-english-toys\update-toy-item-images-from-review-csv-v1-20260513-070107\items\mc-supersized-green-255.html"
"Mc Supersized - Porcelain","items/mc-supersized-porcelain-1038.html","wrong image","Mc Supersized - Porcelain.webp","../images/Trampt/Mc Supersized - Porcelain.webp","../images/Trampt/Mc%20Supersized%20-%20Porcelain%20-%20DESIGNER%20TOY.gif","Updated","Updated first matching item image. Exact filename found.","D:\github-backups\ron-english-toys\update-toy-item-images-from-review-csv-v1-20260513-070107\items\mc-supersized-porcelain-1038.html"
"MC Supersized ""China","items/mc-supersized-china-587.html","wrong image","MC Supersized China - DESIGNER TOY-2.jpeg","../images/Trampt/MC Supersized China - DESIGNER TOY-2.jpeg","../images/Trampt/MC%20Supersized%20China%20-%20DESIGNER%20TOY.jpeg","Updated","Updated first matching item image. Exact filename found.","D:\github-backups\ron-english-toys\update-toy-item-images-from-review-csv-v1-20260513-070107\items\mc-supersized-china-587.html"
"MC Supersized Camo - Manila","items/mc-supersized-camo-manila-301.html","wrong image","MC Supersized Camo - Manila - DESIGNER TOY-2.jpeg","../images/Trampt/MC Supersized Camo - Manila - DESIGNER TOY-2.jpeg","../images/Trampt/MC%20Supersized%20Camo%20-%20Manila%20-%20DESIGNER%20TOY.jpeg","Updated","Updated first matching item image. Exact filename found.","D:\github-backups\ron-english-toys\update-toy-item-images-from-review-csv-v1-20260513-070107\items\mc-supersized-camo-manila-301.html"
"MC Supersized Camo - Seoul","items/mc-supersized-camo-seoul-408.html","wrong image","MC Supersized Camo - Seoul - DESIGNER TOY-3.jpeg","../images/Trampt/MC Supersized Camo - Seoul - DESIGNER TOY-3.jpeg","../images/Trampt/MC%20Supersized%20Camo%20-%20Seoul%20-%20DESIGNER%20TOY.jpeg","Updated","Updated first matching item image. Exact filename found.","D:\github-backups\ron-english-toys\update-toy-item-images-from-review-csv-v1-20260513-070107\items\mc-supersized-camo-seoul-408.html"
"MC Supersized China (Green)","items/mc-supersized-china-green-990.html","wrong image","MC Supersized China (Green) - DESIGNER TOY-3.jpeg","../images/Trampt/MC Supersized China (Green) - DESIGNER TOY-3.jpeg","../images/Trampt/MC%20Supersized%20China%20(Green)%20-%20DESIGNER%20TOY.jpeg","Updated","Updated first matching item image. Exact filename found.","D:\github-backups\ron-english-toys\update-toy-item-images-from-review-csv-v1-20260513-070107\items\mc-supersized-china-green-990.html"
"Mc Supersized Full - Mono","items/mc-supersized-full-mono-1039.html","wrong image","Mc Supersized Full - Mono.webp","../images/Trampt/Mc Supersized Full - Mono.webp","../images/Trampt/Mc%20Supersized%20Full%20-%20Mono%20-%20DESIGNER%20TOY.gif","Updated","Updated first matching item image. Exact filename found.","D:\github-backups\ron-english-toys\update-toy-item-images-from-review-csv-v1-20260513-070107\items\mc-supersized-full-mono-1039.html"
"Mc Supersized Full Color (Devil's Version) - SDCC 2010","items/mc-supersized-full-color-devil-s-version-sdcc-2010-291.html","wrong image","Mc Supersized Full Color (Devil's Version) - SDCC 2010.webp","../images/Trampt/Mc Supersized Full Color (Devil's Version) - SDCC 2010.webp","../images/Trampt/Mc%20Supersized%20Full%20Color%20(Devil's%20Version)%20-%20SDCC%202010%20-%20DESIGNER%20TOY.jpeg","Updated","Updated first matching item image. Exact filename found.","D:\github-backups\ron-english-toys\update-toy-item-images-from-review-csv-v1-20260513-070107\items\mc-supersized-full-color-devil-s-version-sdcc-2010-291.html"
"Mc Supersized Gold - Porcelain","items/mc-supersized-gold-porcelain-553.html","wrong image","Mc Supersized Gold - Porcelain.webp","../images/Trampt/Mc Supersized Gold - Porcelain.webp","../images/Trampt/Mc%20Supersized%20Gold%20-%20Porcelain%20-%20DESIGNER%20TOY.jpeg","Updated","Updated first matching item image. Exact filename found.","D:\github-backups\ron-english-toys\update-toy-item-images-from-review-csv-v1-20260513-070107\items\mc-supersized-gold-porcelain-553.html"
"MC Supersized Grin - Original Grin","items/mc-supersized-grin-original-grin-1006.html","wrong image","MC Supersized Grin - Original Grin.webp","../images/Trampt/MC Supersized Grin - Original Grin.webp","../images/Trampt/MC%20Supersized%20Grin%20-%20Original%20Grin%20-%20DESIGNER%20TOY.jpeg","Updated","Updated first matching item image. Exact filename found.","D:\github-backups\ron-english-toys\update-toy-item-images-from-review-csv-v1-20260513-070107\items\mc-supersized-grin-original-grin-1006.html"
"Mc Supersized LA - Black & Gold","items/mc-supersized-la-black-gold-518.html","wrong image","Mc Supersized LA - Black & Gold - DESIGNER TOY-2.jpeg","../images/Trampt/Mc Supersized LA - Black & Gold - DESIGNER TOY-2.jpeg","../images/Trampt/Mc%20Supersized%20LA%20-%20Black%20%26%20Gold%20-%20DESIGNER%20TOY.jpeg","Updated","Updated first matching item image. Exact filename found.","D:\github-backups\ron-english-toys\update-toy-item-images-from-review-csv-v1-20260513-070107\items\mc-supersized-la-black-gold-518.html"
"MC Supersized Silver Glitter (LGND8 Exclusive)","items/mc-supersized-silver-glitter-lgnd8-exclusive-891.html","wrong image","MC Supersized Silver Glitter (LGND8 Exclusive) - DESIGNER TOY-2.jpeg","../images/Trampt/MC Supersized Silver Glitter (LGND8 Exclusive) - DESIGNER TOY-2.jpeg","../images/Trampt/MC%20Supersized%20Silver%20Glitter%20(LGND8%20Exclusive)%20-%20DESIGNER%20TOY.jpeg","Updated","Updated first matching item image. Exact filename found.","D:\github-backups\ron-english-toys\update-toy-item-images-from-review-csv-v1-20260513-070107\items\mc-supersized-silver-glitter-lgnd8-exclusive-891.html"
"Mc Supersized Skull White","items/mc-supersized-skull-white-986.html","wrong image","Mc Supersized Skull White - DESIGNER TOY-2.jpeg","../images/Trampt/Mc Supersized Skull White - DESIGNER TOY-2.jpeg","../images/Trampt/Mc%20Supersized%20Skull%20White%20-%20DESIGNER%20TOY.jpeg","Updated","Updated first matching item image. Exact filename found.","D:\github-backups\ron-english-toys\update-toy-item-images-from-review-csv-v1-20260513-070107\items\mc-supersized-skull-white-986.html"
"Mc Supersized XRay - 6th","items/mc-supersized-xray-6th-679.html","wrong image","Mc Supersized XRay - 6th.webp","../images/Trampt/Mc Supersized XRay - 6th.webp","../images/Trampt/Mc%20Supersized%20XRay%20-%206th%20-%20DESIGNER%20TOY.jpeg","Updated","Updated first matching item image. Exact filename found.","D:\github-backups\ron-english-toys\update-toy-item-images-from-review-csv-v1-20260513-070107\items\mc-supersized-xray-6th-679.html"
"MC Supersized XRay - Burgers","items/mc-supersized-xray-burgers-157.html","wrong image","MC Supersized XRay - Burgers.webp","../images/Trampt/MC Supersized XRay - Burgers.webp","../images/Trampt/MC%20Supersized%20XRay%20-%20Burgers%20-%20DESIGNER%20TOY.jpeg","Updated","Updated first matching item image. Exact filename found.","D:\github-backups\ron-english-toys\update-toy-item-images-from-review-csv-v1-20260513-070107\items\mc-supersized-xray-burgers-157.html"
"McSuper Sized Black Light Magic Yellow","items/mcsuper-sized-black-light-magic-yellow-416.html","wrong image","McSuper Sized Black Light Magic Yellow - DESIGNER TOY-3.jpeg","../images/Trampt/McSuper Sized Black Light Magic Yellow - DESIGNER TOY-3.jpeg","../images/Trampt/McSuper%20Sized%20Black%20Light%20Magic%20Yellow%20-%20DESIGNER%20TOY.jpeg","Updated","Updated first matching item image. Exact filename found.","D:\github-backups\ron-english-toys\update-toy-item-images-from-review-csv-v1-20260513-070107\items\mcsuper-sized-black-light-magic-yellow-416.html"
"Navy MC Supersized (Whiz Exclusive)","items/navy-mc-supersized-whiz-exclusive-944.html","wrong image","Navy MC Supersized (Whiz Exclusive) - DESIGNER TOY-3.jpeg","../images/Trampt/Navy MC Supersized (Whiz Exclusive) - DESIGNER TOY-3.jpeg","../images/Trampt/Navy%20MC%20Supersized%20(Whiz%20Exclusive)%20-%20DESIGNER%20TOY.jpeg","Updated","Updated first matching item image. Exact filename found.","D:\github-backups\ron-english-toys\update-toy-item-images-from-review-csv-v1-20260513-070107\items\navy-mc-supersized-whiz-exclusive-944.html"
"Neon Mc Supersized Grin","items/neon-mc-supersized-grin-403.html","wrong image","Neon Mc Supersized Grin - DESIGNER TOY-2.jpeg","../images/Trampt/Neon Mc Supersized Grin - DESIGNER TOY-2.jpeg","../images/Trampt/Neon%20Mc%20Supersized%20Grin%20-%20DESIGNER%20TOY.jpeg","Updated","Updated first matching item image. Exact filename found.","D:\github-backups\ron-english-toys\update-toy-item-images-from-review-csv-v1-20260513-070107\items\neon-mc-supersized-grin-403.html"
"Pink Glitter MC Supersized (SDCC : 2017)","items/pink-glitter-mc-supersized-sdcc-2017-719.html","wrong image","Pink Glitter MC Supersized (SDCC 2017) - DESIGNER TOY-2.jpeg","../images/Trampt/Pink Glitter MC Supersized (SDCC 2017) - DESIGNER TOY-2.jpeg","../images/Trampt/Pink%20Glitter%20MC%20Supersized%20(SDCC%202017)%20-%20DESIGNER%20TOY.jpeg","Updated","Updated first matching item image. Exact filename found.","D:\github-backups\ron-english-toys\update-toy-item-images-from-review-csv-v1-20260513-070107\items\pink-glitter-mc-supersized-sdcc-2017-719.html"
"X-Ray Mc Supersized - Darkside (Lucky-X Bag 2011)","items/x-ray-mc-supersized-darkside-lucky-x-bag-2011-869.html","wrong image","X-Ray Mc Supersized - Darkside (Lucky-X Bag 2011) - DESIGNER TOY-2.jpeg","../images/Trampt/X-Ray Mc Supersized - Darkside (Lucky-X Bag 2011) - DESIGNER TOY-2.jpeg","../images/Trampt/X-Ray%20Mc%20Supersized%20-%20Darkside%20(Lucky-X%20Bag%202011)%20-%20DESIGNER%20TOY.jpeg","Updated","Updated first matching item image. Exact filename found.","D:\github-backups\ron-english-toys\update-toy-item-images-from-review-csv-v1-20260513-070107\items\x-ray-mc-supersized-darkside-lucky-x-bag-2011-869.html"
"X-Ray Mc Supersized - Metallic","items/x-ray-mc-supersized-metallic-789.html","wrong image","X-Ray Mc Supersized - Metallic.webp","../images/Trampt/X-Ray Mc Supersized - Metallic.webp","../images/Trampt/X-Ray%20Mc%20Supersized%20-%20Metallic%20-%20DESIGNER%20TOY.jpeg","Updated","Updated first matching item image. Exact filename found.","D:\github-backups\ron-english-toys\update-toy-item-images-from-review-csv-v1-20260513-070107\items\x-ray-mc-supersized-metallic-789.html"
"X-Ray Mc Supersized - Vintage","items/x-ray-mc-supersized-vintage-471.html","wrong image","X-Ray Mc Supersized - Vintage.webp","../images/Trampt/X-Ray Mc Supersized - Vintage.webp","../images/Trampt/X-Ray%20Mc%20Supersized%20-%20Vintage%20-%20DESIGNER%20TOY.jpeg","Updated","Updated first matching item image. Exact filename found.","D:\github-backups\ron-english-toys\update-toy-item-images-from-review-csv-v1-20260513-070107\items\x-ray-mc-supersized-vintage-471.html"
"Mask Mouse","items/mask-mouse-841.html","wrong image","Mask Mouse - DESIGNER TOY-3.jpeg","../images/Trampt/Mask Mouse - DESIGNER TOY-3.jpeg","../images/Trampt/Mask%20Mouse%20-%20DESIGNER%20TOY.jpeg","Updated","Updated first matching item image. Exact filename found.","D:\github-backups\ron-english-toys\update-toy-item-images-from-review-csv-v1-20260513-070107\items\mask-mouse-841.html"
"Mask Mouse - Gray","items/mask-mouse-gray-432.html","wrong image","Mask Mouse -gray.webp","../images/Trampt/Mask Mouse -gray.webp","../images/Trampt/Mask%20Mouse%20-%20Gray%20-%20DESIGNER%20TOY.jpeg","Updated","Updated first matching item image. Exact filename found.","D:\github-backups\ron-english-toys\update-toy-item-images-from-review-csv-v1-20260513-070107\items\mask-mouse-gray-432.html"
"Mousemask Murphy - Biohazard","items/mousemask-murphy-biohazard-585.html","wrong image","Mousemask Murphy - Biohazard - DESIGNER TOY-2.jpeg","../images/Trampt/Mousemask Murphy - Biohazard - DESIGNER TOY-2.jpeg","../images/Trampt/Mousemask%20Murphy%20-%20Biohazard%20-%20DESIGNER%20TOY.jpeg","Updated","Updated first matching item image. Exact filename found.","D:\github-backups\ron-english-toys\update-toy-item-images-from-review-csv-v1-20260513-070107\items\mousemask-murphy-biohazard-585.html"
"Mousemask Murphy - Bondage ( gold accents with black tattoo )","items/mousemask-murphy-bondage-gold-accents-with-black-tattoo-729.html","wrong image","Mousemask Murphy - Bondage ( gold accents with black tattoo ).webp","../images/Trampt/Mousemask Murphy - Bondage ( gold accents with black tattoo ).webp","../images/Trampt/Mousemask%20Murphy%20-%20Bondage%20(%20gold%20accents%20with%20black%20tattoo%20)%20-%20DESIGNER%20TOY.jpeg","Updated","Updated first matching item image. Exact filename found.","D:\github-backups\ron-english-toys\update-toy-item-images-from-review-csv-v1-20260513-070107\items\mousemask-murphy-bondage-gold-accents-with-black-tattoo-729.html"
"MOUSEMASK MURPHY IN AIRPLANE - Black Book Toy","items/mousemask-murphy-in-airplane-black-book-toy-500.html","wrong image","MOUSEMASK MURPHY IN AIRPLANE - Black Book Toy - DESIGNER TOY-3.jpeg","../images/Trampt/MOUSEMASK MURPHY IN AIRPLANE - Black Book Toy - DESIGNER TOY-3.jpeg","../images/Trampt/MOUSEMASK%20MURPHY%20IN%20AIRPLANE%20-%20Black%20Book%20Toy%20-%20DESIGNER%20TOY.jpeg","Updated","Updated first matching item image. Exact filename found.","D:\github-backups\ron-english-toys\update-toy-item-images-from-review-csv-v1-20260513-070107\items\mousemask-murphy-in-airplane-black-book-toy-500.html"
"Mousemask Murphy in Airplane - Psycho Camo edition","items/mousemask-murphy-in-airplane-psycho-camo-edition-469.html","wrong image","Mousemask Murphy in Airplane - Psycho Camo edition - DESIGNER TOY-2.jpeg","../images/Trampt/Mousemask Murphy in Airplane - Psycho Camo edition - DESIGNER TOY-2.jpeg","../images/Trampt/Mousemask%20Murphy%20in%20Airplane%20-%20Psycho%20Camo%20edition%20-%20DESIGNER%20TOY.jpeg","Updated","Updated first matching item image. Exact filename found.","D:\github-backups\ron-english-toys\update-toy-item-images-from-review-csv-v1-20260513-070107\items\mousemask-murphy-in-airplane-psycho-camo-edition-469.html"
"Mousemask Murphy in Airplane - Shark Teeth GY!","items/mousemask-murphy-in-airplane-shark-teeth-gy-825.html","wrong image","Mousemask Murphy in Airplane - Shark Teeth GY! - DESIGNER TOY-2.jpeg","../images/Trampt/Mousemask Murphy in Airplane - Shark Teeth GY! - DESIGNER TOY-2.jpeg","../images/Trampt/Mousemask%20Murphy%20in%20Airplane%20-%20Shark%20Teeth%20GY!%20-%20DESIGNER%20TOY.jpeg","Updated","Updated first matching item image. Exact filename found.","D:\github-backups\ron-english-toys\update-toy-item-images-from-review-csv-v1-20260513-070107\items\mousemask-murphy-in-airplane-shark-teeth-gy-825.html"
"MouseMask Murpy in Airplane - Super Black","items/mousemask-murpy-in-airplane-super-black-72.html","wrong image","MouseMask Murpy in Airplane - Super Black.webp","../images/Trampt/MouseMask Murpy in Airplane - Super Black.webp","../images/Trampt/MouseMask%20Murpy%20in%20Airplane%20-%20Super%20Black%20-%20DESIGNER%20TOY.jpeg","Updated","Updated first matching item image. Exact filename found.","D:\github-backups\ron-english-toys\update-toy-item-images-from-review-csv-v1-20260513-070107\items\mousemask-murpy-in-airplane-super-black-72.html"
"4.75"" Boxing Brain Red (Right Hand)","items/4-75-boxing-brain-red-right-hand-712.html","wrong image","4.75 Boxing Brain Red (Right Hand) - DESIGNER TOY-2.jpeg","../images/Trampt/4.75 Boxing Brain Red (Right Hand) - DESIGNER TOY-2.jpeg","../images/Trampt/4.75%20Boxing%20Brain%20Red%20(Right%20Hand)%20-%20DESIGNER%20TOY.jpeg","Updated","Updated first matching item image. Exact filename found.","D:\github-backups\ron-english-toys\update-toy-item-images-from-review-csv-v1-20260513-070107\items\4-75-boxing-brain-red-right-hand-712.html"
"84"" Black Starskull Walkimg Stick","items/84-black-starskull-walkimg-stick-462.html","wrong image","84 Black Starskull Walkimg Stick - Custom Toy - Trampt item 462.jpeg","../images/Trampt/84 Black Starskull Walkimg Stick - Custom Toy - Trampt item 462.jpeg","../images/Trampt/84 Black Starskull Walkimg Stick - Custom Toy - Trampt item 462.jpeg","No change","Page already uses this image path. Exact filename found.",""
"9"" Boxing Brain","items/9-boxing-brain-17.html","wrong image","9 Boxing Brain - DESIGNER TOY-2.jpeg","../images/Trampt/9 Boxing Brain - DESIGNER TOY-2.jpeg","../images/Trampt/9%20Boxing%20Brain%20-%20DESIGNER%20TOY.jpeg","Updated","Updated first matching item image. Exact filename found.","D:\github-backups\ron-english-toys\update-toy-item-images-from-review-csv-v1-20260513-070107\items\9-boxing-brain-17.html"
"Astrobrite Lemon","items/astrobrite-lemon-182.html","wrong image","Astrobrite Lemon - DESIGNER TOY-2.jpeg","../images/Trampt/Astrobrite Lemon - DESIGNER TOY-2.jpeg","../images/Trampt/Astrobrite%20Lemon%20-%20DESIGNER%20TOY.jpeg","Updated","Updated first matching item image. Exact filename found.","D:\github-backups\ron-english-toys\update-toy-item-images-from-review-csv-v1-20260513-070107\items\astrobrite-lemon-182.html"
"Bangkok Star Skull","items/bangkok-star-skull-754.html","wrong image","Bangkok Star Skull - DESIGNER TOY-2.jpeg","../images/Trampt/Bangkok Star Skull - DESIGNER TOY-2.jpeg","../images/Trampt/Bangkok%20Star%20Skull%20-%20DESIGNER%20TOY.jpeg","Updated","Updated first matching item image. Exact filename found.","D:\github-backups\ron-english-toys\update-toy-item-images-from-review-csv-v1-20260513-070107\items\bangkok-star-skull-754.html"
"Big Boner - Diamond Dust","items/big-boner-diamond-dust-50.html","wrong image","Big Boner - Diamond Dust - DESIGNER TOY-2.jpeg","../images/Trampt/Big Boner - Diamond Dust - DESIGNER TOY-2.jpeg","../images/Trampt/Big%20Boner%20-%20Diamond%20Dust%20-%20DESIGNER%20TOY.jpeg","Updated","Updated first matching item image. Exact filename found.","D:\github-backups\ron-english-toys\update-toy-item-images-from-review-csv-v1-20260513-070107\items\big-boner-diamond-dust-50.html"
"Big Boner - GID","items/big-boner-gid-923.html","wrong image","Big Boner - GID.webp","../images/Trampt/Big Boner - GID.webp","../images/Trampt/Big%20Boner%20-%20GID%20-%20DESIGNER%20TOY.jpeg","Updated","Updated first matching item image. Exact filename found.","D:\github-backups\ron-english-toys\update-toy-item-images-from-review-csv-v1-20260513-070107\items\big-boner-gid-923.html"
"Big Boner (Biggubona) - Myth Edition","items/big-boner-biggubona-myth-edition-44.html","wrong image","Big Boner (Biggubona) - Myth Edition - DESIGNER TOY-2.jpeg","../images/Trampt/Big Boner (Biggubona) - Myth Edition - DESIGNER TOY-2.jpeg","../images/Trampt/Big%20Boner%20(Biggubona)%20-%20Myth%20Edition%20-%20DESIGNER%20TOY.jpeg","Updated","Updated first matching item image. Exact filename found.","D:\github-backups\ron-english-toys\update-toy-item-images-from-review-csv-v1-20260513-070107\items\big-boner-biggubona-myth-edition-44.html"
"Black Mousezilla","items/black-mousezilla-957.html","wrong image","Black Mousezilla - DESIGNER TOY-2.jpeg","../images/Trampt/Black Mousezilla - DESIGNER TOY-2.jpeg","../images/Trampt/Black%20Mousezilla%20-%20DESIGNER%20TOY.jpeg","Updated","Updated first matching item image. Exact filename found.","D:\github-backups\ron-english-toys\update-toy-item-images-from-review-csv-v1-20260513-070107\items\black-mousezilla-957.html"
"Cap'n Cornstarch","items/cap-n-cornstarch-696.html","wrong image","Cap'n Cornstarch - DESIGNER TOY-2.jpeg","../images/Trampt/Cap'n Cornstarch - DESIGNER TOY-2.jpeg","../images/Trampt/Cap'n%20Cornstarch%20-%20DESIGNER%20TOY.jpeg","Updated","Updated first matching item image. Exact filename found.","D:\github-backups\ron-english-toys\update-toy-item-images-from-review-csv-v1-20260513-070107\items\cap-n-cornstarch-696.html"
"Clear Green Mousezilla","items/clear-green-mousezilla-980.html","wrong image","Clear Green Mousezilla - DESIGNER TOY-2.jpeg","../images/Trampt/Clear Green Mousezilla - DESIGNER TOY-2.jpeg","../images/Trampt/Clear%20Green%20Mousezilla%20-%20DESIGNER%20TOY.jpeg","Updated","Updated first matching item image. Exact filename found.","D:\github-backups\ron-english-toys\update-toy-item-images-from-review-csv-v1-20260513-070107\items\clear-green-mousezilla-980.html"
"Clear Neon PK Mousezilla","items/clear-neon-pk-mousezilla-984.html","wrong image","Clear Neon PK Mousezilla - DESIGNER TOY-2.jpeg","../images/Trampt/Clear Neon PK Mousezilla - DESIGNER TOY-2.jpeg","../images/Trampt/Clear%20Neon%20PK%20Mousezilla%20-%20DESIGNER%20TOY.jpeg","Updated","Updated first matching item image. Exact filename found.","D:\github-backups\ron-english-toys\update-toy-item-images-from-review-csv-v1-20260513-070107\items\clear-neon-pk-mousezilla-984.html"
"Dinogrenade - Black","items/dinogrenade-black-335.html","wrong image","Dinogrenade - Black.webp","../images/Trampt/Dinogrenade - Black.webp","../images/Trampt/Dinogrenade%20-%20Black%20-%20DESIGNER%20TOY.jpeg","Updated","Updated first matching item image. Exact filename found.","D:\github-backups\ron-english-toys\update-toy-item-images-from-review-csv-v1-20260513-070107\items\dinogrenade-black-335.html"
"Dinogrenade - Unpainted Blue","items/dinogrenade-unpainted-blue-178.html","wrong image","Dinogrenade - Unpainted Blue - DESIGNER TOY-3.jpeg","../images/Trampt/Dinogrenade - Unpainted Blue - DESIGNER TOY-3.jpeg","../images/Trampt/Dinogrenade%20-%20Unpainted%20Blue%20-%20DESIGNER%20TOY.jpeg","Updated","Updated first matching item image. Exact filename found.","D:\github-backups\ron-english-toys\update-toy-item-images-from-review-csv-v1-20260513-070107\items\dinogrenade-unpainted-blue-178.html"
"Eclipse Storm Parter","items/eclipse-storm-parter-225.html","wrong image","Eclipse Storm Parter - DESIGNER TOY-2.jpeg","../images/Trampt/Eclipse Storm Parter - DESIGNER TOY-2.jpeg","../images/Trampt/Eclipse%20Storm%20Parter%20-%20DESIGNER%20TOY.jpeg","Updated","Updated first matching item image. Exact filename found.","D:\github-backups\ron-english-toys\update-toy-item-images-from-review-csv-v1-20260513-070107\items\eclipse-storm-parter-225.html"
"Elefanka (SDCC '19)","items/elefanka-sdcc-19-93.html","wrong image","Elefanka (SDCC '19) - DESIGNER TOY-3.jpeg","../images/Trampt/Elefanka (SDCC '19) - DESIGNER TOY-3.jpeg","../images/Trampt/Elefanka%20(SDCC%20'19)%20-%20DESIGNER%20TOY.jpeg","Updated","Updated first matching item image. Exact filename found.","D:\github-backups\ron-english-toys\update-toy-item-images-from-review-csv-v1-20260513-070107\items\elefanka-sdcc-19-93.html"
"EVIL MC - Diamond Dust Edition ( Red makeup )","items/evil-mc-diamond-dust-edition-red-makeup-175.html","wrong image","EVIL MC - Diamond Dust Edition ( Red makeup ) - DESIGNER TOY-2.jpeg","../images/Trampt/EVIL MC - Diamond Dust Edition ( Red makeup ) - DESIGNER TOY-2.jpeg","../images/Trampt/EVIL%20MC%20-%20Diamond%20Dust%20Edition%20(%20Red%20makeup%20)%20-%20DESIGNER%20TOY.jpeg","Updated","Updated first matching item image. Exact filename found.","D:\github-backups\ron-english-toys\update-toy-item-images-from-review-csv-v1-20260513-070107\items\evil-mc-diamond-dust-edition-red-makeup-175.html"
"Evil MC - Stealth","items/evil-mc-stealth-855.html","wrong image","Evil MC - Stealth - DESIGNER TOY-2.jpeg","../images/Trampt/Evil MC - Stealth - DESIGNER TOY-2.jpeg","../images/Trampt/Evil%20MC%20-%20Stealth%20-%20DESIGNER%20TOY.jpeg","Updated","Updated first matching item image. Exact filename found.","D:\github-backups\ron-english-toys\update-toy-item-images-from-review-csv-v1-20260513-070107\items\evil-mc-stealth-855.html"
"Falla Sheep - BRY (Black Red Yellow)","items/falla-sheep-bry-black-red-yellow-170.html","wrong image","Falla Sheep - BRY (Black Red Yellow) - DESIGNER TOY-3.jpeg","../images/Trampt/Falla Sheep - BRY (Black Red Yellow) - DESIGNER TOY-3.jpeg","../images/Trampt/Falla%20Sheep%20-%20BRY%20(Black%20Red%20Yellow)%20-%20DESIGNER%20TOY.jpeg","Updated","Updated first matching item image. Exact filename found.","D:\github-backups\ron-english-toys\update-toy-item-images-from-review-csv-v1-20260513-070107\items\falla-sheep-bry-black-red-yellow-170.html"
"Figment - Bronze","items/figment-bronze-757.html","wrong image","Figment - Bronze - DESIGNER TOY-2.jpeg","../images/Trampt/Figment - Bronze - DESIGNER TOY-2.jpeg","../images/Trampt/Figment%20-%20Bronze%20-%20DESIGNER%20TOY.jpeg","Updated","Updated first matching item image. Exact filename found.","D:\github-backups\ron-english-toys\update-toy-item-images-from-review-csv-v1-20260513-070107\items\figment-bronze-757.html"
"Fire Storm Parter","items/fire-storm-parter-901.html","wrong image","Fire Storm Parter - DESIGNER TOY-2.jpeg","../images/Trampt/Fire Storm Parter - DESIGNER TOY-2.jpeg","../images/Trampt/Fire%20Storm%20Parter%20-%20DESIGNER%20TOY.jpeg","Updated","Updated first matching item image. Exact filename found.","D:\github-backups\ron-english-toys\update-toy-item-images-from-review-csv-v1-20260513-070107\items\fire-storm-parter-901.html"
"Froot Looped Two Ton Sam Mini","items/froot-looped-two-ton-sam-mini-271.html","wrong image","Froot Looped Two Ton Sam Mini - DESIGNER TOY-3.jpeg","../images/Trampt/Froot Looped Two Ton Sam Mini - DESIGNER TOY-3.jpeg","../images/Trampt/Froot%20Looped%20Two%20Ton%20Sam%20Mini%20-%20DESIGNER%20TOY.jpeg","Updated","Updated first matching item image. Exact filename found.","D:\github-backups\ron-english-toys\update-toy-item-images-from-review-csv-v1-20260513-070107\items\froot-looped-two-ton-sam-mini-271.html"
"GID Artist Gnome","items/gid-artist-gnome-381.html","wrong image","Artist Gnome - GID (SDCC '16) - DESIGNER TOY.jpeg","../images/Trampt/Artist Gnome - GID (SDCC '16) - DESIGNER TOY.jpeg","../images/Trampt/GID%20Artist%20Gnome%20-%20DESIGNER%20TOY.jpeg","Updated","Updated first matching item image. Exact filename found.","D:\github-backups\ron-english-toys\update-toy-item-images-from-review-csv-v1-20260513-070107\items\gid-artist-gnome-381.html"
"GID Modzilla","items/gid-modzilla-198.html","wrong image","GID Modzilla - DESIGNER TOY-3.jpeg","../images/Trampt/GID Modzilla - DESIGNER TOY-3.jpeg","../images/Trampt/GID%20Modzilla%20-%20DESIGNER%20TOY.jpeg","Updated","Updated first matching item image. Exact filename found.","D:\github-backups\ron-english-toys\update-toy-item-images-from-review-csv-v1-20260513-070107\items\gid-modzilla-198.html"
"Gold Mousezilla","items/gold-mousezilla-214.html","wrong image","Gold Mousezilla - DESIGNER TOY-2.jpeg","../images/Trampt/Gold Mousezilla - DESIGNER TOY-2.jpeg","../images/Trampt/Gold%20Mousezilla%20-%20DESIGNER%20TOY.jpeg","Updated","Updated first matching item image. Exact filename found.","D:\github-backups\ron-english-toys\update-toy-item-images-from-review-csv-v1-20260513-070107\items\gold-mousezilla-214.html"
"Green (Pink Gun) Fella Sheep","items/green-pink-gun-fella-sheep-761.html","wrong image","Green (Pink Gun) Fella Sheep - DESIGNER TOY-3.jpeg","../images/Trampt/Green (Pink Gun) Fella Sheep - DESIGNER TOY-3.jpeg","../images/Trampt/Green%20(Pink%20Gun)%20Fella%20Sheep%20-%20DESIGNER%20TOY.jpeg","Updated","Updated first matching item image. Exact filename found.","D:\github-backups\ron-english-toys\update-toy-item-images-from-review-csv-v1-20260513-070107\items\green-pink-gun-fella-sheep-761.html"
"Grinbot Metallic","items/grinbot-metallic-1062.html","wrong image","Grinbot Metallic - DESIGNER TOY-2.jpeg","../images/Trampt/Grinbot Metallic - DESIGNER TOY-2.jpeg","../images/Trampt/Grinbot%20Metallic%20-%20DESIGNER%20TOY.jpeg","Updated","Updated first matching item image. Exact filename found.","D:\github-backups\ron-english-toys\update-toy-item-images-from-review-csv-v1-20260513-070107\items\grinbot-metallic-1062.html"
"Lucy Exposed","items/lucy-exposed-1019.html","wrong image","Lucy Exposed - DESIGNER TOY-2.jpeg","../images/Trampt/Lucy Exposed - DESIGNER TOY-2.jpeg","../images/Trampt/Lucy%20Exposed%20-%20DESIGNER%20TOY.jpeg","Updated","Updated first matching item image. Exact filename found.","D:\github-backups\ron-english-toys\update-toy-item-images-from-review-csv-v1-20260513-070107\items\lucy-exposed-1019.html"
"Magic PumpGrin (Yellow)","items/magic-pumpgrin-yellow-238.html","wrong image","Magic PumpGrin (Yellow) - DESIGNER TOY-2.jpeg","../images/Trampt/Magic PumpGrin (Yellow) - DESIGNER TOY-2.jpeg","../images/Trampt/Magic%20PumpGrin%20(Yellow)%20-%20DESIGNER%20TOY.jpeg","Updated","Updated first matching item image. Exact filename found.","D:\github-backups\ron-english-toys\update-toy-item-images-from-review-csv-v1-20260513-070107\items\magic-pumpgrin-yellow-238.html"
"MC Action","items/mc-action-811.html","wrong image","MC Action - DESIGNER TOY-2.jpeg","../images/Trampt/MC Action - DESIGNER TOY-2.jpeg","../images/Trampt/MC%20Action%20-%20DESIGNER%20TOY.jpeg","Updated","Updated first matching item image. Exact filename found.","D:\github-backups\ron-english-toys\update-toy-item-images-from-review-csv-v1-20260513-070107\items\mc-action-811.html"
"Mc Elefanka (SDCC '19)","items/mc-elefanka-sdcc-19-939.html","wrong image","Mc Elefanka (SDCC '19) - DESIGNER TOY-2.jpeg","../images/Trampt/Mc Elefanka (SDCC '19) - DESIGNER TOY-2.jpeg","../images/Trampt/Mc%20Elefanka%20(SDCC%20'19)%20-%20DESIGNER%20TOY.jpeg","Updated","Updated first matching item image. Exact filename found.","D:\github-backups\ron-english-toys\update-toy-item-images-from-review-csv-v1-20260513-070107\items\mc-elefanka-sdcc-19-939.html"
"MC Lover - Clutter","items/mc-lover-clutter-419.html","wrong image","MC Lover - Clutter.webp","../images/Trampt/MC Lover - Clutter.webp","../images/Trampt/MC%20Lover%20-%20Clutter%20-%20DESIGNER%20TOY.jpeg","Updated","Updated first matching item image. Exact filename found.","D:\github-backups\ron-english-toys\update-toy-item-images-from-review-csv-v1-20260513-070107\items\mc-lover-clutter-419.html"
"Meaty Mousezilla (Peeled Off)","items/meaty-mousezilla-peeled-off-262.html","wrong image","Meaty Mousezilla (Peeled Off) - DESIGNER TOY-2.jpeg","../images/Trampt/Meaty Mousezilla (Peeled Off) - DESIGNER TOY-2.jpeg","../images/Trampt/Meaty%20Mousezilla%20(Peeled%20Off)%20-%20DESIGNER%20TOY.jpeg","Updated","Updated first matching item image. Exact filename found.","D:\github-backups\ron-english-toys\update-toy-item-images-from-review-csv-v1-20260513-070107\items\meaty-mousezilla-peeled-off-262.html"
"Metallic Purple & Red Lady Lips","items/metallic-purple-red-lady-lips-1076.html","wrong image","Metallic Purple & Red Lady Lips - DESIGNER TOY-3.jpeg","../images/Trampt/Metallic Purple & Red Lady Lips - DESIGNER TOY-3.jpeg","../images/Trampt/Metallic%20Purple%20%26%20Red%20Lady%20Lips%20-%20DESIGNER%20TOY.jpeg","Updated","Updated first matching item image. Exact filename found.","D:\github-backups\ron-english-toys\update-toy-item-images-from-review-csv-v1-20260513-070107\items\metallic-purple-red-lady-lips-1076.html"
"Metallic Purple Punk Skunk (SDCC '18)","items/metallic-purple-punk-skunk-sdcc-18-131.html","wrong image","Metallic Purple Punk Skunk (SDCC '18) - DESIGNER TOY-3.jpeg","../images/Trampt/Metallic Purple Punk Skunk (SDCC '18) - DESIGNER TOY-3.jpeg","../images/Trampt/Metallic%20Purple%20Punk%20Skunk%20(SDCC%20'18)%20-%20DESIGNER%20TOY.jpeg","Updated","Updated first matching item image. Exact filename found.","D:\github-backups\ron-english-toys\update-toy-item-images-from-review-csv-v1-20260513-070107\items\metallic-purple-punk-skunk-sdcc-18-131.html"
"MODZILLA - unpainted green","items/modzilla-unpainted-green-189.html","wrong image","MODZILLA - unpainted green - DESIGNER TOY-2.jpeg","../images/Trampt/MODZILLA - unpainted green - DESIGNER TOY-2.jpeg","../images/Trampt/MODZILLA%20-%20unpainted%20green%20-%20DESIGNER%20TOY.jpeg","Updated","Updated first matching item image. Exact filename found.","D:\github-backups\ron-english-toys\update-toy-item-images-from-review-csv-v1-20260513-070107\items\modzilla-unpainted-green-189.html"
"Modzilla (KaijuCon '19)","items/modzilla-kaijucon-19-793.html","wrong image","Modzilla (KaijuCon '19) - DESIGNER TOY-3.jpeg","../images/Trampt/Modzilla (KaijuCon '19) - DESIGNER TOY-3.jpeg","../images/Trampt/Modzilla%20(KaijuCon%20'19)%20-%20DESIGNER%20TOY.jpeg","Updated","Updated first matching item image. Exact filename found.","D:\github-backups\ron-english-toys\update-toy-item-images-from-review-csv-v1-20260513-070107\items\modzilla-kaijucon-19-793.html"
"Mono Big Poppa (I Am Retro Exclusive)","items/mono-big-poppa-i-am-retro-exclusive-999.html","wrong image","Mono Big Poppa (I Am Retro Exclusive).webp","../images/Trampt/Mono Big Poppa (I Am Retro Exclusive).webp","../images/Trampt/Mono%20Big%20Poppa%20(I%20Am%20Retro%20Exclusive)%20-%20DESIGNER%20TOY.gif","Updated","Updated first matching item image. Exact filename found.","D:\github-backups\ron-english-toys\update-toy-item-images-from-review-csv-v1-20260513-070107\items\mono-big-poppa-i-am-retro-exclusive-999.html"
"Monotone Lady Lips","items/monotone-lady-lips-38.html","wrong image","Monotone Lady Lips - DESIGNER TOY-2.jpeg","../images/Trampt/Monotone Lady Lips - DESIGNER TOY-2.jpeg","../images/Trampt/Monotone%20Lady%20Lips%20-%20DESIGNER%20TOY.jpeg","Updated","Updated first matching item image. Exact filename found.","D:\github-backups\ron-english-toys\update-toy-item-images-from-review-csv-v1-20260513-070107\items\monotone-lady-lips-38.html"
"More Evil Monkeys (Mono Colorway)","items/more-evil-monkeys-mono-colorway-228.html","wrong image","More Evil Monkeys (Mono Colorway) - DESIGNER TOY-2.jpeg","../images/Trampt/More Evil Monkeys (Mono Colorway) - DESIGNER TOY-2.jpeg","../images/Trampt/More%20Evil%20Monkeys%20(Mono%20Colorway)%20-%20DESIGNER%20TOY.jpeg","Updated","Updated first matching item image. Exact filename found.","D:\github-backups\ron-english-toys\update-toy-item-images-from-review-csv-v1-20260513-070107\items\more-evil-monkeys-mono-colorway-228.html"
"Obesie O'S Mini","items/obesie-o-s-mini-595.html","wrong image","Obesie O'S Mini - DESIGNER TOY-3.jpeg","../images/Trampt/Obesie O'S Mini - DESIGNER TOY-3.jpeg","../images/Trampt/Obesie%20O'S%20Mini%20-%20DESIGNER%20TOY.jpeg","Updated","Updated first matching item image. Exact filename found.","D:\github-backups\ron-english-toys\update-toy-item-images-from-review-csv-v1-20260513-070107\items\obesie-o-s-mini-595.html"
"OG Evil MC","items/og-evil-mc-535.html","wrong image","OG Evil MC - DESIGNER TOY-2.jpeg","../images/Trampt/OG Evil MC - DESIGNER TOY-2.jpeg","../images/Trampt/OG%20Evil%20MC%20-%20DESIGNER%20TOY.jpeg","Updated","Updated first matching item image. Exact filename found.","D:\github-backups\ron-english-toys\update-toy-item-images-from-review-csv-v1-20260513-070107\items\og-evil-mc-535.html"
"OG Forlorn Unicorn","items/og-forlorn-unicorn-117.html","wrong image","OG Forlorn Unicorn - DESIGNER TOY-2.jpeg","../images/Trampt/OG Forlorn Unicorn - DESIGNER TOY-2.jpeg","../images/Trampt/OG%20Forlorn%20Unicorn%20-%20DESIGNER%20TOY.jpeg","Updated","Updated first matching item image. Exact filename found.","D:\github-backups\ron-english-toys\update-toy-item-images-from-review-csv-v1-20260513-070107\items\og-forlorn-unicorn-117.html"
"OG Lady Lips","items/og-lady-lips-445.html","wrong image","OG Lady Lips - DESIGNER TOY-2.jpeg","../images/Trampt/OG Lady Lips - DESIGNER TOY-2.jpeg","../images/Trampt/OG%20Lady%20Lips%20-%20DESIGNER%20TOY.jpeg","Updated","Updated first matching item image. Exact filename found.","D:\github-backups\ron-english-toys\update-toy-item-images-from-review-csv-v1-20260513-070107\items\og-lady-lips-445.html"
"Pink Cheezy Shocking Sunflower (3 Eyed Sponge)","items/pink-cheezy-shocking-sunflower-3-eyed-sponge-845.html","wrong image","Pink Cheezy Shocking Sunflower (3 Eyed Sponge) - DESIGNER TOY-2.jpeg","../images/Trampt/Pink Cheezy Shocking Sunflower (3 Eyed Sponge) - DESIGNER TOY-2.jpeg","../images/Trampt/Pink%20Cheezy%20Shocking%20Sunflower%20(3%20Eyed%20Sponge)%20-%20DESIGNER%20TOY.jpeg","Updated","Updated first matching item image. Exact filename found.","D:\github-backups\ron-english-toys\update-toy-item-images-from-review-csv-v1-20260513-070107\items\pink-cheezy-shocking-sunflower-3-eyed-sponge-845.html"
"Pink Shocking Sunflower (Smile)","items/pink-shocking-sunflower-smile-353.html","wrong image","Pink Shocking Sunflower (Smile) - DESIGNER TOY-3.jpeg","../images/Trampt/Pink Shocking Sunflower (Smile) - DESIGNER TOY-3.jpeg","../images/Trampt/Pink%20Shocking%20Sunflower%20(Smile)%20-%20DESIGNER%20TOY.jpeg","Updated","Updated first matching item image. Exact filename found.","D:\github-backups\ron-english-toys\update-toy-item-images-from-review-csv-v1-20260513-070107\items\pink-shocking-sunflower-smile-353.html"
"Purple & Green Sugar Diabetic Bear","items/purple-green-sugar-diabetic-bear-555.html","wrong image","Purple & Green Sugar Diabetic Bear - DESIGNER TOY-2.jpeg","../images/Trampt/Purple & Green Sugar Diabetic Bear - DESIGNER TOY-2.jpeg","../images/Trampt/Purple%20%26%20Green%20Sugar%20Diabetic%20Bear%20-%20DESIGNER%20TOY.jpeg","Updated","Updated first matching item image. Exact filename found.","D:\github-backups\ron-english-toys\update-toy-item-images-from-review-csv-v1-20260513-070107\items\purple-green-sugar-diabetic-bear-555.html"
"Red Edition : Peace, Love and Understanding","items/red-edition-peace-love-and-understanding-492.html","wrong image","Red Edition Peace, Love and Understanding - DESIGNER TOY-2.jpeg","../images/Trampt/Red Edition Peace, Love and Understanding - DESIGNER TOY-2.jpeg","../images/Trampt/Red%20Edition%20Peace%2C%20Love%20and%20Understanding%20-%20DESIGNER%20TOY.jpeg","Updated","Updated first matching item image. Exact filename found.","D:\github-backups\ron-english-toys\update-toy-item-images-from-review-csv-v1-20260513-070107\items\red-edition-peace-love-and-understanding-492.html"
"Telegrinnies ( JPS Edition ) secret A 10% – number 1 to 20 clear chest cover , gold teeth","items/telegrinnies-jps-edition-secret-a-10-number-1-to-20-clear-chest-cover-gold-teeth-257.html","wrong image","Telegrinnies Pinkgold teeth - DESIGNER TOY.jpeg","../images/Trampt/Telegrinnies Pinkgold teeth - DESIGNER TOY.jpeg","../images/Trampt/Telegrinnies%20(%20JPS%20Edition%20)%20secret%20A%2010%25%20%C3%A2%E2%82%AC%E2%80%9C%20number%201%20to%2020%20clear%20chest%20cover%20%2C%20gold%20teeth%20-%20DESIGNER%20TOY.jpeg","Updated","Updated first matching item image. Exact filename found.","D:\github-backups\ron-english-toys\update-toy-item-images-from-review-csv-v1-20260513-070107\items\telegrinnies-jps-edition-secret-a-10-number-1-to-20-clear-chest-cover-gold-teeth-257.html"
"Telegrinnies Pink ( JPS Edition ) Secret B 20% – number 21 to 60 clear chest cover","items/telegrinnies-pink-jps-edition-secret-b-20-number-21-to-60-clear-chest-cover-737.html","wrong image","Telegrinnies ( JPS Edition )21 to 60 clear chest cover - DESIGNER TOY.jpeg","../images/Trampt/Telegrinnies ( JPS Edition )21 to 60 clear chest cover - DESIGNER TOY.jpeg","../images/Trampt/Telegrinnies%20Pink%20(%20JPS%20Edition%20)%20Secret%20B%2020%25%20%C3%A2%E2%82%AC%E2%80%9C%20number%2021%20to%2060%20clear%20chest%20cover%20-%20DESIGNER%20TOY.jpeg","Updated","Updated first matching item image. Exact filename found.","D:\github-backups\ron-english-toys\update-toy-item-images-from-review-csv-v1-20260513-070107\items\telegrinnies-pink-jps-edition-secret-b-20-number-21-to-60-clear-chest-cover-737.html"
"Telegrinnies Pink ( JPS Edition ) Special Unpainted","items/telegrinnies-pink-jps-edition-special-unpainted-104.html","wrong image","Telegrinnies Pink ( JPS Edition ) Special Unpainted - DESIGNER TOY-2.jpeg","../images/Trampt/Telegrinnies Pink ( JPS Edition ) Special Unpainted - DESIGNER TOY-2.jpeg","../images/Trampt/Telegrinnies%20Pink%20(%20JPS%20Edition%20)%20Special%20Unpainted%20-%20DESIGNER%20TOY.jpeg","Updated","Updated first matching item image. Exact filename found.","D:\github-backups\ron-english-toys\update-toy-item-images-from-review-csv-v1-20260513-070107\items\telegrinnies-pink-jps-edition-special-unpainted-104.html"
"The New Nativity","items/the-new-nativity-248.html","wrong image","The New Nativity - DESIGNER TOY-2.jpeg","../images/Trampt/The New Nativity - DESIGNER TOY-2.jpeg","../images/Trampt/The%20New%20Nativity%20-%20DESIGNER%20TOY.jpeg","Updated","Updated first matching item image. Exact filename found.","D:\github-backups\ron-english-toys\update-toy-item-images-from-review-csv-v1-20260513-070107\items\the-new-nativity-248.html"
"Tie-Dyed Fluorescent Punk Skunch","items/tie-dyed-fluorescent-punk-skunch-746.html","wrong image","Tie-Dyed Fluorescent Punk Skunch - DESIGNER TOY-3.jpeg","../images/Trampt/Tie-Dyed Fluorescent Punk Skunch - DESIGNER TOY-3.jpeg","../images/Trampt/Tie-Dyed%20Fluorescent%20Punk%20Skunch%20-%20DESIGNER%20TOY.jpeg","Updated","Updated first matching item image. Exact filename found.","D:\github-backups\ron-english-toys\update-toy-item-images-from-review-csv-v1-20260513-070107\items\tie-dyed-fluorescent-punk-skunch-746.html"
"Trick or Treat Punk Skunk","items/trick-or-treat-punk-skunk-1056.html","wrong image","Trick or Treat Punk Skunk - DESIGNER TOY-3.jpeg","../images/Trampt/Trick or Treat Punk Skunk - DESIGNER TOY-3.jpeg","../images/Trampt/Trick%20or%20Treat%20Punk%20Skunk%20-%20DESIGNER%20TOY.jpeg","Updated","Updated first matching item image. Exact filename found.","D:\github-backups\ron-english-toys\update-toy-item-images-from-review-csv-v1-20260513-070107\items\trick-or-treat-punk-skunk-1056.html"
"Valentine’s Edition : Peace, Love and Understanding","items/valentine-s-edition-peace-love-and-understanding-211.html","wrong image","Valentine Edition Peace, Love and Understanding - DESIGNER TOY-3.jpeg","../images/Trampt/Valentine Edition Peace, Love and Understanding - DESIGNER TOY-3.jpeg","../images/Trampt/Valentine%C3%A2%E2%82%AC%E2%84%A2s%20Edition%20Peace%2C%20Love%20and%20Understanding%20-%20DESIGNER%20TOY.jpeg","Updated","Updated first matching item image. Exact filename found.","D:\github-backups\ron-english-toys\update-toy-item-images-from-review-csv-v1-20260513-070107\items\valentine-s-edition-peace-love-and-understanding-211.html"
"Yellow & Pink Lady Lips (NTWRK Exclusive)","items/yellow-pink-lady-lips-ntwrk-exclusive-438.html","wrong image","Yellow & Pink Lady Lips (NTWRK Exclusive) - DESIGNER TOY-2.jpeg","../images/Trampt/Yellow & Pink Lady Lips (NTWRK Exclusive) - DESIGNER TOY-2.jpeg","../images/Trampt/Yellow%20%26%20Pink%20Lady%20Lips%20(NTWRK%20Exclusive)%20-%20DESIGNER%20TOY.jpeg","Updated","Updated first matching item image. Exact filename found.","D:\github-backups\ron-english-toys\update-toy-item-images-from-review-csv-v1-20260513-070107\items\yellow-pink-lady-lips-ntwrk-exclusive-438.html"
"Grinnin' Gaylord","items/grinnin-gaylord-244.html","wrong image","Grinnin' Gaylord - DESIGNER TOY-2.jpeg","../images/Trampt/Grinnin' Gaylord - DESIGNER TOY-2.jpeg","../images/Trampt/Grinnin'%20Gaylord%20-%20DESIGNER%20TOY.jpeg","Updated","Updated first matching item image. Exact filename found.","D:\github-backups\ron-english-toys\update-toy-item-images-from-review-csv-v1-20260513-070107\items\grinnin-gaylord-244.html"
"Valentine Dinogrenade (Pink POPaganda Exclusive)","items/valentine-dinogrenade-pink-popaganda-exclusive-928.html","wrong image","Valentine Dinogrenade (Pink POPaganda Exclusive) - DESIGNER TOY-2.jpeg","../images/Trampt/Valentine Dinogrenade (Pink POPaganda Exclusive) - DESIGNER TOY-2.jpeg","../images/Trampt/Valentine%20Dinogrenade%20(Pink%20POPaganda%20Exclusive)%20-%20DESIGNER%20TOY.jpeg","Updated","Updated first matching item image. Exact filename found.","D:\github-backups\ron-english-toys\update-toy-item-images-from-review-csv-v1-20260513-070107\items\valentine-dinogrenade-pink-popaganda-exclusive-928.html"
"Blue Grin Rabbbit x Tower Records","items/blue-grin-rabbbit-x-tower-records-75.html","wrong image","Blue Grin Rabbbit x Tower Records - DESIGNER TOY-2.jpeg","../images/Trampt/Blue Grin Rabbbit x Tower Records - DESIGNER TOY-2.jpeg","../images/Trampt/Blue%20Grin%20Rabbbit%20x%20Tower%20Records%20-%20DESIGNER%20TOY.jpeg","Updated","Updated first matching item image. Exact filename found.","D:\github-backups\ron-english-toys\update-toy-item-images-from-review-csv-v1-20260513-070107\items\blue-grin-rabbbit-x-tower-records-75.html"
"Pink Melty Ronnnie Rabbbit","items/pink-melty-ronnnie-rabbbit-996.html","wrong image","Pink Melty Ronnnie Rabbbit - DESIGNER TOY-2.jpeg","../images/Trampt/Pink Melty Ronnnie Rabbbit - DESIGNER TOY-2.jpeg","../images/Trampt/Pink%20Melty%20Ronnnie%20Rabbbit%20-%20DESIGNER%20TOY.jpeg","Updated","Updated first matching item image. Exact filename found.","D:\github-backups\ron-english-toys\update-toy-item-images-from-review-csv-v1-20260513-070107\items\pink-melty-ronnnie-rabbbit-996.html"
"Rabbbit Frozen Culture","items/rabbbit-frozen-culture-235.html","wrong image","Rabbbit Frozen Culture - DESIGNER TOY-2.jpeg","../images/Trampt/Rabbbit Frozen Culture - DESIGNER TOY-2.jpeg","../images/Trampt/Rabbbit%20Frozen%20Culture%20-%20DESIGNER%20TOY.jpeg","Updated","Updated first matching item image. Exact filename found.","D:\github-backups\ron-english-toys\update-toy-item-images-from-review-csv-v1-20260513-070107\items\rabbbit-frozen-culture-235.html"
"Ronnnie Rabbbit (SDCC '19)","items/ronnnie-rabbbit-sdcc-19-246.html","wrong image","Ronnie Rabbbit - DESIGNER TOY-2.jpeg","../images/Trampt/Ronnie Rabbbit - DESIGNER TOY-2.jpeg","../images/Trampt/Ronnnie%20Rabbbit%20(SDCC%20'19)%20-%20DESIGNER%20TOY.jpeg","Updated","Updated first matching item image. Exact filename found.","D:\github-backups\ron-english-toys\update-toy-item-images-from-review-csv-v1-20260513-070107\items\ronnnie-rabbbit-sdcc-19-246.html"
"48"" Pink Temper Tot","items/48-pink-temper-tot-967.html","","48 Pink Temper Tot - Custom Toy - Trampt item 967.jpg","../images/Trampt/48 Pink Temper Tot - Custom Toy - Trampt item 967.jpg","../images/Trampt/48 Pink Temper Tot - Custom Toy - Trampt item 967.jpg","No change","Page already uses this image path. Exact filename found.",""
"Clear Glitter Temper Tot","items/clear-glitter-temper-tot-665.html","wrong image","Clear Glitter Temper Tot - DESIGNER TOY-2.jpeg","../images/Trampt/Clear Glitter Temper Tot - DESIGNER TOY-2.jpeg","../images/Trampt/Clear%20Glitter%20Temper%20Tot%20-%20DESIGNER%20TOY.jpeg","Updated","Updated first matching item image. Exact filename found.","D:\github-backups\ron-english-toys\update-toy-item-images-from-review-csv-v1-20260513-070107\items\clear-glitter-temper-tot-665.html"
"Temper Tot","items/temper-tot-1070.html","wrong image","Temper Tot - DESIGNER TOY-2.jpeg","../images/Trampt/Temper Tot - DESIGNER TOY-2.jpeg","../images/Trampt/Temper%20Tot%20-%20DESIGNER%20TOY.jpeg","Updated","Updated first matching item image. Exact filename found.","D:\github-backups\ron-english-toys\update-toy-item-images-from-review-csv-v1-20260513-070107\items\temper-tot-1070.html"
"Temper Tot - GID","items/temper-tot-gid-801.html","wrong image","Temper Tot - GID.webp","../images/Trampt/Temper Tot - GID.webp","../images/Trampt/Temper%20Tot%20-%20GID%20-%20DESIGNER%20TOY.jpeg","Updated","Updated first matching item image. Exact filename found.","D:\github-backups\ron-english-toys\update-toy-item-images-from-review-csv-v1-20260513-070107\items\temper-tot-gid-801.html"
"Heart Skull - Metallic Purple","items/heart-skull-metallic-purple-1000.html","wrong image","Heart Skull - Metallic Purple.webp","../images/Trampt/Heart Skull - Metallic Purple.webp","../images/Trampt/Heart%20Skull%20-%20Metallic%20Purple%20-%20DESIGNER%20TOY.jpeg","Updated","Updated first matching item image. Exact filename found.","D:\github-backups\ron-english-toys\update-toy-item-images-from-review-csv-v1-20260513-070107\items\heart-skull-metallic-purple-1000.html"
"Heart Skull - Transparent Green & Purple","items/heart-skull-transparent-green-purple-1003.html","","Heart Skull - Transparent Green & Purple.webp","../images/Trampt/Heart Skull - Transparent Green & Purple.webp","","Updated","Updated first matching item image. Exact filename found.","D:\github-backups\ron-english-toys\update-toy-item-images-from-review-csv-v1-20260513-070107\items\heart-skull-transparent-green-purple-1003.html"
"Little Bigfoot - Green","items/little-bigfoot-green-130.html","","Little Bigfoot - Green - Custom Toy - Trampt item 130.jpg","../images/Trampt/Little Bigfoot - Green - Custom Toy - Trampt item 130.jpg","../images/Trampt/Little%20Bigfoot%20-%20Green%20-%20Custom%20Toy%20-%20Trampt%20item%20130.jpg","Updated","Updated first matching item image. Exact filename found.","D:\github-backups\ron-english-toys\update-toy-item-images-from-review-csv-v1-20260513-070107\items\little-bigfoot-green-130.html"
"SuperFink","items/superfink-964.html","wrong image","SuperFink.webp","../images/Trampt/SuperFink.webp","","Updated","Updated first matching item image. Exact filename found.","D:\github-backups\ron-english-toys\update-toy-item-images-from-review-csv-v1-20260513-070107\items\superfink-964.html"
